player,team,team_country,position,age,birth_year,club,games,games_starts,minutes,minutes_90s,goals,assists,goals_assists,goals_pens,pens_made,pens_att,cards_yellow,cards_red,goals_per90,assists_per90,goals_assists_per90,goals_pens_per90,goals_assists_pens_per90,shots,shots_on_target,shots_on_target_pct,shots_per90,shots_on_target_per90,goals_per_shot,goals_per_shot_on_target,minutes_per_game,minutes_pct,minutes_per_start,games_complete,games_subs,minutes_per_sub,unused_subs,points_per_game,on_goals_for,on_goals_against,plus_minus,plus_minus_per90,plus_minus_wowy,cards_yellow_red,fouls,fouled,offsides,crosses,interceptions,tackles_won,pens_won,pens_conceded,own_goals,gk_games,gk_games_starts,gk_minutes,gk_goals_against,gk_goals_against_per90,gk_shots_on_target_against,gk_saves,gk_save_pct,gk_wins,gk_ties,gk_losses,gk_clean_sheets,gk_clean_sheets_pct,gk_pens_att,gk_pens_allowed,gk_pens_saved,gk_pens_missed,gk_pens_save_pct
Achref Abada,Algeria,Algeria,DF,26,1999,,0,0,,,,,,,,,,,,,,,,,,,,,,,,,,0,0,,4,,,,,,,,,,,,,,,,,,,,,,,,,,,,,,,,,,
Adil Boulbina,Algeria,Algeria,FW,23,2003,,2,0,19,0.2,0,0,0,0,0,0,0,0,0,0,0,0,0,0,0,,0,0,,,10,5.3,,0,2,10,2,0,0,0,0,0,1.06,0,0,0,1,0,0,0,,,0,,,,,,,,,,,,,,,,,,
Amine Gouiri,Algeria,Algeria,FW,26,2000,Marseille,4,3,251,2.8,1,0,1,1,0,0,0,0,0.36,0,0.36,0.36,0.36,3,2,66.7,1.08,0.72,0.33,0.5,63,69.7,73,0,1,33,0,1,4,5,-1,-0.36,2.12,0,1,1,0,1,0,1,,,0,,,,,,,,,,,,,,,,,,
Anis Hadj Moussa,Algeria,Algeria,MF,24,2002,Feyenoord,3,1,98,1.1,0,0,0,0,0,0,0,0,0,0,0,0,0,2,0,0,1.84,0,0,,33,27.2,63,0,2,18,1,1,1,2,-1,-0.92,0.11,0,0,2,0,5,1,0,,,0,,,,,,,,,,,,,,,,,,
A?ssa Mandi,Algeria,Algeria,DF,34,1991,Lille,4,4,360,4,0,0,0,0,0,0,0,0,0,0,0,0,0,0,0,,0,0,,,90,100,90,4,0,,0,1,5,9,-4,-1,,0,0,5,0,0,4,3,,,0,,,,,,,,,,,,,,,,,,
Fares Cha?bi,Algeria,Algeria,MF,23,2002,Frankfurt,4,4,360,4,0,0,0,0,0,0,1,0,0,0,0,0,0,9,3,33.3,2.25,0.75,0,0,90,100,90,4,0,,0,1,5,9,-4,-1,,0,3,2,1,6,3,5,,,0,,,,,,,,,,,,,,,,,,
Far?s Ghedjemis,Algeria,Algeria,"FW,MF",23,2002,Frosinone,1,0,1,0,0,0,0,0,0,0,0,0,0,0,0,0,0,0,0,,0,0,,,1,0.3,,0,1,1,3,1,0,1,-1,-90,-89.25,0,0,0,0,0,0,0,,,0,,,,,,,,,,,,,,,,,,
Hicham Boudaoui,Algeria,Algeria,MF,26,1999,Nice,3,2,128,1.4,0,0,0,0,0,0,1,0,0,0,0,0,0,0,0,,0,0,,,43,35.6,54,0,1,20,1,1,0,3,-3,-2.11,-1.72,0,4,1,0,1,2,1,,,0,,,,,,,,,,,,,,,,,,
Houssem Aouar,Algeria,Algeria,MF,27,1998,Al-Ittihad,3,2,173,1.9,0,2,2,0,0,0,0,0,0,1.04,1.04,0,1.04,3,1,33.3,1.56,0.52,0,0,58,48.1,73,0,1,27,1,0.33,2,5,-3,-1.56,-1.08,0,1,2,0,0,0,1,,,0,,,,,,,,,,,,,,,,,,
Ibrahim Maza,Algeria,Algeria,"MF,FW",20,2005,Leverkusen,4,4,351,3.9,0,0,0,0,0,0,0,0,0,0,0,0,0,11,3,27.3,2.82,0.77,0,0,88,97.5,88,3,0,,0,1,5,9,-4,-1.03,-1.03,0,1,5,0,1,0,2,,,0,,,,,,,,,,,,,,,,,,
Jaouen Hadjam,Algeria,Algeria,DF,23,2003,Young Boys,3,1,109,1.2,0,0,0,0,0,0,0,0,0,0,0,0,0,1,0,0,0.83,0,0,,36,30.3,70,0,2,20,1,1.33,2,2,0,0,1.43,0,0,0,0,1,1,1,,,0,,,,,,,,,,,,,,,,,,
Luca Zidane,Algeria,Algeria,GK,28,1998,Granada,3,3,270,3,0,0,0,0,0,0,0,0,0,0,0,0,0,0,0,,0,0,,,90,75,90,3,0,,1,1,2,6,-4,-1.33,-1.33,0,0,0,0,0,0,0,,,0,3,3,270,6,2,14,8,57.1,1,0,2,0,0,0,0,0,0,
Melvin Mastil,Algeria,Algeria,GK,26,2000,,0,0,,,,,,,,,,,,,,,,,,,,,,,,,,0,0,,4,,,,,,,,,,,,,,,,,,,,,,,,,,,,,,,,,,
Mohamed Amine Tougai,Algeria,Algeria,DF,26,2000,,0,0,,,,,,,,,,,,,,,,,,,,,,,,,,0,0,,4,,,,,,,,,,,,,,,,,,,,,,,,,,,,,,,,,,
Mohamed Amoura,Algeria,Algeria,"FW,MF",26,2000,Wolfsburg,1,0,27,0.3,0,0,0,0,0,0,0,0,0,0,0,0,0,0,0,,0,0,,,27,7.5,,0,1,27,0,0,0,1,-1,-3.33,-2.52,0,1,0,0,0,0,0,,,0,,,,,,,,,,,,,,,,,,
Nabil Bentaleb,Algeria,Algeria,MF,31,1994,Lille,4,3,285,3.2,0,0,0,0,0,0,0,0,0,0,0,0,0,1,0,0,0.32,0,0,,71,79.2,80,1,1,45,0,1,5,8,-3,-0.95,0.25,0,2,3,0,3,3,4,,,0,,,,,,,,,,,,,,,,,,
Nadhir Benbouali,Algeria,Algeria,FW,26,2000,Gy?r,1,0,45,0.5,1,0,1,1,0,0,0,0,2,0,2,2,2,2,2,100,4,4,0.5,0.5,45,12.5,,0,1,45,2,3,2,0,2,4,5.71,0,0,0,0,0,0,1,,,0,,,,,,,,,,,,,,,,,,
Oussama Benbot,Algeria,Algeria,GK,31,1994,,1,1,90,1,0,0,0,0,0,0,0,0,0,0,0,0,0,0,0,,0,0,,,90,25,90,1,0,,3,1,3,3,0,0,1.33,0,0,1,0,0,0,0,,,0,1,1,90,3,3,3,0,0,0,1,0,0,0,0,0,0,0,
Rafik Belghali,Algeria,Algeria,DF,24,2002,Hellas Verona,4,4,331,3.7,1,0,1,1,0,0,0,0,0.27,0,0.27,0.27,0.27,3,1,33.3,0.82,0.27,0.33,1,83,91.9,83,2,0,,0,1,4,8,-4,-1.09,-1.09,0,4,2,0,4,1,3,,,0,,,,,,,,,,,,,,,,,,
Ramiz Zerrouki,Algeria,Algeria,MF,28,1998,Twente,3,2,111,1.2,0,0,0,0,0,0,1,0,0,0,0,0,0,0,0,,0,0,,,37,30.8,51,0,1,9,1,1,0,3,-3,-2.43,-2.07,0,4,0,0,0,2,1,,,0,,,,,,,,,,,,,,,,,,
Ramy Bensebaini,Algeria,Algeria,DF,31,1995,Dortmund,4,4,360,4,0,0,0,0,0,0,0,0,0,0,0,0,0,2,0,0,0.5,0,0,,90,100,90,4,0,,0,1,5,9,-4,-1,,0,1,5,0,0,7,6,,,0,,,,,,,,,,,,,,,,,,
Rayan A?t-Nouri,Algeria,Algeria,DF,25,2001,Manchester City,4,3,284,3.2,0,0,0,0,0,0,0,0,0,0,0,0,0,1,0,0,0.32,0,0,,71,78.9,88,2,1,20,0,1,3,7,-4,-1.27,-1.27,0,6,4,0,8,5,13,,,0,,,,,,,,,,,,,,,,,,
Riyad Mahrez,Algeria,Algeria,MF,35,1991,Al-Ahli,4,3,262,2.9,2,1,3,2,0,0,0,0,0.69,0.34,1.03,0.69,1.03,6,3,50,2.06,1.03,0.33,0.67,66,72.8,78,1,1,27,0,1,4,7,-3,-1.03,-0.11,0,1,7,1,10,1,2,,,0,,,,,,,,,,,,,,,,,,
Samir Chergui,Algeria,Algeria,DF,27,1999,Paris FC,1,0,20,0.2,0,0,0,0,0,0,0,0,0,0,0,0,0,0,0,,0,0,,,20,5.6,,0,1,20,3,1,1,1,0,0,1.06,0,0,0,0,0,0,0,,,0,,,,,,,,,,,,,,,,,,
Yassine Titraoui,Algeria,Algeria,MF,22,2003,,0,0,,,,,,,,,,,,,,,,,,,,,,,,,,0,0,,4,,,,,,,,,,,,,,,,,,,,,,,,,,,,,,,,,,
Zineddine Bela?d,Algeria,Algeria,DF,27,1999,,2,0,25,0.3,0,0,0,0,0,0,0,0,0,0,0,0,0,0,0,,0,0,,,13,6.9,,0,2,13,2,2,1,1,0,0,1.07,0,0,0,1,0,0,0,,,0,,,,,,,,,,,,,,,,,,
Alexis Mac Allister,Argentina,Argentina,MF,27,1998,Liverpool,8,7,750,8.3,1,1,2,1,0,0,1,0,0.12,0.12,0.24,0.12,0.24,13,4,30.8,1.56,0.48,0.08,0.25,94,92.6,103,7,1,30,0,2.63,17,7,10,1.2,-0.3,0,9,12,0,2,9,12,,,0,,,,,,,,,,,,,,,,,,
Cristian Romero,Argentina,Argentina,DF,28,1998,Tottenham,7,7,608,6.8,1,0,1,1,0,0,2,0,0.15,0,0.15,0.15,0.15,3,1,33.3,0.44,0.15,0.33,1,87,75.1,87,2,0,,1,2.57,12,6,6,0.89,-1.34,0,9,3,0,0,11,10,,,0,,,,,,,,,,,,,,,,,,
Emiliano Mart?nez,Argentina,Argentina,GK,33,1992,Aston Villa,8,8,810,9,0,0,0,0,0,0,0,0,0,0,0,0,0,0,0,,0,0,,,101,100,101,8,0,,0,2.63,19,8,11,1.22,,0,0,1,0,0,0,0,,,0,8,8,810,8,0.89,28,20,71.4,7,0,1,2,25,0,0,0,0,
Enzo Fern?ndez,Argentina,Argentina,MF,25,2001,Chelsea,7,7,659,7.3,2,0,2,2,0,0,2,1,0.27,0,0.27,0.27,0.27,12,4,33.3,1.64,0.55,0.17,0.5,94,81.4,94,5,0,,1,2.57,14,6,8,1.09,-0.7,1,12,6,1,5,6,7,,,0,,,,,,,,,,,,,,,,,,
Exequiel Palacios,Argentina,Argentina,DF,27,1998,Leverkusen,1,1,90,1,0,0,0,0,0,0,0,0,0,0,0,0,0,0,0,,0,0,,,90,11.1,90,1,0,,7,3,3,1,2,2,0.87,0,1,1,0,0,5,0,,,0,,,,,,,,,,,,,,,,,,
Facundo Medina,Argentina,Argentina,DF,27,1999,Marseille,5,3,308,3.4,0,1,1,0,0,0,1,0,0,0.29,0.29,0,0.29,0,0,,0,0,,,62,38,85,1,2,26,3,2.4,5,2,3,0.88,-0.56,0,3,2,1,1,2,7,,,0,,,,,,,,,,,,,,,,,,
Flaco L?pez,Argentina,Argentina,FW,25,2000,Palmeiras,2,0,20,0.2,0,1,1,0,0,0,1,0,0,4.5,4.5,0,4.5,1,0,0,4.5,0,0,,10,2.5,,0,2,10,6,3,2,0,2,9,7.97,0,1,0,0,0,0,1,,,0,,,,,,,,,,,,,,,,,,
Ger?nimo Rulli,Argentina,Argentina,GK,34,1992,,0,0,,,,,,,,,,,,,,,,,,,,,,,,,,0,0,,8,,,,,,,,,,,,,,,,,,,,,,,,,,,,,,,,,,
Giovani Lo Celso,Argentina,Argentina,MF,30,1996,Real Betis,1,1,59,0.7,1,0,1,1,0,0,0,0,1.53,0,1.53,1.53,1.53,1,1,100,1.53,1.53,1,1,59,7.3,59,0,0,,7,3,2,1,1,1.53,0.33,0,1,1,1,1,1,0,,,0,,,,,,,,,,,,,,,,,,
Giuliano Simeone,Argentina,Argentina,FW,23,2002,Atl?tico Madrid,3,2,192,2.1,0,0,0,0,0,0,0,0,0,0,0,0,0,1,0,0,0.47,0,0,,64,23.7,71,0,1,51,5,2,2,3,-1,-0.47,-2.22,0,9,1,1,2,1,3,,,0,,,,,,,,,,,,,,,,,,
Gonzalo Montiel,Argentina,Argentina,DF,29,1997,River Plate,6,2,192,2.1,0,1,1,0,0,0,1,0,0,0.47,0.47,0,0.47,1,0,0,0.47,0,0,,32,23.7,51,0,4,23,2,2.5,9,0,9,4.22,3.93,0,4,2,0,4,3,3,,,0,,,,,,,,,,,,,,,,,,
Juan Musso,Argentina,Argentina,GK,32,1994,,0,0,,,,,,,,,,,,,,,,,,,,,,,,,,0,0,,8,,,,,,,,,,,,,,,,,,,,,,,,,,,,,,,,,,
Juli?n ?lvarez,Argentina,Argentina,FW,26,2000,Atl?tico Madrid,8,5,602,6.7,1,0,1,1,0,0,0,0,0.15,0,0.15,0.15,0.15,11,5,45.5,1.64,0.75,0.09,0.2,75,74.3,96,2,3,40,0,2.63,15,6,9,1.35,0.48,0,11,4,2,2,3,4,,,0,,,,,,,,,,,,,,,,,,
Lautaro Mart?nez,Argentina,Argentina,FW,28,1997,Inter,7,4,310,3.4,3,1,4,2,1,1,1,0,0.87,0.29,1.16,0.58,0.87,10,4,40,2.9,1.16,0.2,0.5,44,38.3,60,0,3,24,1,3,12,3,9,2.61,2.25,0,8,5,2,1,1,1,,,0,,,,,,,,,,,,,,,,,,
Leandro Paredes,Argentina,Argentina,MF,31,1994,Boca Juniors,7,4,473,5.3,0,0,0,0,0,0,2,0,0,0,0,0,0,4,1,25,0.76,0.19,0,0,68,58.4,88,2,3,40,1,2.57,10,7,3,0.57,-1.57,0,9,3,0,2,5,6,,,0,,,,,,,,,,,,,,,,,,
Lionel Messi,Argentina,Argentina,FW,38,1987,Inter Miami,8,7,740,8.2,8,4,12,8,0,2,0,0,0.97,0.49,1.46,0.97,1.46,35,18,51.4,4.26,2.19,0.23,0.44,93,91.4,101,6,1,31,0,2.63,17,7,10,1.22,-0.07,0,3,20,5,54,0,10,,,0,,,,,,,,,,,,,,,,,,
Lisandro Mart?nez,Argentina,Argentina,DF,28,1998,Manchester Utd,7,7,624,6.9,1,1,2,1,0,0,2,0,0.14,0.14,0.29,0.14,0.29,4,2,50,0.58,0.29,0.25,0.5,89,77,89,5,0,,1,2.57,14,6,8,1.15,-0.3,0,7,4,0,2,6,7,,,0,,,,,,,,,,,,,,,,,,
Marcos Senesi,Argentina,Argentina,DF,29,1997,Bournemouth,2,1,109,1.2,0,0,0,0,0,0,0,0,0,0,0,0,0,1,0,0,0.83,0,0,,55,13.5,90,1,1,19,6,1.5,3,2,1,0.83,-0.46,0,0,3,0,0,2,0,,,0,,,,,,,,,,,,,,,,,,
Nahuel Molina,Argentina,Argentina,DF,28,1998,Atl?tico Madrid,7,5,528,5.9,0,0,0,0,0,0,0,0,0,0,0,0,0,1,0,0,0.17,0,0,,75,65.2,84,1,2,54,1,2.57,7,7,0,0,-3.51,0,3,0,1,5,8,3,,,0,,,,,,,,,,,,,,,,,,
Nicol?s Gonz?lez,Argentina,Argentina,MF,28,1998,Atl?tico Madrid,7,1,259,2.9,0,1,1,0,0,0,0,0,0,0.35,0.35,0,0.35,7,1,14.3,2.43,0.35,0,0,37,32,45,0,6,36,1,2.57,12,2,10,3.47,3.31,0,4,3,2,6,1,3,,,0,,,,,,,,,,,,,,,,,,
Nicol?s Otamendi,Argentina,Argentina,DF,38,1988,Benfica,7,1,247,2.7,0,0,0,0,0,0,0,0,0,0,0,0,0,1,0,0,0.36,0,0,,35,30.5,90,1,6,26,1,2.57,8,2,6,2.19,1.39,0,4,4,1,0,6,2,,,0,,,,,,,,,,,,,,,,,,
Nicol?s Paz,Argentina,Argentina,MF,21,2004,Como,2,1,71,0.8,0,0,0,0,0,0,0,0,0,0,0,0,0,1,0,0,1.27,0,0,,36,8.8,60,0,1,11,6,3,2,1,1,1.27,0.05,0,2,1,0,0,0,2,,,0,,,,,,,,,,,,,,,,,,
Nicol?s Tagliafico,Argentina,Argentina,DF,33,1992,Lyon,7,5,476,5.3,0,0,0,0,0,0,0,0,0,0,0,0,0,0,0,,0,0,,,68,58.8,86,2,2,22,1,2.57,7,6,1,0.19,-2.51,0,9,16,2,2,6,4,,,0,,,,,,,,,,,,,,,,,,
Rodrigo De Paul,Argentina,Argentina,MF,32,1994,Inter Miami,7,6,491,5.5,0,1,1,0,0,0,1,0,0,0.18,0.18,0,0.18,2,1,50,0.37,0.18,0,0,70,60.6,79,1,1,19,1,2.57,8,3,5,0.92,-0.78,0,2,5,1,14,6,4,,,0,,,,,,,,,,,,,,,,,,
Thiago Almada,Argentina,Argentina,MF,25,2001,Atl?tico Madrid,5,3,241,2.7,0,0,0,0,0,0,1,0,0,0,0,0,0,5,2,40,1.87,0.75,0,0,48,29.8,60,0,2,31,3,3,6,1,5,1.87,0.92,0,2,2,2,1,0,4,,,0,,,,,,,,,,,,,,,,,,
Valent?n Barco,Argentina,Argentina,"DF,MF",21,2004,Strasbourg,1,0,20,0.2,0,0,0,0,0,0,0,0,0,0,0,0,0,0,0,,0,0,,,20,2.5,,0,1,20,7,3,1,0,1,4.5,3.36,0,0,1,0,0,0,0,,,0,,,,,,,,,,,,,,,,,,
Aiden O'Neill,Australia,Australia,MF,27,1998,NYCFC,4,4,360,4,0,0,0,0,0,0,0,0,0,0,0,0,0,2,0,0,0.5,0,0,,90,92.3,90,3,0,,0,1.25,3,3,0,0,0,0,2,8,0,10,2,2,,,0,,,,,,,,,,,,,,,,,,
Ajdin Hrustic,Australia,Australia,MF,29,1996,Heracles Almelo,2,0,80,0.9,0,0,0,0,0,0,0,0,0,0,0,0,0,3,0,0,3.38,0,0,,40,20.5,,0,2,40,2,1,0,0,0,0,0,0,1,0,0,5,0,0,,,0,,,,,,,,,,,,,,,,,,
Alessandro Circati,Australia,Australia,DF,22,2003,Parma,4,4,390,4.3,0,0,0,0,0,0,1,0,0,0,0,0,0,3,0,0,0.69,0,0,,98,100,98,4,0,,0,1.25,3,3,0,0,,0,5,4,0,2,2,7,,,0,,,,,,,,,,,,,,,,,,
Awer Mabil,Australia,Australia,"FW,MF",30,1995,Castell?n,1,0,30,0.3,0,0,0,0,0,0,0,0,0,0,0,0,0,1,0,0,3,0,0,,30,7.7,,0,1,30,3,1,0,0,0,0,0,0,0,1,0,1,0,0,,,0,,,,,,,,,,,,,,,,,,
Aziz Behich,Australia,Australia,MF,35,1990,Melb City,3,2,217,2.4,0,0,0,0,0,0,0,0,0,0,0,0,0,1,1,100,0.41,0.41,0,0,72,55.6,105,2,1,7,1,1.67,1,1,0,0,0,0,1,4,0,6,1,4,,,0,,,,,,,,,,,,,,,,,,
Cameron Burgess,Australia,Australia,DF,30,1995,Swansea City,2,2,135,1.5,0,0,0,0,0,0,0,0,0,0,0,0,0,0,0,,0,0,,,68,34.6,68,1,0,,2,1.5,2,2,0,0,0,0,0,0,0,0,1,1,,,1,,,,,,,,,,,,,,,,,,
Cammy Devlin,Australia,Australia,MF,28,1998,,0,0,,,,,,,,,,,,,,,,,,,,,,,,,,0,0,,4,,,,,,,,,,,,,,,,,,,,,,,,,,,,,,,,,,
Connor Metcalfe,Australia,Australia,MF,26,1999,St Pauli,4,3,315,3.5,1,0,1,1,0,0,0,0,0.29,0,0.29,0.29,0.29,5,2,40,1.43,0.57,0.2,0.5,79,80.8,90,2,1,45,0,1.25,3,1,2,0.57,2.97,0,1,0,0,8,2,5,,,0,,,,,,,,,,,,,,,,,,
Cristian Volpato,Australia,Australia,MF,22,2003,Sassuolo,3,2,160,1.8,0,0,0,0,0,0,0,0,0,0,0,0,0,4,1,25,2.25,0.56,0,0,53,41,65,0,1,30,1,0.67,1,1,0,0,0,0,1,2,0,11,0,1,,,0,,,,,,,,,,,,,,,,,,
Harry Souttar,Australia,Australia,DF,27,1998,Leicester City,4,4,390,4.3,0,0,0,0,0,0,1,0,0,0,0,0,0,1,1,100,0.23,0.23,0,0,98,100,98,4,0,,0,1.25,3,3,0,0,,0,8,1,0,0,4,0,,,0,,,,,,,,,,,,,,,,,,
Jackson Irvine,Australia,Australia,MF,33,1993,St Pauli,4,2,223,2.5,0,0,0,0,0,0,1,0,0,0,0,0,0,3,1,33.3,1.21,0.4,0,0,56,57.2,102,1,2,10,0,1.25,1,1,0,0,0,0,3,3,0,2,1,1,,,0,,,,,,,,,,,,,,,,,,
Jacob Italiano,Australia,Australia,DF,24,2001,Grazer AK,2,2,163,1.8,0,0,0,0,0,0,1,0,0,0,0,0,0,1,0,0,0.55,0,0,,82,41.8,82,1,0,,0,1.5,1,2,-1,-0.55,-0.95,0,0,0,0,8,1,2,,,0,,,,,,,,,,,,,,,,,,
Jason Geria,Australia,Australia,DF,33,1993,Albirex Niigata,2,0,62,0.7,0,0,0,0,0,0,0,0,0,0,0,0,0,0,0,,0,0,,,31,15.9,,0,2,31,2,1.5,1,0,1,1.45,1.73,0,2,0,0,1,2,1,,,0,,,,,,,,,,,,,,,,,,
Jordy Bos,Australia,Australia,"MF,DF",23,2002,Feyenoord,4,4,308,3.4,0,0,0,0,0,0,1,0,0,0,0,0,0,5,2,40,1.46,0.58,0,0,77,79,77,2,0,,0,1.25,2,3,-1,-0.29,-1.39,0,4,4,0,8,3,3,,,0,,,,,,,,,,,,,,,,,,
Kai Trewin,Australia,Australia,"DF,MF",25,2001,NYCFC,1,0,75,0.8,0,0,0,0,0,0,0,0,0,0,0,0,0,1,0,0,1.2,0,0,,75,19.2,,0,1,75,3,1,1,0,1,1.2,1.49,0,0,1,0,2,2,0,,,0,,,,,,,,,,,,,,,,,,
Lucas Herrington,Australia,Australia,DF,18,2007,Colorado Rapids,2,2,210,2.3,0,0,0,0,0,0,0,0,0,0,0,0,0,0,0,,0,0,,,105,53.8,105,2,0,,2,1,1,1,0,0,0,0,2,0,0,0,2,1,,,0,,,,,,,,,,,,,,,,,,
Mathew Leckie,Australia,Australia,MF,35,1991,Melb City,1,1,60,0.7,0,0,0,0,0,0,0,0,0,0,0,0,0,1,0,0,1.5,0,0,,60,15.4,60,0,0,,1,0,0,2,-2,-3,-3.55,0,1,1,0,1,0,0,,,0,,,,,,,,,,,,,,,,,,
Mathew Ryan,Australia,Australia,GK,34,1992,Levante,1,0,2,0,0,0,0,0,0,0,0,0,0,0,0,0,0,0,0,,0,0,,,2,0.5,,0,1,2,3,1,0,0,0,0,0,0,0,0,0,0,0,0,,,0,1,0,2,0,0,0,0,,0,0,0,0,,0,0,0,0,
Milo? Degenek,Australia,Australia,"DF,MF",32,1994,,0,0,,,,,,,,,,,,,,,,,,,,,,,,,,0,0,,4,,,,,,,,,,,,,,,,,,,,,,,,,,,,,,,,,,
Mo Tour?,Australia,Australia,FW,22,2004,Norwich City,3,2,165,1.8,0,0,0,0,0,0,0,0,0,0,0,0,0,4,1,25,2.18,0.55,0,0,55,42.3,59,0,1,47,1,1.33,1,2,-1,-0.55,-0.95,0,4,2,1,1,0,1,,,0,,,,,,,,,,,,,,,,,,
Nestory Irankunda,Australia,Australia,"FW,MF",20,2006,Watford,4,3,261,2.9,1,0,1,1,0,0,0,0,0.34,0,0.34,0.34,0.34,6,2,33.3,2.07,0.69,0.17,0.5,65,66.9,72,0,1,45,0,1.25,2,1,1,0.34,1.04,0,4,5,0,1,1,0,,,0,,,,,,,,,,,,,,,,,,
Nishan Velupillay,Australia,Australia,MF,25,2001,Melb. Victory,2,1,75,0.8,0,0,0,0,0,0,0,0,0,0,0,0,0,0,0,,0,0,,,38,19.2,45,0,1,30,2,1.5,1,2,-1,-1.2,-1.49,0,1,0,0,0,0,1,,,0,,,,,,,,,,,,,,,,,,
Patrick Beach,Australia,Australia,GK,22,2003,Melb City,4,4,388,4.3,0,0,0,0,0,0,0,0,0,0,0,0,0,0,0,,0,0,,,97,99.5,97,3,0,,0,1.25,3,3,0,0,0,0,0,0,0,0,0,0,,,0,4,4,388,3,0.7,17,14,82.4,1,2,1,2,50,0,0,0,0,
Paul Izzo,Australia,Australia,GK,31,1995,,0,0,,,,,,,,,,,,,,,,,,,,,,,,,,0,0,,4,,,,,,,,,,,,,,,,,,,,,,,,,,,,,,,,,,
Paul Okon-Engstler,Australia,Australia,MF,21,2005,Sydney FC,4,2,197,2.2,0,1,1,0,0,0,0,0,0,0.46,0.46,0,0.46,0,0,,0,0,,,49,50.5,80,0,2,19,0,1.25,2,2,0,0,0,0,3,2,0,2,5,2,,,0,,,,,,,,,,,,,,,,,,
Tete Yengi,Australia,Australia,FW,25,2000,Machida Zelvia,2,0,24,0.3,0,0,0,0,0,0,0,0,0,0,0,0,0,1,1,100,3.75,3.75,0,0,12,6.2,,0,2,12,2,2,1,0,1,3.75,4,0,3,0,0,1,0,2,,,0,,,,,,,,,,,,,,,,,,
Alessandro Sch?pf,Austria,Austria,MF,32,1994,,0,0,,,,,,,,,,,,,,,,,,,,,,,,,,0,0,,4,,,,,,,,,,,,,,,,,,,,,,,,,,,,,,,,,,
Alexander Prass,Austria,Austria,"DF,MF",25,2001,Hoffenheim,2,0,29,0.3,0,0,0,0,0,0,0,0,0,0,0,0,0,0,0,,0,0,,,15,8.1,,0,2,15,2,0,0,2,-2,-6.21,-5.93,0,0,0,0,3,0,0,,,0,,,,,,,,,,,,,,,,,,
Alexander Schlager,Austria,Austria,GK,30,1996,RB Salzburg,4,4,360,4,0,0,0,0,0,0,0,0,0,0,0,0,0,0,0,,0,0,,,90,100,90,4,0,,0,1,6,9,-3,-0.75,,0,0,1,0,0,0,0,,,0,4,4,360,9,2.25,22,13,59.1,1,1,2,0,0,1,0,0,1,
Carney Chukwuemeka,Austria,Austria,MF,22,2003,Dortmund,3,0,83,0.9,0,0,0,0,0,0,0,0,0,0,0,0,0,2,1,50,2.17,1.08,0,0,28,23.1,,0,3,28,1,1,2,3,-1,-1.08,-0.43,0,2,2,0,0,0,0,,,0,,,,,,,,,,,,,,,,,,
David Affengruber,Austria,Austria,DF,25,2001,,0,0,,,,,,,,,,,,,,,,,,,,,,,,,,0,0,,4,,,,,,,,,,,,,,,,,,,,,,,,,,,,,,,,,,
David Alaba,Austria,Austria,DF,33,1992,Real Madrid,4,4,275,3.1,0,1,1,0,0,0,0,0,0,0.33,0.33,0,0.33,2,0,0,0.65,0,0,,69,76.4,69,1,0,,0,1,3,7,-4,-1.31,-2.37,0,2,0,0,1,4,1,,,0,,,,,,,,,,,,,,,,,,
Dejan Ljubi?i?,Austria,Austria,MF,28,1997,,0,0,,,,,,,,,,,,,,,,,,,,,,,,,,0,0,,4,,,,,,,,,,,,,,,,,,,,,,,,,,,,,,,,,,
Florian Grillitsch,Austria,Austria,"DF,MF",30,1995,Braga,2,0,90,1,0,0,0,0,0,0,0,0,0,0,0,0,0,0,0,,0,0,,,45,25,,0,2,45,2,0.5,2,4,-2,-2,-1.67,0,3,1,0,1,0,1,,,0,,,,,,,,,,,,,,,,,,
Florian Wiegele,Austria,Austria,GK,25,2001,,0,0,,,,,,,,,,,,,,,,,,,,,,,,,,0,0,,4,,,,,,,,,,,,,,,,,,,,,,,,,,,,,,,,,,
Kevin Danso,Austria,Austria,DF,27,1998,Tottenham,4,2,241,2.7,0,0,0,0,0,0,0,0,0,0,0,0,0,1,0,0,0.37,0,0,,60,66.9,90,2,2,31,0,1,3,6,-3,-1.12,-1.12,0,1,2,0,1,0,1,,,0,,,,,,,,,,,,,,,,,,
Konrad Laimer,Austria,Austria,"MF,DF",29,1997,Bayern Munich,4,4,360,4,0,1,1,0,0,0,1,0,0,0.25,0.25,0,0.25,1,0,0,0.25,0,0,,90,100,90,4,0,,0,1,6,9,-3,-0.75,,0,6,3,3,4,2,6,,,0,,,,,,,,,,,,,,,,,,
Marcel Sabitzer,Austria,Austria,MF,32,1994,Dortmund,4,4,360,4,1,0,1,1,0,0,1,0,0.25,0,0.25,0.25,0.25,5,2,40,1.25,0.5,0.2,0.5,90,100,90,4,0,,0,1,6,9,-3,-0.75,,0,2,3,1,31,6,2,,,0,,,,,,,,,,,,,,,,,,
Marco Friedl,Austria,Austria,DF,28,1998,Werder Bremen,1,0,24,0.3,0,0,0,0,0,0,0,0,0,0,0,0,0,0,0,,0,0,,,24,6.7,,0,1,24,3,0,0,1,-1,-3.75,-3.21,0,0,0,0,0,0,0,,,0,,,,,,,,,,,,,,,,,,
Marko Arnautovi?,Austria,Austria,FW,37,1989,Red Star,4,1,144,1.6,2,0,2,1,1,1,1,0,1.25,0,1.25,0.62,0.62,3,3,100,1.87,1.87,0.33,0.33,36,40,45,0,3,33,0,1,3,5,-2,-1.25,-0.83,0,3,1,5,0,0,0,,,0,,,,,,,,,,,,,,,,,,
Michael Gregoritsch,Austria,Austria,FW,32,1994,Augsburg,3,2,188,2.1,0,1,1,0,0,0,0,0,0,0.48,0.48,0,0.48,1,0,0,0.48,0,0,,63,52.2,72,0,1,45,1,0.33,2,4,-2,-0.96,-0.43,0,1,1,2,0,0,0,,,0,,,,,,,,,,,,,,,,,,
Michael Svoboda,Austria,Austria,DF,27,1998,,0,0,,,,,,,,,,,,,,,,,,,,,,,,,,0,0,,4,,,,,,,,,,,,,,,,,,,,,,,,,,,,,,,,,,
Nicolas Seiwald,Austria,Austria,MF,25,2001,RB Leipzig,4,4,315,3.5,0,0,0,0,0,0,0,0,0,0,0,0,0,3,0,0,0.86,0,0,,79,87.5,79,3,0,,0,1,6,7,-1,-0.29,3.71,0,1,1,0,3,4,5,,,0,,,,,,,,,,,,,,,,,,
Patrick Pentz,Austria,Austria,GK,29,1997,,0,0,,,,,,,,,,,,,,,,,,,,,,,,,,0,0,,4,,,,,,,,,,,,,,,,,,,,,,,,,,,,,,,,,,
Patrick Wimmer,Austria,Austria,"FW,MF",25,2001,Wolfsburg,2,0,21,0.2,0,0,0,0,0,0,0,0,0,0,0,0,0,1,0,0,4.29,0,0,,11,5.8,,0,2,11,2,1.5,1,1,0,0,0.8,0,3,1,0,0,2,0,,,0,,,,,,,,,,,,,,,,,,
Paul Wanner,Austria,Austria,MF,20,2005,PSV,4,2,234,2.6,0,0,0,0,0,0,0,0,0,0,0,0,0,1,0,0,0.38,0,0,,59,65,79,1,2,39,0,1,4,6,-2,-0.77,-0.05,0,4,2,0,1,2,1,,,0,,,,,,,,,,,,,,,,,,
Philipp Lienhart,Austria,Austria,DF,29,1996,Freiburg,2,2,180,2,0,0,0,0,0,0,0,0,0,0,0,0,0,1,0,0,0.5,0,0,,90,50,90,2,0,,2,2,6,4,2,1,3.5,0,0,0,0,0,1,1,,,0,,,,,,,,,,,,,,,,,,
Phillipp Mwene,Austria,Austria,DF,32,1994,Mainz 05,2,2,147,1.6,0,0,0,0,0,0,0,0,0,0,0,0,0,1,0,0,0.61,0,0,,74,40.8,74,0,0,,2,2,3,3,0,0,1.27,0,1,1,0,6,3,0,,,0,,,,,,,,,,,,,,,,,,
Romano Schmid,Austria,Austria,"MF,FW",26,2000,Werder Bremen,4,4,263,2.9,1,0,1,1,0,0,0,0,0.34,0,0.34,0.34,0.34,2,1,50,0.68,0.34,0.5,1,66,73.1,66,0,0,,0,1,3,4,-1,-0.34,1.51,0,3,4,0,3,0,4,,,0,,,,,,,,,,,,,,,,,,
Sa?a Kalajd?i?,Austria,Austria,FW,28,1997,LASK,3,1,77,0.9,1,0,1,1,0,0,0,0,1.17,0,1.17,1.17,1.17,4,1,25,4.68,1.17,0.25,1,26,21.4,45,0,2,16,1,1.33,2,2,0,0,0.95,0,2,2,0,1,0,0,,,0,,,,,,,,,,,,,,,,,,
Stefan Posch,Austria,Austria,DF,29,1997,Mainz 05,4,4,331,3.7,0,0,0,0,0,0,2,0,0,0,0,0,0,3,0,0,0.82,0,0,,83,91.9,83,2,0,,0,1,6,7,-1,-0.27,5.93,0,7,3,0,3,10,4,,,0,,,,,,,,,,,,,,,,,,
Xaver Schlager,Austria,Austria,MF,28,1997,RB Leipzig,4,4,238,2.6,0,1,1,0,0,0,0,0,0,0.38,0.38,0,0.38,1,0,0,0.38,0,0,,60,66.1,60,1,0,,0,1,2,5,-3,-1.13,-1.13,0,6,0,0,1,7,3,,,0,,,,,,,,,,,,,,,,,,
Alexis Saelemaekers,Belgium,Belgium,MF,26,1999,Milan,4,1,83,0.9,1,0,1,1,0,0,0,0,1.08,0,1.08,1.08,1.08,4,1,25,4.34,1.08,0.25,1,21,14.6,57,0,3,9,2,1.75,3,2,1,1.08,-0.02,0,0,2,2,1,0,2,,,0,,,,,,,,,,,,,,,,,,
Amadou Onana,Belgium,Belgium,MF,24,2001,Aston Villa,4,2,106,1.2,0,0,0,0,0,0,0,0,0,0,0,0,0,2,0,0,1.7,0,0,,27,18.6,38,0,2,16,1,2.5,4,2,2,1.7,0.73,0,1,3,0,0,2,2,,,0,,,,,,,,,,,,,,,,,,
Arthur Theate,Belgium,Belgium,DF,26,2000,Frankfurt,3,2,228,2.5,0,0,0,0,0,0,0,0,0,0,0,0,0,5,1,20,1.97,0.39,0,0,76,40,105,2,1,18,3,2.33,8,3,5,1.97,1.45,0,1,0,0,0,3,0,,,0,,,,,,,,,,,,,,,,,,
Axel Witsel,Belgium,Belgium,"DF,MF",37,1989,Girona,2,0,33,0.4,0,0,0,0,0,0,1,0,0,0,0,0,0,0,0,,0,0,,,17,5.8,,0,2,17,4,1.5,1,1,0,0,-1.17,0,2,1,0,0,0,0,,,0,,,,,,,,,,,,,,,,,,
Brandon Mechele,Belgium,Belgium,DF,33,1993,Club Brugge,6,6,570,6.3,0,0,0,0,0,0,1,0,0,0,0,0,0,5,1,20,0.79,0.16,0,0,95,100,95,6,0,,0,1.83,14,7,7,1.11,,0,9,2,0,0,4,4,,,0,,,,,,,,,,,,,,,,,,
Charles De Ketelaere,Belgium,Belgium,"FW,MF",25,2001,Atalanta,5,5,350,3.9,3,1,4,3,0,0,0,0,0.77,0.26,1.03,0.77,1.03,6,5,83.3,1.54,1.29,0.5,0.6,70,61.4,70,1,0,,1,2,8,6,2,0.51,-1.53,0,2,3,2,3,5,4,,,0,,,,,,,,,,,,,,,,,,
Diego Moreira,Belgium,Belgium,MF,21,2004,Strasbourg,1,0,58,0.6,0,0,0,0,0,0,0,0,0,0,0,0,0,0,0,,0,0,,,58,10.2,,0,1,58,5,3,3,0,3,4.66,3.95,0,2,1,1,5,1,1,,,0,,,,,,,,,,,,,,,,,,
Dodi Lukebakio,Belgium,Belgium,MF,28,1997,Benfica,3,1,164,1.8,0,0,0,0,0,0,0,0,0,0,0,0,0,7,1,14.3,3.84,0.55,0,0,55,28.8,66,0,2,49,3,2.33,6,1,5,2.74,2.3,0,1,2,0,6,0,1,,,0,,,,,,,,,,,,,,,,,,
Hans Vanaken,Belgium,Belgium,MF,33,1992,Club Brugge,6,3,319,3.5,1,2,3,1,0,0,0,0,0.28,0.56,0.85,0.28,0.85,5,1,20,1.41,0.28,0.2,1,53,56,70,1,3,36,0,1.83,9,5,4,1.13,0.05,0,0,6,0,2,1,1,,,0,,,,,,,,,,,,,,,,,,
Jeremy Doku,Belgium,Belgium,MF,24,2002,Manchester City,5,4,309,3.4,0,0,0,0,0,0,0,0,0,0,0,0,0,3,1,33.3,0.87,0.29,0,0,62,54.2,71,1,1,24,0,2,5,5,0,0,-2.41,0,4,18,0,6,3,1,,,0,,,,,,,,,,,,,,,,,,
Joaquin Seys,Belgium,Belgium,DF,21,2005,Club Brugge,1,0,30,0.3,0,0,0,0,0,0,0,0,0,0,0,0,0,0,0,,0,0,,,30,5.3,,0,1,30,5,0,0,1,-1,-3,-4.33,0,0,0,0,0,0,1,,,0,,,,,,,,,,,,,,,,,,
Kevin De Bruyne,Belgium,Belgium,MF,34,1991,Napoli,5,5,382,4.2,1,0,1,1,0,0,1,0,0.24,0,0.24,0.24,0.24,20,5,25,4.71,1.18,0.05,0.2,76,67,76,0,0,,1,1.6,5,4,1,0.24,-2.64,0,2,4,0,21,0,2,,,0,,,,,,,,,,,,,,,,,,
Koni De Winter,Belgium,Belgium,DF,24,2002,,0,0,,,,,,,,,,,,,,,,,,,,,,,,,,0,0,,6,,,,,,,,,,,,,,,,,,,,,,,,,,,,,,,,,,
Leandro Trossard,Belgium,Belgium,"MF,FW",31,1994,Arsenal,6,6,506,5.6,2,2,4,2,0,0,0,0,0.36,0.36,0.71,0.36,0.71,17,3,17.6,3.02,0.53,0.12,0.67,84,88.8,84,2,0,,0,1.83,10,5,5,0.89,-1.92,0,4,8,1,7,4,1,,,0,,,,,,,,,,,,,,,,,,
Matias Fernandez-Pardo,Belgium,Belgium,"FW,MF",21,2005,Lille,3,0,44,0.5,0,0,0,0,0,0,0,0,0,0,0,0,0,3,0,0,6.14,0,0,,15,7.7,,0,3,15,3,1.67,3,1,2,4.09,3.24,0,0,0,0,2,0,1,,,0,,,,,,,,,,,,,,,,,,
Maxim De Cuyper,Belgium,Belgium,DF,25,2000,Brighton,6,5,442,4.9,0,0,0,0,0,0,1,0,0,0,0,0,0,10,6,60,2.04,1.22,0,0,74,77.5,81,3,1,35,0,1.83,11,5,6,1.22,0.52,0,7,2,0,12,6,2,,,0,,,,,,,,,,,,,,,,,,
Mike Penders,Belgium,Belgium,GK,20,2005,,0,0,,,,,,,,,,,,,,,,,,,,,,,,,,0,0,,6,,,,,,,,,,,,,,,,,,,,,,,,,,,,,,,,,,
Nathan Ngoy,Belgium,Belgium,DF,23,2003,Lille,4,4,335,3.7,0,0,0,0,0,0,0,1,0,0,0,0,0,1,0,0,0.27,0,0,,84,58.8,84,3,0,,1,1.25,6,4,2,0.54,-1.38,0,6,1,0,0,7,4,,,0,,,,,,,,,,,,,,,,,,
Nicolas Raskin,Belgium,Belgium,MF,25,2001,Rangers,6,3,341,3.8,0,2,2,0,0,0,0,0,0,0.53,0.53,0,0.53,2,1,50,0.53,0.26,0,0,57,59.8,78,1,3,35,0,1.83,10,3,7,1.85,1.85,0,12,3,0,7,2,5,,,0,,,,,,,,,,,,,,,,,,
Romelu Lukaku,Belgium,Belgium,FW,33,1993,Napoli,6,1,233,2.6,3,1,4,3,0,0,1,0,1.16,0.39,1.55,1.16,1.55,6,3,50,2.32,1.16,0.5,1,39,40.9,72,0,5,32,0,1.83,6,2,4,1.55,0.74,0,2,0,1,0,0,0,,,0,,,,,,,,,,,,,,,,,,
Senne Lammens,Belgium,Belgium,GK,23,2002,Manchester Utd,1,0,20,0.2,0,0,0,0,0,0,0,0,0,0,0,0,0,0,0,,0,0,,,20,3.5,,0,1,20,5,0,0,1,-1,-4.5,-5.81,0,0,0,0,0,0,0,,,0,1,0,20,1,4.5,3,2,66.7,0,0,0,0,,0,0,0,0,
Thibaut Courtois,Belgium,Belgium,GK,34,1992,Real Madrid,6,6,550,6.1,0,0,0,0,0,0,0,0,0,0,0,0,0,0,0,,0,0,,,92,96.5,92,5,0,,0,1.83,14,6,8,1.31,5.81,0,0,0,0,0,0,0,,,0,6,6,550,6,0.98,20,14,70,3,2,1,1,16.7,0,0,0,0,
Thomas Meunier,Belgium,Belgium,DF,34,1991,Lille,3,2,190,2.1,0,1,1,0,0,0,0,0,0,0.47,0.47,0,0.47,2,1,50,0.95,0.47,0,0,63,33.3,74,1,1,43,3,1.67,4,1,3,1.42,0.47,0,9,0,0,7,2,2,,,0,,,,,,,,,,,,,,,,,,
Timothy Castagne,Belgium,Belgium,DF,30,1995,Fulham,6,5,478,5.3,0,1,1,0,0,0,1,0,0,0.19,0.19,0,0.19,3,1,33.3,0.56,0.19,0,0,80,83.9,89,4,1,33,0,1.83,13,7,6,1.13,0.15,0,7,2,0,20,8,7,,,0,,,,,,,,,,,,,,,,,,
Youri Tielemans,Belgium,Belgium,MF,29,1997,Aston Villa,5,5,474,5.3,2,0,2,1,1,1,0,0,0.38,0,0.38,0.19,0.19,11,3,27.3,2.09,0.57,0.09,0.33,95,83.2,95,4,0,,0,2.2,11,5,6,1.14,0.2,0,7,10,1,15,2,6,,,0,,,,,,,,,,,,,,,,,,
Zeno Debast,Belgium,Belgium,DF,22,2003,,0,0,,,,,,,,,,,,,,,,,,,,,,,,,,0,0,,1,,,,,,,,,,,,,,,,,,,,,,,,,,,,,,,,,,
Amar Dedi?,Bosnia??Herz,Bosnia and Herzegovina,DF,23,2002,Benfica,3,3,270,3,0,0,0,0,0,0,1,0,0,0,0,0,0,2,1,50,0.67,0.33,0,0,90,75,90,3,0,,1,0.33,2,7,-5,-1.67,-3.67,0,6,3,0,0,1,7,,,0,,,,,,,,,,,,,,,,,,
Amar Memi?,Bosnia??Herz,Bosnia and Herzegovina,MF,25,2001,Viktoria Plze?,4,2,224,2.5,0,0,0,0,0,0,0,0,0,0,0,0,0,3,1,33.3,1.21,0.4,0,0,56,62.2,82,1,2,31,0,1,3,5,-2,-0.8,-0.14,0,4,3,0,5,2,2,,,0,,,,,,,,,,,,,,,,,,
Amir Had?iahmetovi?,Bosnia??Herz,Bosnia and Herzegovina,MF,29,1997,Hull City,1,0,6,0.1,0,0,0,0,0,0,0,0,0,0,0,0,0,0,0,,0,0,,,6,1.7,,0,1,6,3,0,1,2,-1,-15,-14.49,0,0,0,0,1,0,0,,,0,,,,,,,,,,,,,,,,,,
Arjan Malic,Bosnia??Herz,Bosnia and Herzegovina,DF,20,2005,Sturm Graz,1,1,45,0.5,0,0,0,0,0,0,0,0,0,0,0,0,0,0,0,,0,0,,,45,12.5,45,0,0,,3,3,2,1,1,2,3.14,0,1,1,0,2,0,0,,,0,,,,,,,,,,,,,,,,,,
Armin Gigovic,Bosnia??Herz,Bosnia and Herzegovina,MF,24,2002,Young Boys,2,1,79,0.9,0,0,0,0,0,0,0,0,0,0,0,0,0,0,0,,0,0,,,40,21.9,50,0,1,29,2,0.5,0,2,-2,-2.28,-1.96,0,0,2,0,0,2,1,,,0,,,,,,,,,,,,,,,,,,
Benjamin Tahirovic,Bosnia??Herz,Bosnia and Herzegovina,MF,23,2003,Br©ªndby,4,2,237,2.6,0,0,0,0,0,0,0,0,0,0,0,0,0,1,0,0,0.38,0,0,,59,65.8,76,1,2,43,0,1,2,2,0,0,2.2,0,3,2,0,2,4,4,,,0,,,,,,,,,,,,,,,,,,
Dennis Had?ikaduni?,Bosnia??Herz,Bosnia and Herzegovina,DF,27,1998,Sampdoria,1,0,27,0.3,0,1,1,0,0,0,0,0,0,3.33,3.33,0,3.33,0,0,,0,0,,,27,7.5,,0,1,27,3,3,1,0,1,3.33,4.41,0,1,0,0,0,0,2,,,0,,,,,,,,,,,,,,,,,,
D?enis Burni?,Bosnia??Herz,Bosnia and Herzegovina,MF,28,1998,Karlsruher,2,0,16,0.2,0,0,0,0,0,0,0,0,0,0,0,0,0,1,0,0,5.63,0,0,,8,4.4,,0,2,8,2,2,0,0,0,0,0.78,0,0,0,0,0,0,0,,,0,,,,,,,,,,,,,,,,,,
Edin D?eko,Bosnia??Herz,Bosnia and Herzegovina,FW,40,1986,Schalke 04,3,3,176,2,0,0,0,0,0,0,1,0,0,0,0,0,0,3,0,0,1.53,0,0,,59,48.9,59,0,0,,1,1,2,2,0,0,1.47,0,1,2,0,0,1,0,,,0,,,,,,,,,,,,,,,,,,
Ermedin Demirovi?,Bosnia??Herz,Bosnia and Herzegovina,FW,28,1998,Stuttgart,4,4,354,3.9,0,0,0,0,0,0,1,0,0,0,0,0,0,4,4,100,1.02,1.02,0,0,89,98.3,89,3,0,,0,1,4,6,-2,-0.51,14.49,0,11,3,1,0,1,1,,,0,,,,,,,,,,,,,,,,,,
Ermin Mahmi?,Bosnia??Herz,Bosnia and Herzegovina,MF,21,2005,Slovan Liberec,3,0,68,0.8,2,0,2,2,0,0,1,0,2.65,0,2.65,2.65,2.65,4,2,50,5.29,2.65,0.5,1,23,18.9,,0,3,23,1,1,2,2,0,0,0.92,0,1,1,0,1,0,1,,,0,,,,,,,,,,,,,,,,,,
Esmir Bajraktarevic,Bosnia??Herz,Bosnia and Herzegovina,MF,21,2005,PSV,4,2,230,2.6,0,0,0,0,0,0,0,0,0,0,0,0,0,3,2,66.7,1.17,0.78,0,0,58,63.9,82,1,2,34,0,1,5,6,-1,-0.39,0.99,0,1,2,0,8,3,0,,,0,,,,,,,,,,,,,,,,,,
Haris Tabakovi?,Bosnia??Herz,Bosnia and Herzegovina,FW,31,1994,Schalke 04,1,0,16,0.2,0,0,0,0,0,0,0,0,0,0,0,0,0,0,0,,0,0,,,16,4.4,,0,1,16,3,0,0,1,-1,-5.63,-5.1,0,0,0,0,0,0,0,,,0,,,,,,,,,,,,,,,,,,
Ivan Ba?i?,Bosnia??Herz,Bosnia and Herzegovina,MF,24,2002,,3,2,179,2,0,1,1,0,0,0,0,0,0,0.5,0.5,0,0.5,4,0,0,2.01,0,0,,60,49.7,76,1,1,28,1,1.33,5,5,0,0,1.49,0,2,3,0,12,3,1,,,0,,,,,,,,,,,,,,,,,,
Ivan ?unji?,Bosnia??Herz,Bosnia and Herzegovina,MF,29,1996,,4,3,196,2.2,0,0,0,0,0,0,0,0,0,0,0,0,0,1,1,100,0.46,0.46,0,0,49,54.4,60,0,1,17,0,1,2,5,-3,-1.38,-1.38,0,7,0,0,1,0,3,,,0,,,,,,,,,,,,,,,,,,
Jovo Luki?,Bosnia??Herz,Bosnia and Herzegovina,FW,27,1998,Univ. Cluj,2,1,67,0.7,1,0,1,1,0,0,1,0,1.34,0,1.34,1.34,1.34,3,2,66.7,4.03,2.69,0.33,0.5,34,18.6,61,0,1,6,2,0.5,2,2,0,0,0.92,0,1,0,0,0,0,1,,,0,,,,,,,,,,,,,,,,,,
Kerim Alajbegovi?,Bosnia??Herz,Bosnia and Herzegovina,MF,18,2007,RB Salzburg,4,3,277,3.1,1,0,1,1,0,0,0,0,0.32,0,0.32,0.32,0.32,4,1,25,1.3,0.32,0.25,1,69,76.9,87,1,1,17,0,1,3,7,-4,-1.3,-2.38,0,4,6,1,15,2,0,,,0,,,,,,,,,,,,,,,,,,
Martin Zlomisli?,Bosnia??Herz,Bosnia and Herzegovina,GK,27,1998,,0,0,,,,,,,,,,,,,,,,,,,,,,,,,,0,0,,4,,,,,,,,,,,,,,,,,,,,,,,,,,,,,,,,,,
Mladen Jurkas,Bosnia??Herz,Bosnia and Herzegovina,GK,18,2007,,0,0,,,,,,,,,,,,,,,,,,,,,,,,,,0,0,,4,,,,,,,,,,,,,,,,,,,,,,,,,,,,,,,,,,
Nihad Mujaki?,Bosnia??Herz,Bosnia and Herzegovina,DF,28,1998,,0,0,,,,,,,,,,,,,,,,,,,,,,,,,,0,0,,4,,,,,,,,,,,,,,,,,,,,,,,,,,,,,,,,,,
Nikola Kati?,Bosnia??Herz,Bosnia and Herzegovina,DF,29,1996,Schalke 04,4,4,317,3.5,0,0,0,0,0,0,1,0,0,0,0,0,0,2,0,0,0.57,0,0,,79,88.1,79,2,0,,0,1,4,7,-3,-0.85,-0.85,0,4,0,0,0,5,6,,,0,,,,,,,,,,,,,,,,,,
Nikola Vasilj,Bosnia??Herz,Bosnia and Herzegovina,GK,30,1995,St Pauli,4,4,360,4,0,0,0,0,0,0,0,0,0,0,0,0,0,0,0,,0,0,,,90,100,90,4,0,,0,1,5,8,-3,-0.75,,0,0,0,0,0,0,0,,,0,4,4,360,8,2,14,6,42.9,1,1,2,0,0,1,1,0,0,0
Samed Ba?dar,Bosnia??Herz,Bosnia and Herzegovina,FW,22,2004,Gladbach,1,0,29,0.3,0,0,0,0,0,0,0,0,0,0,0,0,0,0,0,,0,0,,,29,8.1,,0,1,29,3,1,0,1,-1,-3.1,-2.56,0,1,1,0,0,0,0,,,0,,,,,,,,,,,,,,,,,,
Sead Kola?inac,Bosnia??Herz,Bosnia and Herzegovina,DF,32,1993,Atalanta,4,4,337,3.7,0,1,1,0,0,0,0,0,0,0.27,0.27,0,0.27,0,0,,0,0,,,84,93.6,84,2,0,,0,1,5,7,-2,-0.53,3.38,0,6,4,0,9,2,6,,,0,,,,,,,,,,,,,,,,,,
Stjepan Radelji?,Bosnia??Herz,Bosnia and Herzegovina,DF,28,1997,Rijeka,2,2,180,2,0,0,0,0,0,0,1,0,0,0,0,0,0,1,0,0,0.5,0,0,,90,50,90,2,0,,2,1.5,3,3,0,0,1.5,0,1,3,0,0,0,1,,,0,,,,,,,,,,,,,,,,,,
Tarik Muharemovic,Bosnia??Herz,Bosnia and Herzegovina,DF,23,2003,Sassuolo,3,3,259,2.9,0,0,0,0,0,0,0,1,0,0,0,0,0,1,0,0,0.35,0,0,,86,71.9,86,2,0,,0,0.33,1,4,-3,-1.04,-1.04,0,5,2,0,1,8,1,,,0,,,,,,,,,,,,,,,,,,
Alex Sandro,Brazil,Brazil,"DF,MF",35,1991,Flamengo,1,0,9,0.1,0,0,0,0,0,0,0,0,0,0,0,0,0,0,0,,0,0,,,9,2,,0,1,9,4,3,0,0,0,0,-1.22,0,1,0,0,0,0,0,,,0,,,,,,,,,,,,,,,,,,
Alisson,Brazil,Brazil,GK,33,1992,Liverpool,5,5,450,5,0,0,0,0,0,0,0,0,0,0,0,0,0,0,0,,0,0,,,90,100,90,5,0,,0,2,10,4,6,1.2,,0,0,0,0,0,0,0,,,0,5,5,450,4,0.8,18,14,77.8,3,1,1,2,40,0,0,0,0,
Bruno Guimar?es,Brazil,Brazil,MF,28,1997,Newcastle,5,5,416,4.6,0,4,4,0,0,1,0,0,0,0.87,0.87,0,0.87,8,2,25,1.73,0.43,0,0,83,92.4,83,1,0,,0,2,8,3,5,1.08,-1.57,0,4,7,0,16,2,6,,,0,,,,,,,,,,,,,,,,,,
Casemiro,Brazil,Brazil,MF,34,1992,Manchester Utd,5,5,379,4.2,1,0,1,1,0,0,2,0,0.24,0,0.24,0.24,0.24,4,2,50,0.95,0.47,0.25,0.5,76,84.2,76,2,0,,0,2,9,4,5,1.19,-0.08,0,6,6,0,5,6,5,,,0,,,,,,,,,,,,,,,,,,
Danilo,Brazil,Brazil,DF,34,1991,Flamengo,5,4,405,4.5,0,0,0,0,0,0,2,0,0,0,0,0,0,1,0,0,0.22,0,0,,81,90,90,4,1,45,0,2,9,3,6,1.33,1.33,0,7,1,1,10,7,2,,,0,,,,,,,,,,,,,,,,,,
Danilo Santos,Brazil,Brazil,MF,25,2001,Botafogo??RJ,4,0,46,0.5,0,0,0,0,0,0,0,0,0,0,0,0,0,2,1,50,3.91,1.96,0,0,12,10.2,,0,4,12,1,1.75,1,2,-1,-1.96,-3.52,0,0,0,0,0,1,2,,,0,,,,,,,,,,,,,,,,,,
Douglas Santos,Brazil,Brazil,DF,32,1994,Zenit,5,5,441,4.9,0,0,0,0,0,0,1,0,0,0,0,0,0,2,0,0,0.41,0,0,,88,98,88,4,0,,0,2,10,4,6,1.22,1.22,0,3,2,1,6,6,10,,,0,,,,,,,,,,,,,,,,,,
Ederson Moraes,Brazil,Brazil,GK,32,1993,,0,0,,,,,,,,,,,,,,,,,,,,,,,,,,0,0,,5,,,,,,,,,,,,,,,,,,,,,,,,,,,,,,,,,,
Endrick,Brazil,Brazil,FW,19,2006,Lyon,4,0,114,1.3,0,0,0,0,0,0,0,0,0,0,0,0,0,3,0,0,2.37,0,0,,29,25.3,,0,4,29,1,2.25,3,2,1,0.79,-0.55,0,1,1,1,0,1,1,,,0,,,,,,,,,,,,,,,,,,
Fabinho,Brazil,Brazil,"DF,MF",32,1993,Al-Ittihad,3,0,71,0.8,0,0,0,0,0,0,1,0,0,0,0,0,0,1,0,0,1.27,0,0,,24,15.8,,0,3,24,2,2.33,1,0,1,1.27,0.08,0,4,0,0,0,2,1,,,0,,,,,,,,,,,,,,,,,,
Gabriel Magalh?es,Brazil,Brazil,DF,28,1997,Arsenal,5,5,450,5,0,1,1,0,0,0,0,0,0,0.2,0.2,0,0.2,1,0,0,0.2,0,0,,90,100,90,5,0,,0,2,10,4,6,1.2,,0,1,3,0,3,4,2,,,0,,,,,,,,,,,,,,,,,,
Gabriel Martinelli,Brazil,Brazil,MF,24,2001,Arsenal,4,1,143,1.6,1,0,1,1,0,0,0,0,0.63,0,0.63,0.63,0.63,2,1,50,1.26,0.63,0.5,1,36,31.8,66,0,3,26,1,2.25,1,0,1,0.63,-0.84,0,4,3,0,2,2,0,,,0,,,,,,,,,,,,,,,,,,
Gleison Bremer,Brazil,Brazil,DF,29,1997,,0,0,,,,,,,,,,,,,,,,,,,,,,,,,,0,0,,5,,,,,,,,,,,,,,,,,,,,,,,,,,,,,,,,,,
Igor Thiago,Brazil,Brazil,FW,24,2001,Brentford,1,1,61,0.7,0,0,0,0,0,0,0,0,0,0,0,0,0,2,1,50,2.95,1.48,0,0,61,13.6,61,0,0,,4,1,1,1,0,0,-1.39,0,2,0,0,0,0,1,,,0,,,,,,,,,,,,,,,,,,
Lucas Paquet?,Brazil,Brazil,MF,28,1997,Flamengo,4,4,233,2.6,0,1,1,0,0,0,0,0,0,0.39,0.39,0,0.39,5,1,20,1.93,0.39,0,0,58,51.8,58,0,0,,0,2.5,7,2,5,1.93,1.52,0,3,6,0,5,5,4,,,0,,,,,,,,,,,,,,,,,,
Luiz Henrique,Brazil,Brazil,"FW,MF",25,2001,Zenit,1,0,29,0.3,0,0,0,0,0,0,0,0,0,0,0,0,0,0,0,,0,0,,,29,6.4,,0,1,29,4,1,0,0,0,0,-1.28,0,0,1,0,0,0,0,,,0,,,,,,,,,,,,,,,,,,
L?o Pereira,Brazil,Brazil,DF,30,1996,,0,0,,,,,,,,,,,,,,,,,,,,,,,,,,0,0,,5,,,,,,,,,,,,,,,,,,,,,,,,,,,,,,,,,,
Marquinhos,Brazil,Brazil,DF,32,1994,PSG,5,5,450,5,0,0,0,0,0,0,0,0,0,0,0,0,0,2,0,0,0.4,0,0,,90,100,90,5,0,,0,2,10,4,6,1.2,,0,0,2,1,1,3,2,,,0,,,,,,,,,,,,,,,,,,
Matheus Cunha,Brazil,Brazil,FW,27,1999,Manchester Utd,5,4,290,3.2,3,0,3,3,0,0,0,0,0.93,0,0.93,0.93,0.93,11,5,45.5,3.41,1.55,0.27,0.6,58,64.4,65,0,1,30,0,2,7,1,6,1.86,1.86,0,1,3,1,4,3,3,,,0,,,,,,,,,,,,,,,,,,
Neymar,Brazil,Brazil,"FW,MF",34,1992,Santos,2,0,39,0.4,1,0,1,0,1,1,1,0,2.31,0,2.31,0,0,3,2,66.7,6.92,4.62,0,0,20,8.7,,0,2,20,1,1.5,1,2,-1,-2.31,-3.84,0,1,1,0,7,0,0,,,0,,,,,,,,,,,,,,,,,,
Raphinha,Brazil,Brazil,"MF,FW",29,1996,Barcelona,2,2,129,1.4,0,0,0,0,0,0,0,0,0,0,0,0,0,3,2,66.7,2.09,1.4,0,0,65,28.7,65,1,0,,1,2,3,1,2,1.4,0.27,0,1,2,2,9,0,0,,,0,,,,,,,,,,,,,,,,,,
Rayan,Brazil,Brazil,"FW,MF",19,2006,Bournemouth,4,3,288,3.2,0,1,1,0,0,0,0,0,0,0.31,0.31,0,0.31,5,2,40,1.56,0.62,0,0,72,64,79,1,1,51,1,2.25,6,1,5,1.56,1.01,0,5,4,1,11,3,4,,,0,,,,,,,,,,,,,,,,,,
Roger Ibanez,Brazil,Brazil,DF,27,1998,Al-Ahli,1,1,45,0.5,0,0,0,0,0,0,1,0,0,0,0,0,0,0,0,,0,0,,,45,10,45,0,0,,4,1,1,1,0,0,-1.33,0,2,1,0,0,1,2,,,0,,,,,,,,,,,,,,,,,,
Vinicius J?nior,Brazil,Brazil,FW,25,2000,Real Madrid,5,5,440,4.9,4,1,5,4,0,0,0,0,0.82,0.2,1.02,0.82,1.02,17,11,64.7,3.48,2.25,0.24,0.36,88,97.8,88,4,0,,0,2,10,4,6,1.23,1.23,0,4,10,3,12,1,1,,,0,,,,,,,,,,,,,,,,,,
W?verton,Brazil,Brazil,GK,38,1987,,0,0,,,,,,,,,,,,,,,,,,,,,,,,,,0,0,,5,,,,,,,,,,,,,,,,,,,,,,,,,,,,,,,,,,
?derson Silva,Brazil,Brazil,MF,26,1999,Atalanta,2,0,22,0.2,0,0,0,0,0,0,0,0,0,0,0,0,0,2,0,0,8.18,0,0,,11,4.9,,0,2,11,3,1.5,1,1,0,0,-1.26,0,1,0,0,2,1,0,,,0,,,,,,,,,,,,,,,,,,
C.J. dos Santos,Cabo Verde,Cape Verde,GK,25,2000,,0,0,,,,,,,,,,,,,,,,,,,,,,,,,,0,0,,4,,,,,,,,,,,,,,,,,,,,,,,,,,,,,,,,,,
Dailon Livramento,Cabo Verde,Cape Verde,FW,25,2001,Casa Pia,3,2,174,1.9,0,0,0,0,0,0,0,0,0,0,0,0,0,1,0,0,0.52,0,0,,58,44.6,60,0,1,54,1,0.67,1,2,-1,-0.52,-0.52,0,1,1,2,2,0,0,,,0,,,,,,,,,,,,,,,,,,
Deroy Duarte,Cabo Verde,Cape Verde,MF,26,1999,Ludogorets,4,2,264,2.9,1,0,1,1,0,0,0,0,0.34,0,0.34,0.34,0.34,3,2,66.7,1.02,0.68,0.33,0.5,66,67.7,95,1,2,38,0,0.75,2,2,0,0,0.71,0,4,1,0,1,6,5,,,0,,,,,,,,,,,,,,,,,,
Diney,Cabo Verde,Cape Verde,DF,31,1995,,4,4,390,4.3,0,0,0,0,0,0,1,0,0,0,0,0,0,4,2,50,0.92,0.46,0,0,98,100,98,4,0,,0,0.75,4,5,-1,-0.23,,0,2,0,0,0,4,7,,,1,,,,,,,,,,,,,,,,,,
Garry Rodrigues,Cabo Verde,Cape Verde,MF,35,1990,,2,1,76,0.8,0,0,0,0,0,0,0,0,0,0,0,0,0,1,0,0,1.18,0,0,,38,19.5,57,0,1,19,2,1,1,2,-1,-1.18,-1.18,0,0,0,2,2,1,2,,,0,,,,,,,,,,,,,,,,,,
Gilson Benchimol,Cabo Verde,Cape Verde,FW,24,2001,Akron Tolyatti,2,1,78,0.9,0,0,0,0,0,0,0,0,0,0,0,0,0,0,0,,0,0,,,39,20,57,0,1,21,2,0.5,2,3,-1,-1.15,-1.15,0,0,1,0,0,0,0,,,0,,,,,,,,,,,,,,,,,,
H?lio Varela,Cabo Verde,Cape Verde,FW,24,2002,,3,0,104,1.2,1,0,1,1,0,0,0,0,0.87,0,0.87,0.87,0.87,3,1,33.3,2.6,0.87,0.33,1,35,26.7,,0,3,35,1,0.67,2,2,0,0,0.31,0,1,2,1,1,0,0,,,0,,,,,,,,,,,,,,,,,,
Jamiro Monteiro,Cabo Verde,Cape Verde,MF,32,1993,Zwolle,4,3,281,3.1,0,0,0,0,0,0,0,0,0,0,0,0,0,5,1,20,1.6,0.32,0,0,70,72.1,76,0,1,54,0,0.75,3,4,-1,-0.32,-0.32,0,4,2,0,7,4,4,,,0,,,,,,,,,,,,,,,,,,
Jovane Cabral,Cabo Verde,Cape Verde,FW,28,1998,Estrela,2,2,139,1.5,0,0,0,0,0,0,0,0,0,0,0,0,0,2,0,0,1.29,0,0,,70,35.6,70,0,0,,2,0.5,1,1,0,0,0.36,0,1,2,0,1,1,3,,,0,,,,,,,,,,,,,,,,,,
Jo?o Paulo Fernandes,Cabo Verde,Cape Verde,DF,28,1998,FCSB,2,1,105,1.2,0,0,0,0,0,0,0,0,0,0,0,0,0,2,0,0,1.71,0,0,,53,26.9,90,1,1,15,2,1,0,0,0,0,0.32,0,0,4,0,5,6,1,,,0,,,,,,,,,,,,,,,,,,
Kelvin Pires,Cabo Verde,Cape Verde,DF,26,2000,,0,0,,,,,,,,,,,,,,,,,,,,,,,,,,0,0,,4,,,,,,,,,,,,,,,,,,,,,,,,,,,,,,,,,,
Kevin Pina,Cabo Verde,Cape Verde,MF,29,1997,Krasnodar,4,4,349,3.9,1,0,1,1,0,0,1,0,0.26,0,0.26,0.26,0.26,5,1,20,1.29,0.26,0.2,1,87,89.5,87,2,0,,0,0.75,3,4,-1,-0.26,-0.26,0,5,3,0,2,3,7,,,0,,,,,,,,,,,,,,,,,,
Laros Duarte,Cabo Verde,Cape Verde,MF,29,1997,Pusk?s Akad.,4,2,166,1.8,0,0,0,0,0,0,0,0,0,0,0,0,0,3,3,100,1.63,1.63,0,0,42,42.6,63,0,2,20,0,0.75,1,1,0,0,0.4,0,0,2,0,2,2,1,,,0,,,,,,,,,,,,,,,,,,
Logan Costa,Cabo Verde,Cape Verde,DF,25,2001,,0,0,,,,,,,,,,,,,,,,,,,,,,,,,,0,0,,4,,,,,,,,,,,,,,,,,,,,,,,,,,,,,,,,,,
M?rcio Rosa,Cabo Verde,Cape Verde,GK,29,1997,,0,0,,,,,,,,,,,,,,,,,,,,,,,,,,0,0,,4,,,,,,,,,,,,,,,,,,,,,,,,,,,,,,,,,,
Nuno da Costa,Cabo Verde,Cape Verde,FW,35,1991,Ba?ak?ehir,4,1,159,1.8,0,0,0,0,0,0,0,0,0,0,0,0,0,1,0,0,0.57,0,0,,40,40.8,66,0,3,31,0,0.75,2,1,1,0.57,1.35,0,0,3,0,1,1,2,,,0,,,,,,,,,,,,,,,,,,
Pico,Cabo Verde,Cape Verde,DF,33,1992,Shamrock,4,4,390,4.3,0,0,0,0,0,0,0,0,0,0,0,0,0,2,0,0,0.46,0,0,,98,100,98,4,0,,0,0.75,4,5,-1,-0.23,,0,0,3,0,0,7,5,,,0,,,,,,,,,,,,,,,,,,
Ryan Mendes,Cabo Verde,Cape Verde,"FW,MF",36,1990,,4,4,330,3.7,0,1,1,0,0,0,0,0,0,0.27,0.27,0,0.27,6,0,0,1.64,0,0,,83,84.6,83,2,0,,0,0.75,3,3,0,0,1.5,0,1,2,2,3,5,2,,,0,,,,,,,,,,,,,,,,,,
Sidny Lopes Cabral,Cabo Verde,Cape Verde,DF,23,2002,Benfica,3,3,285,3.2,1,0,1,1,0,0,2,0,0.32,0,0.32,0.32,0.32,4,2,50,1.26,0.63,0.25,0.5,95,73.1,95,2,0,,0,0.67,4,5,-1,-0.32,-0.32,0,2,9,0,12,4,2,,,0,,,,,,,,,,,,,,,,,,
Steven Moreira,Cabo Verde,Cape Verde,DF,31,1994,Columbus Crew,4,3,301,3.3,0,0,0,0,0,0,0,0,0,0,0,0,0,2,0,0,0.6,0,0,,75,77.2,100,3,1,1,0,0.75,4,5,-1,-0.3,-0.3,0,0,2,0,4,2,3,,,0,,,,,,,,,,,,,,,,,,
Stopira,Cabo Verde,Cape Verde,DF,38,1988,,0,0,,,,,,,,,,,,,,,,,,,,,,,,,,0,0,,4,,,,,,,,,,,,,,,,,,,,,,,,,,,,,,,,,,
Telmo Arcanjo,Cabo Verde,Cape Verde,MF,24,2001,Vit. Guimar?es,2,1,57,0.6,0,0,0,0,0,0,0,0,0,0,0,0,0,0,0,,0,0,,,29,14.6,45,0,1,12,1,1,1,2,-1,-1.58,-1.58,0,0,1,0,1,0,0,,,0,,,,,,,,,,,,,,,,,,
Vozinha,Cabo Verde,Cape Verde,GK,40,1986,,4,4,390,4.3,0,0,0,0,0,0,0,0,0,0,0,0,0,0,0,,0,0,,,98,100,98,4,0,,0,0.75,4,5,-1,-0.23,,0,0,3,0,0,0,0,,,0,4,4,390,5,1.15,23,18,78.3,0,3,1,2,50,0,0,0,0,
Wagner Pina,Cabo Verde,Cape Verde,DF,23,2002,Trabzonspor,1,1,89,1,0,0,0,0,0,0,1,0,0,0,0,0,0,1,0,0,1.01,0,0,,89,22.8,89,0,0,,3,1,0,0,0,0,0.3,0,1,3,0,2,1,0,,,0,,,,,,,,,,,,,,,,,,
Willy Semedo,Cabo Verde,Cape Verde,FW,32,1994,,3,1,131,1.5,0,0,0,0,0,0,0,0,0,0,0,0,0,3,0,0,2.06,0,0,,44,33.6,60,0,2,36,1,0.67,1,2,-1,-0.69,-0.69,0,4,2,0,2,3,0,,,0,,,,,,,,,,,,,,,,,,
Yannick,Cabo Verde,Cape Verde,MF,30,1995,,2,0,32,0.4,0,1,1,0,0,0,0,0,0,2.81,2.81,0,2.81,1,0,0,2.81,0,0,,16,8.2,,0,2,16,2,0.5,1,1,0,0,0.25,0,1,1,0,2,2,1,,,0,,,,,,,,,,,,,,,,,,
Alfie Jones,Canada,Canada,"DF,MF",28,1997,,0,0,,,,,,,,,,,,,,,,,,,,,,,,,,0,0,,3,,,,,,,,,,,,,,,,,,,,,,,,,,,,,,,,,,
Ali Ahmed,Canada,Canada,MF,25,2000,Norwich City,4,3,234,2.6,0,0,0,0,0,0,0,0,0,0,0,0,0,2,1,50,0.77,0.38,0,0,59,52,68,0,1,30,1,1,5,3,2,0.77,0.35,0,1,5,0,13,3,2,,,0,,,,,,,,,,,,,,,,,,
Alistair Johnston,Canada,Canada,DF,27,1998,Celtic,5,5,450,5,0,0,0,0,0,0,1,0,0,0,0,0,0,5,2,40,1,0.4,0,0,90,100,90,5,0,,0,1.4,9,6,3,0.6,,0,5,4,0,19,6,2,,,0,,,,,,,,,,,,,,,,,,
Alphonso Davies,Canada,Canada,"DF,FW",25,2000,Bayern Munich,1,0,16,0.2,0,0,0,0,0,0,0,0,0,0,0,0,0,0,0,,0,0,,,16,3.6,,0,1,16,4,3,1,0,1,5.63,5.21,0,0,0,0,0,0,0,,,0,,,,,,,,,,,,,,,,,,
Cyle Larin,Canada,Canada,FW,31,1995,Mallorca,4,2,190,2.1,2,0,2,2,0,0,2,0,0.95,0,0.95,0.95,0.95,9,4,44.4,4.26,1.89,0.22,0.5,48,42.2,74,1,2,22,1,1,7,4,3,1.42,1.42,0,5,1,3,0,0,0,,,0,,,,,,,,,,,,,,,,,,
Dayne St. Clair,Canada,Canada,GK,29,1997,,0,0,,,,,,,,,,,,,,,,,,,,,,,,,,0,0,,5,,,,,,,,,,,,,,,,,,,,,,,,,,,,,,,,,,
Derek Cornelius,Canada,Canada,DF,28,1997,Marseille,4,4,315,3.5,0,0,0,0,0,0,1,0,0,0,0,0,0,5,1,20,1.43,0.29,0,0,79,70,79,3,0,,1,1.75,6,3,3,0.86,0.86,0,4,3,0,1,2,3,,,0,,,,,,,,,,,,,,,,,,
Isma?l Kon?,Canada,Canada,MF,23,2002,Sassuolo,2,2,146,1.6,0,0,0,0,0,0,0,0,0,0,0,0,0,2,0,0,1.23,0,0,,73,32.4,73,1,0,,0,2,4,1,3,1.85,1.85,0,1,3,0,3,3,2,,,0,,,,,,,,,,,,,,,,,,
Jacob Shaffelburg,Canada,Canada,MF,26,1999,LAFC,5,0,92,1,0,0,0,0,0,0,0,0,0,0,0,0,0,3,0,0,2.93,0,0,,18,20.4,,0,5,18,0,1.4,4,2,2,1.96,1.71,0,2,1,0,18,2,1,,,0,,,,,,,,,,,,,,,,,,
Jayden Nelson,Canada,Canada,"FW,MF",23,2002,Austin FC,1,0,4,0,0,0,0,0,0,0,0,0,0,0,0,0,0,1,0,0,22.5,0,0,,4,0.9,,0,1,4,4,0,0,1,-1,-22.5,-23.31,0,0,0,0,2,0,0,,,0,,,,,,,,,,,,,,,,,,
Joel Waterman,Canada,Canada,DF,30,1996,,0,0,,,,,,,,,,,,,,,,,,,,,,,,,,0,0,,5,,,,,,,,,,,,,,,,,,,,,,,,,,,,,,,,,,
Jonathan David,Canada,Canada,FW,26,2000,Juventus,5,5,420,4.7,3,0,3,3,0,0,1,0,0.64,0,0.64,0.64,0.64,18,8,44.4,3.86,1.71,0.17,0.38,84,93.3,84,4,0,,0,1.4,8,6,2,0.43,-2.57,0,5,5,0,3,3,1,,,0,,,,,,,,,,,,,,,,,,
Jonathan Osorio,Canada,Canada,MF,34,1992,Toronto FC,2,0,5,0.1,0,0,0,0,0,0,0,0,0,0,0,0,0,1,0,0,18,0,0,,3,1.1,,0,2,3,3,0.5,0,1,-1,-18,-18.81,0,0,1,0,0,1,0,,,0,,,,,,,,,,,,,,,,,,
Liam Millar,Canada,Canada,MF,26,1999,Hull City,3,2,162,1.8,0,0,0,0,0,0,1,0,0,0,0,0,0,1,0,0,0.56,0,0,,54,36,65,0,1,33,2,1.33,1,1,0,0,-0.94,0,3,1,0,10,0,4,,,0,,,,,,,,,,,,,,,,,,
Luc De Fougerolles,Canada,Canada,DF,20,2005,Fulham,5,4,372,4.1,0,0,0,0,0,0,2,0,0,0,0,0,0,3,1,33.3,0.73,0.24,0,0,74,82.7,85,3,1,32,0,1.4,7,6,1,0.24,-2.07,0,8,8,0,1,2,6,,,0,,,,,,,,,,,,,,,,,,
Mathieu Choini?re,Canada,Canada,MF,27,1999,LAFC,1,1,57,0.6,0,0,0,0,0,0,0,0,0,0,0,0,0,0,0,,0,0,,,57,12.7,57,0,0,,4,0,0,2,-2,-3.16,-4.3,0,1,1,0,4,2,1,,,0,,,,,,,,,,,,,,,,,,
Maxime Cr?peau,Canada,Canada,GK,32,1994,Orlando City,5,5,450,5,0,0,0,0,0,0,0,0,0,0,0,0,0,0,0,,0,0,,,90,100,90,5,0,,0,1.4,9,6,3,0.6,,0,1,1,0,0,0,1,,,0,5,5,450,6,1.2,12,6,50,2,1,2,2,40,0,0,0,0,
Mo?se Bombito,Canada,Canada,DF,26,2000,Nice,3,2,193,2.1,0,0,0,0,0,0,0,0,0,0,0,0,0,1,1,100,0.47,0.47,0,0,64,42.9,74,1,1,45,2,2,3,3,0,0,-1.05,0,2,0,0,0,1,0,,,0,,,,,,,,,,,,,,,,,,
Nathan Saliba,Canada,Canada,MF,22,2004,Anderlecht,3,2,182,2,1,2,3,1,0,0,1,0,0.49,0.99,1.48,0.49,1.48,3,1,33.3,1.48,0.49,0.33,1,61,40.4,74,1,1,34,2,2,4,2,2,0.99,0.65,0,5,2,0,2,4,4,,,0,,,,,,,,,,,,,,,,,,
Niko Sigur,Canada,Canada,MF,22,2003,Hajduk Split,3,1,126,1.4,0,0,0,0,0,0,1,0,0,0,0,0,0,1,0,0,0.71,0,0,,42,28,86,0,2,20,2,2,2,2,0,0,-0.83,0,5,1,0,5,0,1,,,0,,,,,,,,,,,,,,,,,,
Owen Goodman,Canada,Canada,GK,22,2003,,0,0,,,,,,,,,,,,,,,,,,,,,,,,,,0,0,,5,,,,,,,,,,,,,,,,,,,,,,,,,,,,,,,,,,
Promise David,Canada,Canada,FW,24,2001,Union SG,4,0,80,0.9,1,1,2,1,0,0,0,0,1.13,1.13,2.25,1.13,2.25,5,3,60,5.63,3.38,0.2,0.33,20,17.8,,0,4,20,1,1,3,2,1,1.13,0.64,0,4,2,0,0,1,1,,,0,,,,,,,,,,,,,,,,,,
Richie Laryea,Canada,Canada,DF,31,1995,Toronto FC,5,5,429,4.8,0,0,0,0,0,0,1,0,0,0,0,0,0,2,1,50,0.42,0.21,0,0,86,95.3,86,3,0,,0,1.4,9,4,5,1.05,9.62,0,8,14,1,2,2,9,,,0,,,,,,,,,,,,,,,,,,
Stephen Eust?quio,Canada,Canada,MF,29,1996,Porto,5,4,392,4.4,1,0,1,1,0,0,0,0,0.23,0,0.23,0.23,0.23,4,1,25,0.92,0.23,0.25,1,78,87.1,90,3,1,33,0,1.4,9,4,5,1.15,4.25,0,2,7,0,45,3,5,,,0,,,,,,,,,,,,,,,,,,
Tajon Buchanan,Canada,Canada,MF,27,1999,Villarreal,5,5,376,4.2,0,0,0,0,0,0,0,0,0,0,0,0,0,6,3,50,1.44,0.72,0,0,75,83.6,75,0,0,,0,1.4,5,5,0,0,-3.65,0,5,8,2,16,1,5,,,0,,,,,,,,,,,,,,,,,,
Tani Oluwaseyi,Canada,Canada,FW,26,2000,Villarreal,5,3,259,2.9,0,0,0,0,0,0,0,0,0,0,0,0,0,8,4,50,2.78,1.39,0,0,52,57.6,69,0,2,27,0,1.4,3,2,1,0.35,-0.59,0,5,5,1,2,0,3,,,0,,,,,,,,,,,,,,,,,,
Andr?s G?mez,Colombia,Colombia,MF,23,2002,Vasco da Gama,1,0,1,0,0,0,0,0,0,0,0,0,0,0,0,0,0,0,0,,0,0,,,1,0.2,,0,1,1,4,3,1,0,1,90,89.44,0,0,0,0,0,1,0,,,0,,,,,,,,,,,,,,,,,,
Camilo Vargas,Colombia,Colombia,GK,37,1989,Atlas,5,5,480,5.3,0,0,0,0,0,0,0,0,0,0,0,0,0,0,0,,0,0,,,96,100,96,5,0,,0,2.2,5,1,4,0.75,,0,0,0,0,0,0,0,,,0,5,5,480,1,0.19,7,6,85.7,3,2,0,4,80,0,0,0,0,
Cucho,Colombia,Colombia,"FW,MF",27,1999,Real Betis,2,0,50,0.6,0,1,1,0,0,0,0,0,0,1.8,1.8,0,1.8,1,0,0,1.8,0,0,,25,10.4,,0,2,25,3,2,1,0,1,1.8,1.17,0,0,1,0,1,0,0,,,0,,,,,,,,,,,,,,,,,,
Daniel Mu?oz,Colombia,Colombia,DF,30,1996,Crystal Palace,5,4,394,4.4,2,0,2,2,0,0,0,0,0.46,0,0.46,0.46,0.46,3,2,66.7,0.69,0.46,0.67,1,79,82.1,98,4,1,4,0,2.2,5,1,4,0.91,0.91,0,9,1,3,8,7,3,,,0,,,,,,,,,,,,,,,,,,
David Ospina,Colombia,Colombia,GK,37,1988,,0,0,,,,,,,,,,,,,,,,,,,,,,,,,,0,0,,5,,,,,,,,,,,,,,,,,,,,,,,,,,,,,,,,,,
Davinson S?nchez,Colombia,Colombia,DF,30,1996,Galatasaray,5,5,480,5.3,0,0,0,0,0,0,1,0,0,0,0,0,0,6,2,33.3,1.13,0.37,0,0,96,100,96,5,0,,0,2.2,5,1,4,0.75,,0,6,5,1,0,6,2,,,0,,,,,,,,,,,,,,,,,,
Deiver Machado,Colombia,Colombia,DF,32,1993,Nantes,1,1,90,1,0,0,0,0,0,0,0,0,0,0,0,0,0,0,0,,0,0,,,90,18.8,90,1,0,,4,1,0,0,0,0,-0.92,0,1,2,0,1,2,0,,,0,,,,,,,,,,,,,,,,,,
Gustavo Puerta,Colombia,Colombia,MF,22,2003,Racing Sant,5,5,469,5.2,0,1,1,0,0,0,1,0,0,0.19,0.19,0,0.19,14,5,35.7,2.69,0.96,0,0,94,97.7,94,4,0,,0,2.2,4,1,3,0.58,-7.61,0,9,8,0,2,3,3,,,0,,,,,,,,,,,,,,,,,,
James Rodr?guez,Colombia,Colombia,"FW,MF",34,1991,Minnesota Utd,5,5,313,3.5,0,0,0,0,0,0,0,0,0,0,0,0,0,6,3,50,1.73,0.86,0,0,63,65.2,63,0,0,,0,2.2,3,1,2,0.58,-0.5,0,0,5,0,18,1,1,,,0,,,,,,,,,,,,,,,,,,
Jaminton Campaz,Colombia,Colombia,"FW,MF",26,2000,Rosario Central,3,0,75,0.8,1,0,1,1,0,0,0,0,1.2,0,1.2,1.2,1.2,6,3,50,7.2,3.6,0.17,0.33,25,15.6,,0,3,25,2,2.33,1,0,1,1.2,0.53,0,2,3,2,2,0,1,,,0,,,,,,,,,,,,,,,,,,
Jefferson Lerma,Colombia,Colombia,MF,31,1994,Crystal Palace,5,5,410,4.6,0,0,0,0,0,0,1,0,0,0,0,0,0,5,1,20,1.1,0.22,0,0,82,85.4,82,3,0,,0,2.2,5,1,4,0.88,0.88,0,6,5,0,1,5,1,,,0,,,,,,,,,,,,,,,,,,
Jhon Arias,Colombia,Colombia,MF,28,1997,Palmeiras,5,5,377,4.2,1,0,1,1,0,0,1,0,0.24,0,0.24,0.24,0.24,9,4,44.4,2.15,0.95,0.11,0.25,75,78.5,75,0,0,,0,2.2,4,1,3,0.72,-0.16,0,5,2,0,5,2,9,,,0,,,,,,,,,,,,,,,,,,
Jhon C?rdoba,Colombia,Colombia,FW,33,1993,Krasnodar,3,2,99,1.1,0,0,0,0,0,0,0,0,0,0,0,0,0,2,1,50,1.82,0.91,0,0,33,20.6,33,0,1,33,2,2.33,1,0,1,0.91,0.2,0,1,2,2,0,0,0,,,0,,,,,,,,,,,,,,,,,,
Jhon Lucum?,Colombia,Colombia,DF,27,1998,Bologna,5,5,478,5.3,0,0,0,0,0,0,1,0,0,0,0,0,0,2,0,0,0.38,0,0,,96,99.6,96,4,0,,0,2.2,5,1,4,0.75,0.75,0,5,0,0,0,5,2,,,0,,,,,,,,,,,,,,,,,,
Johan Mojica,Colombia,Colombia,DF,33,1992,Mallorca,4,4,390,4.3,0,0,0,0,0,0,1,0,0,0,0,0,0,3,2,66.7,0.69,0.46,0,0,98,81.3,98,4,0,,1,2.5,5,1,4,0.92,0.92,0,1,7,1,11,3,3,,,0,,,,,,,,,,,,,,,,,,
Jorge Carrascal,Colombia,Colombia,"FW,MF",28,1998,,0,0,,,,,,,,,,,,,,,,,,,,,,,,,,0,0,,5,,,,,,,,,,,,,,,,,,,,,,,,,,,,,,,,,,
Juan Camilo Portilla,Colombia,Colombia,MF,27,1998,,0,0,,,,,,,,,,,,,,,,,,,,,,,,,,0,0,,5,,,,,,,,,,,,,,,,,,,,,,,,,,,,,,,,,,
Juan Quintero,Colombia,Colombia,"FW,MF",33,1993,River Plate,4,0,121,1.3,0,1,1,0,0,0,0,0,0,0.74,0.74,0,0.74,4,0,0,2.98,0,0,,30,25.2,,0,4,30,1,2,1,0,1,0.74,-0.01,0,0,1,0,12,0,0,,,0,,,,,,,,,,,,,,,,,,
Kevin Casta?o,Colombia,Colombia,MF,25,2000,River Plate,2,0,16,0.2,0,0,0,0,0,0,0,0,0,0,0,0,0,0,0,,0,0,,,8,3.3,,0,2,8,3,2,1,0,1,5.63,5.04,0,0,0,0,0,0,0,,,0,,,,,,,,,,,,,,,,,,
Luis D?az,Colombia,Colombia,"FW,MF",29,1997,Bayern Munich,5,5,478,5.3,1,1,2,1,0,0,0,0,0.19,0.19,0.38,0.19,0.38,19,6,31.6,3.58,1.13,0.05,0.17,96,99.6,96,3,0,,0,2.2,4,1,3,0.56,-44.44,0,7,9,9,4,1,0,,,0,,,,,,,,,,,,,,,,,,
Luis Su?rez,Colombia,Colombia,FW,28,1997,Sporting CP,5,3,331,3.7,0,1,1,0,0,0,1,0,0,0.27,0.27,0,0.27,9,0,0,2.45,0,0,,66,69,72,0,2,57,0,2.2,3,1,2,0.54,-0.66,0,7,8,1,2,0,4,,,0,,,,,,,,,,,,,,,,,,
Richard R?os,Colombia,Colombia,MF,26,2000,Benfica,5,0,140,1.6,0,0,0,0,0,0,1,0,0,0,0,0,0,5,1,20,3.21,0.64,0,0,28,29.2,,0,5,28,0,2.2,1,0,1,0.64,-0.15,0,10,4,0,1,1,2,,,0,,,,,,,,,,,,,,,,,,
Santiago Arias,Colombia,Colombia,DF,34,1992,Independiente,1,1,86,1,0,0,0,0,0,0,0,0,0,0,0,0,0,0,0,,0,0,,,86,17.9,86,0,0,,4,1,0,0,0,0,-0.91,0,1,0,0,2,1,2,,,0,,,,,,,,,,,,,,,,,,
Willer Ditta,Colombia,Colombia,DF,28,1998,,0,0,,,,,,,,,,,,,,,,,,,,,,,,,,0,0,,5,,,,,,,,,,,,,,,,,,,,,,,,,,,,,,,,,,
Yerry Mina,Colombia,Colombia,DF,31,1994,Cagliari,1,0,2,0,0,0,0,0,0,0,0,0,0,0,0,0,0,0,0,,0,0,,,2,0.4,,0,1,2,4,1,0,0,0,0,-0.75,0,0,1,0,0,0,0,,,0,,,,,,,,,,,,,,,,,,
?lvaro David Montero,Colombia,Colombia,GK,31,1995,,0,0,,,,,,,,,,,,,,,,,,,,,,,,,,0,0,,5,,,,,,,,,,,,,,,,,,,,,,,,,,,,,,,,,,
Aaron Tshibola,Congo DR,Congo DR,MF,31,1995,,0,0,,,,,,,,,,,,,,,,,,,,,,,,,,0,0,,4,,,,,,,,,,,,,,,,,,,,,,,,,,,,,,,,,,
Aaron Wan-Bissaka,Congo DR,Congo DR,DF,28,1997,West Ham,4,4,354,3.9,0,0,0,0,0,0,0,0,0,0,0,0,0,0,0,,0,0,,,89,98.3,89,3,0,,0,1,5,5,0,0,0,0,1,1,1,6,7,4,,,0,,,,,,,,,,,,,,,,,,
Arthur Masuaku,Congo DR,Congo DR,DF,32,1993,Lens,4,4,315,3.5,0,1,1,0,0,0,0,0,0,0.29,0.29,0,0.29,0,0,,0,0,,,79,87.5,79,0,0,,0,1,4,4,0,0,0,0,0,4,0,12,0,5,,,0,,,,,,,,,,,,,,,,,,
Axel Tuanzebe,Congo DR,Congo DR,DF,28,1997,Burnley,4,4,360,4,0,0,0,0,0,0,0,0,0,0,0,0,0,0,0,,0,0,,,90,100,90,4,0,,0,1,5,5,0,0,,0,3,3,0,0,1,2,,,0,,,,,,,,,,,,,,,,,,
Brian Cipenga,Congo DR,Congo DR,"MF,FW",28,1998,Castell?n,2,2,146,1.6,1,0,1,1,0,0,0,0,0.62,0,0.62,0.62,0.62,6,1,16.7,3.7,0.62,0.17,1,73,40.6,73,0,0,,2,1.5,2,2,0,0,0,0,2,1,1,9,0,2,,,0,,,,,,,,,,,,,,,,,,
Chancel Mbemba,Congo DR,Congo DR,DF,31,1994,Lille,4,4,360,4,0,1,1,0,0,0,1,0,0,0.25,0.25,0,0.25,1,0,0,0.25,0,0,,90,100,90,4,0,,0,1,5,5,0,0,,0,1,3,0,4,1,3,,,0,,,,,,,,,,,,,,,,,,
Charles Pickel,Congo DR,Congo DR,"DF,MF",29,1997,Espanyol,2,0,35,0.4,0,0,0,0,0,0,1,0,0,0,0,0,0,1,0,0,2.57,0,0,,18,9.7,,0,2,18,2,0.5,0,1,-1,-2.57,-2.85,0,2,1,0,0,0,0,,,0,,,,,,,,,,,,,,,,,,
C?dric Bakambu,Congo DR,Congo DR,FW,35,1991,Real Betis,3,3,190,2.1,0,0,0,0,0,0,0,0,0,0,0,0,0,3,0,0,1.42,0,0,,63,52.8,63,0,0,,1,1.33,1,2,-1,-0.47,-1,0,2,1,4,1,0,0,,,0,,,,,,,,,,,,,,,,,,
Dylan Batubinsika,Congo DR,Congo DR,DF,30,1996,,0,0,,,,,,,,,,,,,,,,,,,,,,,,,,0,0,,4,,,,,,,,,,,,,,,,,,,,,,,,,,,,,,,,,,
Edo Kayembe,Congo DR,Congo DR,MF,28,1998,Watford,3,2,160,1.8,0,0,0,0,0,0,0,0,0,0,0,0,0,2,1,50,1.13,0.56,0,0,53,44.4,73,0,1,15,1,0.33,1,2,-1,-0.56,-1.01,0,5,3,0,2,0,1,,,0,,,,,,,,,,,,,,,,,,
Fiston Mayele,Congo DR,Congo DR,FW,31,1994,,2,0,42,0.5,1,0,1,1,0,0,0,0,2.14,0,2.14,2.14,2.14,5,1,20,10.71,2.14,0.2,1,21,11.7,,0,2,21,2,1.5,3,0,3,6.43,7.28,0,1,1,1,0,0,0,,,0,,,,,,,,,,,,,,,,,,
Ga?l Kakuta,Congo DR,Congo DR,"FW,MF",34,1991,,0,0,,,,,,,,,,,,,,,,,,,,,,,,,,0,0,,4,,,,,,,,,,,,,,,,,,,,,,,,,,,,,,,,,,
G?d?on Kalulu,Congo DR,Congo DR,DF,28,1997,,1,0,6,0.1,0,0,0,0,0,0,0,0,0,0,0,0,0,0,0,,0,0,,,6,1.7,,0,1,6,3,1,0,0,0,0,0,0,0,0,0,0,0,0,,,0,,,,,,,,,,,,,,,,,,
Joris Kayembe,Congo DR,Congo DR,"DF,FW",31,1994,Genk,4,0,45,0.5,0,0,0,0,0,0,0,0,0,0,0,0,0,1,0,0,2,0,0,,11,12.5,,0,4,11,0,1,1,1,0,0,0,0,0,1,0,3,4,4,,,0,,,,,,,,,,,,,,,,,,
Lionel Mpasi,Congo DR,Congo DR,GK,31,1994,Le Havre,4,4,360,4,0,0,0,0,0,0,0,0,0,0,0,0,0,0,0,,0,0,,,90,100,90,4,0,,0,1,5,5,0,0,,0,0,0,0,0,0,0,,,0,4,4,360,5,1.25,19,14,73.7,1,1,2,0,0,0,0,0,0,
Matthieu Epolo,Congo DR,Congo DR,GK,21,2005,,0,0,,,,,,,,,,,,,,,,,,,,,,,,,,0,0,,4,,,,,,,,,,,,,,,,,,,,,,,,,,,,,,,,,,
Meschak Elia,Congo DR,Congo DR,"FW,MF",28,1997,Alanyaspor,2,0,46,0.5,0,1,1,0,0,0,0,0,0,1.96,1.96,0,1.96,2,1,50,3.91,1.96,0,0,23,12.8,,0,2,23,2,1.5,2,2,0,0,0,0,2,0,0,2,1,0,,,0,,,,,,,,,,,,,,,,,,
Nathana?l Mbuku,Congo DR,Congo DR,"MF,FW",24,2002,Montpellier,3,2,143,1.6,0,0,0,0,0,0,1,0,0,0,0,0,0,3,2,66.7,1.89,1.26,0,0,48,39.7,67,0,1,9,1,1,2,1,1,0.63,1.04,0,4,8,0,14,0,3,,,0,,,,,,,,,,,,,,,,,,
Ngal'Ayel Mukau,Congo DR,Congo DR,MF,21,2004,Lille,4,3,195,2.2,0,0,0,0,0,0,0,0,0,0,0,0,0,1,0,0,0.46,0,0,,49,54.2,59,0,1,19,0,1,4,2,2,0.92,2.01,0,3,4,1,0,3,2,,,0,,,,,,,,,,,,,,,,,,
Noah Sadiki,Congo DR,Congo DR,MF,21,2004,Sunderland,4,2,259,2.9,0,0,0,0,0,0,2,0,0,0,0,0,0,0,0,,0,0,,,65,71.9,90,2,2,40,0,1,4,4,0,0,0,0,2,3,0,1,2,4,,,0,,,,,,,,,,,,,,,,,,
Samuel Moutoussamy,Congo DR,Congo DR,MF,29,1996,Atromitos,4,4,330,3.7,0,0,0,0,0,0,1,0,0,0,0,0,0,3,0,0,0.82,0,0,,83,91.7,83,1,0,,0,1,3,5,-2,-0.55,-6.55,0,8,1,0,1,1,8,,,0,,,,,,,,,,,,,,,,,,
Simon Banza,Congo DR,Congo DR,"FW,MF",29,1996,,2,0,40,0.4,0,0,0,0,0,0,0,0,0,0,0,0,0,0,0,,0,0,,,20,11.1,,0,2,20,2,0.5,0,1,-1,-2.25,-2.53,0,1,0,0,0,0,1,,,0,,,,,,,,,,,,,,,,,,
Steve Kapuadi,Congo DR,Congo DR,DF,28,1998,Widzew ¨©?d?,2,2,180,2,0,0,0,0,0,0,0,0,0,0,0,0,0,1,0,0,0.5,0,0,,90,50,90,2,0,,2,0.5,1,2,-1,-0.5,-1,0,2,0,0,0,1,1,,,0,,,,,,,,,,,,,,,,,,
Theo Bongonda,Congo DR,Congo DR,"FW,MF",30,1995,Spartak Moscow,2,0,34,0.4,0,0,0,0,0,0,0,0,0,0,0,0,0,1,0,0,2.65,0,0,,17,9.4,,0,2,17,2,1.5,2,1,1,2.65,2.92,0,0,1,0,2,1,0,,,0,,,,,,,,,,,,,,,,,,
Timothy Fayulu,Congo DR,Congo DR,GK,26,1999,,0,0,,,,,,,,,,,,,,,,,,,,,,,,,,0,0,,4,,,,,,,,,,,,,,,,,,,,,,,,,,,,,,,,,,
Yoane Wissa,Congo DR,Congo DR,FW,29,1996,Newcastle,4,4,360,4,3,0,3,2,1,1,0,0,0.75,0,0.75,0.5,0.5,11,3,27.3,2.75,0.75,0.18,0.67,90,100,90,4,0,,0,1,5,5,0,0,,0,5,9,1,0,0,1,,,0,,,,,,,,,,,,,,,,,,
Andrej Kramari?,Croatia,Croatia,"FW,MF",34,1991,Hoffenheim,3,0,59,0.7,0,0,0,0,0,0,0,0,0,0,0,0,0,1,0,0,1.53,0,0,,20,16.4,,0,3,20,1,1,1,1,0,0,0.3,0,0,0,1,2,0,1,,,0,,,,,,,,,,,,,,,,,,
Ante Budimir,Croatia,Croatia,FW,34,1991,Osasuna,3,2,155,1.7,1,0,1,1,0,0,0,0,0.58,0,0.58,0.58,0.58,3,1,33.3,1.74,0.58,0.33,1,52,43.1,55,0,1,45,1,2,2,0,2,1.16,2.48,0,6,4,0,0,0,1,,,0,,,,,,,,,,,,,,,,,,
Dominik Kotarski,Croatia,Croatia,GK,26,2000,,0,0,,,,,,,,,,,,,,,,,,,,,,,,,,0,0,,4,,,,,,,,,,,,,,,,,,,,,,,,,,,,,,,,,,
Dominik Livakovi?,Croatia,Croatia,GK,31,1995,Dinamo Zagreb,4,4,360,4,0,0,0,0,0,0,0,0,0,0,0,0,0,0,0,,0,0,,,90,100,90,4,0,,0,1.5,6,7,-1,-0.25,,0,0,1,0,0,0,0,,,0,4,4,360,7,1.75,17,10,58.8,2,0,2,1,25,2,2,0,0,0
Duje ?aleta-Car,Croatia,Croatia,DF,29,1996,,0,0,,,,,,,,,,,,,,,,,,,,,,,,,,0,0,,4,,,,,,,,,,,,,,,,,,,,,,,,,,,,,,,,,,
Igor Matanovi?,Croatia,Croatia,FW,23,2003,Freiburg,3,0,95,1.1,0,0,0,0,0,0,0,0,0,0,0,0,0,4,2,50,3.79,1.89,0,0,32,26.4,,0,3,32,1,1,2,4,-2,-1.89,-2.23,0,4,3,1,0,0,0,,,0,,,,,,,,,,,,,,,,,,
Ivan Peri?i?,Croatia,Croatia,"MF,DF",37,1989,PSV,4,4,360,4,1,1,2,1,0,0,2,0,0.25,0.25,0.5,0.25,0.5,2,2,100,0.5,0.5,0.5,0.5,90,100,90,4,0,,0,1.5,6,7,-1,-0.25,,0,4,1,0,20,4,4,,,0,,,,,,,,,,,,,,,,,,
Ivor Pandur,Croatia,Croatia,GK,26,2000,,0,0,,,,,,,,,,,,,,,,,,,,,,,,,,0,0,,4,,,,,,,,,,,,,,,,,,,,,,,,,,,,,,,,,,
Josip Stani?i?,Croatia,Croatia,"DF,MF",26,2000,Bayern Munich,4,4,360,4,0,1,1,0,0,0,0,0,0,0.25,0.25,0,0.25,0,0,,0,0,,,90,100,90,4,0,,0,1.5,6,7,-1,-0.25,,0,0,4,0,7,5,2,,,0,,,,,,,,,,,,,,,,,,
Josip ?utalo,Croatia,Croatia,DF,26,2000,Ajax,4,4,360,4,0,0,0,0,0,0,0,0,0,0,0,0,0,1,0,0,0.25,0,0,,90,100,90,4,0,,0,1.5,6,7,-1,-0.25,,0,2,1,0,0,6,4,,,0,,,,,,,,,,,,,,,,,,
Jo?ko Gvardiol,Croatia,Croatia,DF,24,2002,Manchester City,4,2,139,1.5,0,0,0,0,0,0,0,0,0,0,0,0,0,1,0,0,0.65,0,0,,35,38.6,68,1,2,2,0,1.5,2,5,-3,-1.94,-2.76,0,2,3,0,0,2,2,,,0,,,,,,,,,,,,,,,,,,
Kristijan Jaki?,Croatia,Croatia,"DF,MF",29,1997,,0,0,,,,,,,,,,,,,,,,,,,,,,,,,,0,0,,4,,,,,,,,,,,,,,,,,,,,,,,,,,,,,,,,,,
Luka Modri?,Croatia,Croatia,MF,40,1985,Milan,4,4,317,3.5,0,1,1,0,0,0,1,0,0,0.28,0.28,0,0.28,1,0,0,0.28,0,0,,79,88.1,79,2,0,,0,1.5,6,6,0,0,2.09,0,4,3,0,11,0,3,,,0,,,,,,,,,,,,,,,,,,
Luka Su?i?,Croatia,Croatia,"FW,MF",23,2002,Real Sociedad,1,0,19,0.2,0,0,0,0,0,0,0,0,0,0,0,0,0,1,0,0,4.74,0,0,,19,5.3,,0,1,19,3,3,0,0,0,0,0.26,0,0,0,0,0,0,0,,,0,,,,,,,,,,,,,,,,,,
Luka Vu?kovi?,Croatia,Croatia,DF,19,2007,Hamburger SV,1,1,65,0.7,0,0,0,0,0,0,0,0,0,0,0,0,0,0,0,,0,0,,,65,18.1,65,0,0,,3,0,2,3,-1,-1.38,-1.38,0,1,1,0,0,1,0,,,0,,,,,,,,,,,,,,,,,,
Marco Pa?ali?,Croatia,Croatia,MF,25,2000,Orlando City,3,1,99,1.1,0,0,0,0,0,0,0,0,0,0,0,0,0,3,2,66.7,2.73,1.82,0,0,33,27.5,71,0,2,14,1,2,1,1,0,0,0.34,0,0,2,2,11,1,2,,,0,,,,,,,,,,,,,,,,,,
Marin Pongra?i?,Croatia,Croatia,DF,28,1997,Fiorentina,3,3,270,3,0,0,0,0,0,0,0,0,0,0,0,0,0,1,0,0,0.33,0,0,,90,75,90,3,0,,1,2,4,3,1,0.33,2.33,0,3,0,0,0,0,3,,,0,,,,,,,,,,,,,,,,,,
Mario Pa?ali?,Croatia,Croatia,MF,31,1995,Atalanta,4,1,123,1.4,0,0,0,0,0,0,0,0,0,0,0,0,0,4,1,25,2.93,0.73,0,0,31,34.2,77,0,3,15,0,1.5,3,4,-1,-0.73,-0.73,0,2,0,1,1,1,1,,,0,,,,,,,,,,,,,,,,,,
Martin Baturina,Croatia,Croatia,"MF,FW",23,2003,Como,4,4,321,3.6,1,0,1,1,0,0,0,0,0.28,0,0.28,0.28,0.28,3,1,33.3,0.84,0.28,0.33,1,80,89.2,80,1,0,,0,1.5,6,5,1,0.28,4.9,0,1,14,0,8,1,2,,,0,,,,,,,,,,,,,,,,,,
Martin Erli?,Croatia,Croatia,DF,28,1998,,0,0,,,,,,,,,,,,,,,,,,,,,,,,,,0,0,,4,,,,,,,,,,,,,,,,,,,,,,,,,,,,,,,,,,
Mateo Kova?i?,Croatia,Croatia,MF,32,1994,Manchester City,4,3,270,3,0,1,1,0,0,0,0,0,0,0.33,0.33,0,0.33,5,4,80,1.67,1.33,0,0,68,75,79,0,1,33,0,1.5,3,3,0,0,1,0,3,3,0,0,2,3,,,0,,,,,,,,,,,,,,,,,,
Nikola Moro,Croatia,Croatia,MF,28,1998,,0,0,,,,,,,,,,,,,,,,,,,,,,,,,,0,0,,4,,,,,,,,,,,,,,,,,,,,,,,,,,,,,,,,,,
Nikola Vla?i?,Croatia,Croatia,MF,28,1997,Torino,3,2,189,2.1,1,0,1,1,0,0,0,0,0.48,0,0.48,0.48,0.48,3,1,33.3,1.43,0.48,0.33,1,63,52.5,88,0,1,13,1,1,3,3,0,0,0.53,0,5,0,2,3,1,2,,,0,,,,,,,,,,,,,,,,,,
Petar Musa,Croatia,Croatia,FW,28,1998,FC Dallas,2,2,110,1.2,1,0,1,1,0,0,0,0,0.82,0,0.82,0.82,0.82,1,1,100,0.82,0.82,1,1,55,30.6,55,0,0,,2,1.5,2,3,-1,-0.82,-0.82,0,1,1,0,0,0,0,,,0,,,,,,,,,,,,,,,,,,
Petar Su?i?,Croatia,Croatia,"MF,FW",22,2003,Inter,4,3,289,3.2,1,1,2,1,0,0,1,0,0.31,0.31,0.62,0.31,0.62,3,2,66.7,0.93,0.62,0.33,0.5,72,80.3,90,3,1,19,0,1.5,5,7,-2,-0.62,-1.89,0,7,6,1,4,1,2,,,0,,,,,,,,,,,,,,,,,,
Toni Fruk,Croatia,Croatia,"FW,MF",25,2001,,0,0,,,,,,,,,,,,,,,,,,,,,,,,,,0,0,,4,,,,,,,,,,,,,,,,,,,,,,,,,,,,,,,,,,
Ar'jany Martha,Cura?ao,Cura?ao,"DF,FW",22,2003,,0,0,,,,,,,,,,,,,,,,,,,,,,,,,,0,0,,3,,,,,,,,,,,,,,,,,,,,,,,,,,,,,,,,,,
Armando Obispo,Cura?ao,Cura?ao,DF,27,1999,PSV,3,3,270,3,0,0,0,0,0,0,0,0,0,0,0,0,0,0,0,,0,0,,,90,100,90,3,0,,0,0.33,1,9,-8,-2.67,,0,1,0,1,0,7,1,,,0,,,,,,,,,,,,,,,,,,
Brandley Kuwas,Cura?ao,Cura?ao,"FW,MF",33,1992,Volendam,1,0,1,0,0,0,0,0,0,0,0,0,0,0,0,0,0,0,0,,0,0,,,1,0.4,,0,1,1,2,0,0,0,0,0,2.68,0,0,0,0,1,0,0,,,0,,,,,,,,,,,,,,,,,,
Deveron Fonville,Cura?ao,Cura?ao,DF,23,2003,NEC Nijmegen,3,3,241,2.7,0,0,0,0,0,0,0,0,0,0,0,0,0,0,0,,0,0,,,80,89.3,80,1,0,,0,0.33,1,9,-8,-2.99,-2.99,0,2,3,0,0,5,3,,,0,,,,,,,,,,,,,,,,,,
Eloy Room,Cura?ao,Cura?ao,GK,37,1989,Miami FC,3,3,270,3,0,0,0,0,0,0,0,0,0,0,0,0,0,0,0,,0,0,,,90,100,90,3,0,,0,0.33,1,9,-8,-2.67,,0,0,0,0,0,0,0,,,0,3,3,270,9,3,29,20,69,0,1,2,1,33.3,1,1,0,0,0
Gervane Kastaneer,Cura?ao,Cura?ao,"FW,MF",30,1996,,3,0,30,0.3,0,0,0,0,0,0,2,0,0,0,0,0,0,1,0,0,3,0,0,,10,11.1,,0,3,10,0,0.33,0,1,-1,-3,-0.38,0,2,0,0,0,0,0,,,0,,,,,,,,,,,,,,,,,,
Godfried Roemeratoe,Cura?ao,Cura?ao,MF,26,1999,RKC Waalwijk,1,0,7,0.1,0,0,0,0,0,0,0,0,0,0,0,0,0,0,0,,0,0,,,7,2.6,,0,1,7,2,1,0,0,0,0,2.74,0,0,0,0,0,0,0,,,0,,,,,,,,,,,,,,,,,,
Jearl Margaritha,Cura?ao,Cura?ao,"FW,MF",26,2000,Beveren,2,0,41,0.5,0,0,0,0,0,0,0,0,0,0,0,0,0,1,0,0,2.2,0,0,,21,15.2,,0,2,21,1,0.5,0,3,-3,-6.59,-4.62,0,0,0,0,0,0,0,,,0,,,,,,,,,,,,,,,,,,
Jeremy Antonisse,Cura?ao,Cura?ao,"FW,MF",24,2002,AE Kifisia,2,0,75,0.8,0,0,0,0,0,0,0,0,0,0,0,0,0,1,0,0,1.2,0,0,,38,27.8,,0,2,38,1,0,0,5,-5,-6,-4.62,0,0,0,0,8,0,1,,,0,,,,,,,,,,,,,,,,,,
Joshua Brenet,Cura?ao,Cura?ao,DF,32,1994,Kayserispor,2,2,179,2,0,0,0,0,0,0,0,0,0,0,0,0,0,0,0,,0,0,,,90,66.3,90,1,0,,1,0.5,0,2,-2,-1.01,4.93,0,0,1,1,0,1,4,,,0,,,,,,,,,,,,,,,,,,
Juninho Bacuna,Cura?ao,Cura?ao,MF,28,1997,Volendam,3,3,254,2.8,0,0,0,0,0,0,2,0,0,0,0,0,0,5,1,20,1.77,0.35,0,0,85,94.1,85,2,0,,0,0.33,1,9,-8,-2.83,-2.83,0,6,3,0,5,5,4,,,0,,,,,,,,,,,,,,,,,,
Juri?n Gaari,Cura?ao,Cura?ao,DF,32,1993,,2,2,166,1.8,0,0,0,0,0,0,1,0,0,0,0,0,0,2,0,0,1.08,0,0,,83,61.5,83,1,0,,1,0.5,0,2,-2,-1.08,4.11,0,4,1,0,0,2,2,,,0,,,,,,,,,,,,,,,,,,
J?rgen Locadia,Cura?ao,Cura?ao,FW,32,1993,Miami FC,3,3,235,2.6,0,0,0,0,0,0,0,0,0,0,0,0,0,1,0,0,0.38,0,0,,78,87,78,0,0,,0,0.33,1,6,-5,-1.91,5.8,0,3,4,2,0,1,0,,,0,,,,,,,,,,,,,,,,,,
Kenji Gorr?,Cura?ao,Cura?ao,"FW,MF",31,1994,,1,0,16,0.2,0,0,0,0,0,0,0,0,0,0,0,0,0,0,0,,0,0,,,16,5.9,,0,1,16,2,1,0,0,0,0,2.83,0,0,0,0,0,0,0,,,0,,,,,,,,,,,,,,,,,,
Kevin Felida,Cura?ao,Cura?ao,MF,26,1999,,0,0,,,,,,,,,,,,,,,,,,,,,,,,,,0,0,,3,,,,,,,,,,,,,,,,,,,,,,,,,,,,,,,,,,
Leandro Bacuna,Cura?ao,Cura?ao,MF,34,1991,,3,3,270,3,0,0,0,0,0,0,1,0,0,0,0,0,0,6,1,16.7,2,0.33,0,0,90,100,90,3,0,,0,0.33,1,9,-8,-2.67,,0,3,3,0,4,0,3,,,0,,,,,,,,,,,,,,,,,,
Livano Comenencia,Cura?ao,Cura?ao,MF,22,2004,Z?rich,3,3,233,2.6,1,0,1,1,0,0,1,0,0.39,0,0.39,0.39,0.39,5,2,40,1.93,0.77,0.2,0.5,78,86.3,78,1,0,,0,0.33,1,8,-7,-2.7,-0.27,0,4,1,0,1,11,1,,,0,,,,,,,,,,,,,,,,,,
Riechedly Bazoer,Cura?ao,Cura?ao,DF,29,1996,Konyaspor,1,1,90,1,0,0,0,0,0,0,0,0,0,0,0,0,0,0,0,,0,0,,,90,33.3,90,1,0,,2,0,1,7,-6,-6,-5,0,2,0,0,0,1,1,,,0,,,,,,,,,,,,,,,,,,
Roshon van Eijma,Cura?ao,Cura?ao,DF,28,1998,RKC Waalwijk,1,0,15,0.2,0,0,0,0,0,0,0,0,0,0,0,0,0,0,0,,0,0,,,15,5.6,,0,1,15,2,1,0,0,0,0,2.82,0,0,0,0,0,0,0,,,0,,,,,,,,,,,,,,,,,,
Sherel Floranus,Cura?ao,Cura?ao,DF,27,1998,Zwolle,3,3,270,3,0,0,0,0,0,0,0,0,0,0,0,0,0,2,0,0,0.67,0,0,,90,100,90,3,0,,0,0.33,1,9,-8,-2.67,,0,2,0,1,0,4,6,,,0,,,,,,,,,,,,,,,,,,
Shurandy Sambo,Cura?ao,Cura?ao,DF,24,2001,Sparta R.,1,0,1,0,0,0,0,0,0,0,0,0,0,0,0,0,0,0,0,,0,0,,,1,0.4,,0,1,1,2,0,0,0,0,0,2.68,0,0,0,0,0,1,0,,,0,,,,,,,,,,,,,,,,,,
Sontje Hansen,Cura?ao,Cura?ao,FW,24,2002,Middlesbrough,1,1,45,0.5,0,0,0,0,0,0,0,0,0,0,0,0,0,1,1,100,2,2,0,0,45,16.7,45,0,0,,2,0,1,3,-2,-4,-1.6,0,0,0,0,0,0,0,,,0,,,,,,,,,,,,,,,,,,
Tahith Chong,Cura?ao,Cura?ao,MF,26,1999,Sheffield United,3,3,247,2.7,0,0,0,0,0,0,0,0,0,0,0,0,0,4,2,50,1.46,0.73,0,0,82,91.5,82,1,0,,0,0.33,1,8,-7,-2.55,1.36,0,3,13,0,1,1,0,,,0,,,,,,,,,,,,,,,,,,
Trevor Doornbusch,Cura?ao,Cura?ao,GK,26,1999,,0,0,,,,,,,,,,,,,,,,,,,,,,,,,,0,0,,3,,,,,,,,,,,,,,,,,,,,,,,,,,,,,,,,,,
Tyrese Noslin,Cura?ao,Cura?ao,MF,23,2002,Telstar,1,0,14,0.2,0,0,0,0,0,0,0,0,0,0,0,0,0,0,0,,0,0,,,14,5.2,,0,1,14,2,0,0,0,0,0,2.81,0,0,2,0,3,0,0,,,0,,,,,,,,,,,,,,,,,,
Tyrick Bodak,Cura?ao,Cura?ao,GK,24,2002,,0,0,,,,,,,,,,,,,,,,,,,,,,,,,,0,0,,3,,,,,,,,,,,,,,,,,,,,,,,,,,,,,,,,,,
Adam Hlo?ek,Czechia,Czech Republic,FW,23,2002,Hoffenheim,3,2,156,1.7,0,0,0,0,0,0,0,0,0,0,0,0,0,3,1,33.3,1.73,0.58,0,0,52,57.8,65,0,1,27,0,0.33,1,4,-3,-1.73,-0.94,0,4,4,0,0,1,1,,,0,,,,,,,,,,,,,,,,,,
Alexandr Sojka,Czechia,Czech Republic,"MF,DF",23,2003,Viktoria Plze?,3,2,141,1.6,0,1,1,0,0,0,0,0,0,0.64,0.64,0,0.64,0,0,,0,0,,,47,52.2,69,0,1,4,0,0.33,2,3,-1,-0.64,1.45,0,0,2,0,6,2,1,,,0,,,,,,,,,,,,,,,,,,
David Doud?ra,Czechia,Czech Republic,MF,28,1998,Slavia Prague,1,1,90,1,0,0,0,0,0,0,0,0,0,0,0,0,0,4,0,0,4,0,0,,90,33.3,90,1,0,,2,0,0,3,-3,-3,-2.5,0,0,1,0,5,1,0,,,0,,,,,,,,,,,,,,,,,,
David Jur?sek,Czechia,Czech Republic,"DF,MF",25,2000,,0,0,,,,,,,,,,,,,,,,,,,,,,,,,,0,0,,1,,,,,,,,,,,,,,,,,,,,,,,,,,,,,,,,,,
David Zima,Czechia,Czech Republic,DF,25,2000,Slavia Prague,1,0,13,0.1,0,0,0,0,0,0,0,0,0,0,0,0,0,0,0,,0,0,,,13,4.8,,0,1,13,2,1,0,1,-1,-6.92,-5.87,0,0,0,0,0,0,0,,,0,,,,,,,,,,,,,,,,,,
Denis Vi?insk?,Czechia,Czech Republic,FW,23,2003,Viktoria Plze?,1,1,55,0.6,0,0,0,0,0,0,0,0,0,0,0,0,0,3,0,0,4.91,0,0,,55,20.4,55,0,0,,2,0,0,1,-1,-1.64,-0.38,0,0,1,0,0,0,0,,,0,,,,,,,,,,,,,,,,,,
Hugo Soch?rek,Czechia,Czech Republic,MF,18,2008,,0,0,,,,,,,,,,,,,,,,,,,,,,,,,,0,0,,3,,,,,,,,,,,,,,,,,,,,,,,,,,,,,,,,,,
Jan Kuchta,Czechia,Czech Republic,FW,29,1997,,0,0,,,,,,,,,,,,,,,,,,,,,,,,,,0,0,,3,,,,,,,,,,,,,,,,,,,,,,,,,,,,,,,,,,
Jaroslav Zelen?,Czechia,Czech Republic,MF,33,1992,Sparta Prague,2,1,126,1.4,0,0,0,0,0,0,0,0,0,0,0,0,0,1,0,0,0.71,0,0,,63,46.7,90,1,1,36,1,0.5,1,3,-2,-1.43,-0.18,0,0,2,0,4,0,0,,,0,,,,,,,,,,,,,,,,,,
Jind?ich Stan?k,Czechia,Czech Republic,GK,30,1996,,0,0,,,,,,,,,,,,,,,,,,,,,,,,,,0,0,,3,,,,,,,,,,,,,,,,,,,,,,,,,,,,,,,,,,
Ladislav Krej??,Czechia,Czech Republic,DF,27,1999,Wolves,3,3,270,3,1,0,1,1,0,0,1,0,0.33,0,0.33,0.33,0.33,5,1,20,1.67,0.33,0.2,1,90,100,90,3,0,,0,0.33,2,6,-4,-1.33,,0,6,2,0,2,1,3,,,0,,,,,,,,,,,,,,,,,,
Luk?? Horn??ek,Czechia,Czech Republic,GK,23,2002,,0,0,,,,,,,,,,,,,,,,,,,,,,,,,,0,0,,3,,,,,,,,,,,,,,,,,,,,,,,,,,,,,,,,,,
Luk?? Provod,Czechia,Czech Republic,FW,29,1996,Slavia Prague,3,1,122,1.4,0,0,0,0,0,0,0,0,0,0,0,0,0,1,0,0,0.74,0,0,,41,45.2,63,0,2,30,0,0.33,1,3,-2,-1.48,-0.26,0,2,1,1,5,1,3,,,0,,,,,,,,,,,,,,,,,,
Luk?? ?erv,Czechia,Czech Republic,MF,25,2001,Viktoria Plze?,2,2,163,1.8,0,0,0,0,0,0,0,0,0,0,0,0,0,3,2,66.7,1.66,1.1,0,0,82,60.4,82,0,0,,1,0.5,1,2,-1,-0.55,1.97,0,3,3,0,0,0,3,,,0,,,,,,,,,,,,,,,,,,
Matej Kovar,Czechia,Czech Republic,GK,26,2000,PSV,3,3,270,3,0,0,0,0,0,0,0,0,0,0,0,0,0,0,0,,0,0,,,90,100,90,3,0,,0,0.33,2,6,-4,-1.33,,0,0,0,0,0,0,0,,,0,3,3,270,6,2,15,9,60,0,1,2,0,0,1,1,0,0,0
Michal Sad?lek,Czechia,Czech Republic,MF,27,1999,Slavia Prague,3,2,183,2,1,0,1,1,0,0,0,0,0.49,0,0.49,0.49,0.49,7,3,42.9,3.44,1.48,0.14,0.33,61,67.8,78,1,1,27,0,0.33,1,5,-4,-1.97,-1.97,0,0,3,0,12,2,2,,,0,,,,,,,,,,,,,,,,,,
Mojm?r Chytil,Czechia,Czech Republic,FW,27,1999,Slavia Prague,1,0,7,0.1,0,0,0,0,0,0,0,0,0,0,0,0,0,0,0,,0,0,,,7,2.6,,0,1,7,2,0,0,0,0,0,1.37,0,1,0,0,0,0,0,,,0,,,,,,,,,,,,,,,,,,
Patrik Schick,Czechia,Czech Republic,FW,30,1996,Leverkusen,3,2,180,2,0,0,0,0,0,0,0,0,0,0,0,0,0,2,1,50,1,0.5,0,0,60,66.7,77,1,1,27,0,0.33,2,2,0,0,4,0,1,3,0,0,0,0,,,0,,,,,,,,,,,,,,,,,,
Pavel ?ulc,Czechia,Czech Republic,FW,25,2000,Lyon,3,2,189,2.1,0,0,0,0,0,0,0,0,0,0,0,0,0,2,0,0,0.95,0,0,,63,70,77,1,1,36,0,0.33,1,4,-3,-1.43,-0.32,0,2,1,1,1,0,2,,,0,,,,,,,,,,,,,,,,,,
Robin Hran??,Czechia,Czech Republic,DF,26,2000,Hoffenheim,3,3,270,3,0,0,0,0,0,0,0,0,0,0,0,0,0,0,0,,0,0,,,90,100,90,3,0,,0,0.33,2,6,-4,-1.33,,0,6,0,0,1,1,0,,,0,,,,,,,,,,,,,,,,,,
Tom?? Chor?,Czechia,Czech Republic,FW,31,1995,Slavia Prague,2,0,31,0.3,0,0,0,0,0,0,0,0,0,0,0,0,0,0,0,,0,0,,,16,11.5,,0,2,16,1,0,0,3,-3,-8.71,-8.33,0,2,1,0,0,0,0,,,0,,,,,,,,,,,,,,,,,,
Tom?? Hole?,Czechia,Czech Republic,DF,33,1993,Slavia Prague,2,2,153,1.7,0,0,0,0,0,0,0,0,0,0,0,0,0,0,0,,0,0,,,77,56.7,77,1,0,,1,0.5,1,3,-2,-1.18,0.36,0,2,2,0,0,4,3,,,0,,,,,,,,,,,,,,,,,,
Tom?? Sou?ek,Czechia,Czech Republic,MF,31,1995,West Ham,3,1,137,1.5,0,0,0,0,0,0,0,0,0,0,0,0,0,1,0,0,0.66,0,0,,46,50.7,90,1,2,24,0,0.33,1,3,-2,-1.31,0.04,0,3,1,2,1,1,0,,,0,,,,,,,,,,,,,,,,,,
Vladim?r Coufal,Czechia,Czech Republic,"MF,DF",33,1992,Hoffenheim,3,3,270,3,0,1,1,0,0,0,0,0,0,0.33,0.33,0,0.33,1,0,0,0.33,0,0,,90,100,90,3,0,,0,0.33,2,6,-4,-1.33,,0,4,3,1,20,2,1,,,0,,,,,,,,,,,,,,,,,,
Vladim?r Darida,Czechia,Czech Republic,MF,35,1990,Hradec Kr?lov?,1,1,54,0.6,0,0,0,0,0,0,0,0,0,0,0,0,0,1,0,0,1.67,0,0,,54,20,54,0,0,,2,1,1,0,1,1.67,3.75,0,0,1,0,0,1,0,,,0,,,,,,,,,,,,,,,,,,
?t?p?n Chaloupek,Czechia,Czech Republic,DF,23,2003,Slavia Prague,1,1,90,1,0,0,0,0,0,0,0,0,0,0,0,0,0,0,0,,0,0,,,90,33.3,90,1,0,,2,0,1,2,-1,-1,0.5,0,1,0,0,0,2,0,,,0,,,,,,,,,,,,,,,,,,
Alban Lafont,C?te d'Ivoire,C?te d'Ivoire,GK,27,1999,,0,0,,,,,,,,,,,,,,,,,,,,,,,,,,0,0,,4,,,,,,,,,,,,,,,,,,,,,,,,,,,,,,,,,,
Amad Diallo,C?te d'Ivoire,C?te d'Ivoire,"MF,FW",23,2002,Manchester Utd,4,2,185,2.1,2,0,2,2,0,0,0,0,0.97,0,0.97,0.97,0.97,8,4,50,3.89,1.95,0.25,0.5,46,51.4,60,0,2,33,0,1.5,4,2,2,0.97,1.49,0,0,2,1,4,2,4,,,0,,,,,,,,,,,,,,,,,,
Ange-Yoan Bonny,C?te d'Ivoire,C?te d'Ivoire,FW,22,2003,Inter,4,3,234,2.6,0,0,0,0,0,0,0,0,0,0,0,0,0,1,1,100,0.38,0.38,0,0,59,65,66,0,1,35,0,1.5,4,2,2,0.77,1.48,0,1,3,1,1,1,2,,,0,,,,,,,,,,,,,,,,,,
Bazoumana Tour?,C?te d'Ivoire,C?te d'Ivoire,MF,20,2006,Hoffenheim,3,1,80,0.9,0,0,0,0,0,0,0,0,0,0,0,0,0,0,0,,0,0,,,27,22.2,55,0,2,13,1,2,0,0,0,0,-0.32,0,0,1,0,2,0,1,,,0,,,,,,,,,,,,,,,,,,
Christ Inao Oula?,C?te d'Ivoire,C?te d'Ivoire,MF,20,2006,Trabzonspor,4,2,208,2.3,0,0,0,0,0,0,0,0,0,0,0,0,0,2,0,0,0.87,0,0,,52,57.8,75,1,2,30,0,1.5,3,3,0,0,-0.59,0,3,5,0,0,6,4,,,0,,,,,,,,,,,,,,,,,,
Christopher Op?ri,C?te d'Ivoire,C?te d'Ivoire,DF,29,1997,Ba?ak?ehir,1,1,90,1,0,0,0,0,0,0,0,0,0,0,0,0,0,0,0,,0,0,,,90,25,90,1,0,,3,3,2,0,2,2,2.33,0,2,0,0,2,1,2,,,0,,,,,,,,,,,,,,,,,,
Elye Wahi,C?te d'Ivoire,C?te d'Ivoire,FW,23,2003,Nice,3,1,110,1.2,0,0,0,0,0,0,0,0,0,0,0,0,0,3,2,66.7,2.45,1.64,0,0,37,30.6,55,0,2,28,1,2,1,1,0,0,-0.36,0,0,0,0,0,0,1,,,0,,,,,,,,,,,,,,,,,,
Emmanuel Agbadou,C?te d'Ivoire,C?te d'Ivoire,DF,28,1997,Be?ikta?,3,3,270,3,0,0,0,0,0,0,0,0,0,0,0,0,0,3,1,33.3,1,0.33,0,0,90,75,90,3,0,,1,1,3,4,-1,-0.33,-2.33,0,0,0,0,0,4,6,,,0,,,,,,,,,,,,,,,,,,
Evann Guessand,C?te d'Ivoire,C?te d'Ivoire,"FW,MF",24,2001,Crystal Palace,2,0,17,0.2,0,0,0,0,0,0,0,0,0,0,0,0,0,1,0,0,5.29,0,0,,9,4.7,,0,2,9,2,0,0,1,-1,-5.29,-5.82,0,1,0,0,0,0,0,,,0,,,,,,,,,,,,,,,,,,
Franck Kessi?,C?te d'Ivoire,C?te d'Ivoire,MF,29,1996,Al-Ahli,4,4,346,3.8,1,0,1,1,0,0,1,0,0.26,0,0.26,0.26,0.26,4,2,50,1.04,0.52,0.25,0.5,87,96.1,87,3,0,,0,1.5,5,4,1,0.26,0.26,0,7,2,1,2,0,4,,,0,,,,,,,,,,,,,,,,,,
Ghislain Konan,C?te d'Ivoire,C?te d'Ivoire,DF,30,1995,Gil Vicente FC,3,3,269,3,0,0,0,0,0,0,0,0,0,0,0,0,0,4,0,0,1.34,0,0,,90,74.7,90,2,0,,1,1,3,4,-1,-0.33,-2.31,0,0,1,0,8,0,3,,,0,,,,,,,,,,,,,,,,,,
Gu?la Dou?,C?te d'Ivoire,C?te d'Ivoire,DF,23,2002,Strasbourg,4,3,277,3.1,0,0,0,0,0,0,1,0,0,0,0,0,0,1,0,0,0.32,0,0,,69,76.9,89,2,1,9,0,1.5,3,3,0,0,-1.08,0,6,5,0,12,3,5,,,0,,,,,,,,,,,,,,,,,,
Ibrahim Sangar?,C?te d'Ivoire,C?te d'Ivoire,MF,28,1997,Nottingham,4,3,268,3,0,1,1,0,0,0,0,0,0,0.34,0.34,0,0.34,1,0,0,0.34,0,0,,67,74.4,85,2,1,14,0,1.5,5,3,2,0.67,1.65,0,2,4,0,0,6,5,,,0,,,,,,,,,,,,,,,,,,
Jean Seri,C?te d'Ivoire,C?te d'Ivoire,MF,34,1991,,1,0,14,0.2,0,0,0,0,0,0,0,0,0,0,0,0,0,0,0,,0,0,,,14,3.9,,0,1,14,3,3,0,0,0,0,-0.26,0,0,0,0,3,0,1,,,0,,,,,,,,,,,,,,,,,,
Mohamed Kon?,C?te d'Ivoire,C?te d'Ivoire,GK,24,2002,,0,0,,,,,,,,,,,,,,,,,,,,,,,,,,0,0,,4,,,,,,,,,,,,,,,,,,,,,,,,,,,,,,,,,,
Nicolas P?p?,C?te d'Ivoire,C?te d'Ivoire,FW,31,1995,Villarreal,4,3,234,2.6,2,1,3,2,0,0,1,0,0.77,0.38,1.15,0.77,1.15,6,3,50,2.31,1.15,0.33,0.67,59,65,76,0,1,6,0,1.5,3,3,0,0,-0.71,0,1,1,1,10,3,0,,,0,,,,,,,,,,,,,,,,,,
Obite N'Dicka,C?te d'Ivoire,C?te d'Ivoire,DF,26,1999,,0,0,,,,,,,,,,,,,,,,,,,,,,,,,,0,0,,4,,,,,,,,,,,,,,,,,,,,,,,,,,,,,,,,,,
Odilon Kossounou,C?te d'Ivoire,C?te d'Ivoire,DF,25,2001,Atalanta,4,3,272,3,0,0,0,0,0,0,0,0,0,0,0,0,0,0,0,,0,0,,,68,75.6,90,3,1,2,0,1.5,5,4,1,0.33,0.33,0,0,1,0,0,3,3,,,0,,,,,,,,,,,,,,,,,,
Oumar Diakit?,C?te d'Ivoire,C?te d'Ivoire,FW,22,2003,Cercle Brugge,2,0,28,0.3,0,0,0,0,0,0,0,0,0,0,0,0,0,0,0,,0,0,,,14,7.8,,0,2,14,2,1.5,0,0,0,0,-0.27,0,0,0,0,1,0,1,,,0,,,,,,,,,,,,,,,,,,
Ousmane Diomande,C?te d'Ivoire,C?te d'Ivoire,DF,22,2003,Sporting CP,1,1,90,1,0,0,0,0,0,0,0,0,0,0,0,0,0,0,0,,0,0,,,90,25,90,1,0,,3,3,2,0,2,2,2.33,0,0,0,0,0,1,0,,,0,,,,,,,,,,,,,,,,,,
Parfait Guiagon,C?te d'Ivoire,C?te d'Ivoire,MF,25,2001,,0,0,,,,,,,,,,,,,,,,,,,,,,,,,,0,0,,4,,,,,,,,,,,,,,,,,,,,,,,,,,,,,,,,,,
Seko Fofana,C?te d'Ivoire,C?te d'Ivoire,MF,31,1995,Porto,2,1,92,1,0,0,0,0,0,0,1,0,0,0,0,0,0,5,1,20,4.89,0.98,0,0,46,25.6,76,0,1,16,2,1.5,0,1,-1,-0.98,-1.65,0,1,0,0,0,2,0,,,0,,,,,,,,,,,,,,,,,,
Simon Adingra,C?te d'Ivoire,C?te d'Ivoire,"FW,MF",24,2002,Monaco,1,0,16,0.2,0,0,0,0,0,0,0,0,0,0,0,0,0,0,0,,0,0,,,16,4.4,,0,1,16,3,0,0,1,-1,-5.63,-6.15,0,0,0,0,1,0,0,,,0,,,,,,,,,,,,,,,,,,
Wilfried Singo,C?te d'Ivoire,C?te d'Ivoire,DF,25,2000,Galatasaray,2,2,171,1.9,0,1,1,0,0,0,0,0,0,0.53,0.53,0,0.53,2,0,0,1.05,0,0,,86,47.5,86,1,0,,2,1.5,2,1,1,0.53,0.53,0,3,1,0,1,4,0,,,0,,,,,,,,,,,,,,,,,,
Yahia Fofana,C?te d'Ivoire,C?te d'Ivoire,GK,25,2000,Rizespor,4,4,360,4,0,0,0,0,0,0,0,0,0,0,0,0,0,0,0,,0,0,,,90,100,90,4,0,,0,1.5,5,4,1,0.25,,0,0,3,0,0,0,0,,,0,4,4,360,4,1,13,9,69.2,2,0,2,2,50,0,0,0,0,
Yan Diomand?,C?te d'Ivoire,C?te d'Ivoire,"MF,FW",19,2006,RB Leipzig,4,4,329,3.7,0,1,1,0,0,0,0,0,0,0.27,0.27,0,0.27,4,0,0,1.09,0,0,,82,91.4,82,1,0,,0,1.5,5,3,2,0.55,3.45,0,2,7,0,14,4,6,,,0,,,,,,,,,,,,,,,,,,
Alan Franco,Ecuador,Ecuador,DF,27,1998,Atl?tico Mineiro,4,4,251,2.8,0,0,0,0,0,0,2,0,0,0,0,0,0,0,0,,0,0,,,63,69.7,63,0,0,,0,1,1,3,-2,-0.72,-0.72,0,7,0,0,5,4,6,,,0,,,,,,,,,,,,,,,,,,
Alan Minda,Ecuador,Ecuador,MF,23,2003,Atl?tico Mineiro,1,1,55,0.6,0,0,0,0,0,0,0,0,0,0,0,0,0,2,0,0,3.27,0,0,,55,15.3,55,0,0,,3,0,0,0,0,0,0.59,0,0,1,0,2,1,0,,,0,,,,,,,,,,,,,,,,,,
Anthony Valencia,Ecuador,Ecuador,MF,22,2003,,0,0,,,,,,,,,,,,,,,,,,,,,,,,,,0,0,,4,,,,,,,,,,,,,,,,,,,,,,,,,,,,,,,,,,
Denil Castillo,Ecuador,Ecuador,MF,22,2004,,0,0,,,,,,,,,,,,,,,,,,,,,,,,,,0,0,,4,,,,,,,,,,,,,,,,,,,,,,,,,,,,,,,,,,
Enner Valencia,Ecuador,Ecuador,FW,36,1989,Pachuca,4,4,287,3.2,0,0,0,0,0,0,0,0,0,0,0,0,0,10,6,60,3.14,1.88,0,0,72,79.7,72,1,0,,0,1,1,3,-2,-0.63,-0.63,0,4,7,2,1,0,1,,,0,,,,,,,,,,,,,,,,,,
F?lix Torres Caicedo,Ecuador,Ecuador,DF,29,1997,Internacional,1,0,6,0.1,0,0,0,0,0,0,0,0,0,0,0,0,0,0,0,,0,0,,,6,1.7,,0,1,6,3,3,0,0,0,0,0.51,0,0,0,0,0,0,0,,,0,,,,,,,,,,,,,,,,,,
Gonzalo Plata,Ecuador,Ecuador,FW,25,2000,Flamengo,4,4,360,4,1,0,1,1,0,0,1,0,0.25,0,0.25,0.25,0.25,8,5,62.5,2,1.25,0.13,0.2,90,100,90,4,0,,0,1,2,4,-2,-0.5,,0,5,4,0,8,2,5,,,0,,,,,,,,,,,,,,,,,,
Gonzalo Valle,Ecuador,Ecuador,GK,30,1996,,0,0,,,,,,,,,,,,,,,,,,,,,,,,,,0,0,,4,,,,,,,,,,,,,,,,,,,,,,,,,,,,,,,,,,
Hern?n Gal?ndez,Ecuador,Ecuador,GK,39,1987,Hurac?n,4,4,360,4,0,0,0,0,0,0,0,0,0,0,0,0,0,0,0,,0,0,,,90,100,90,4,0,,0,1,2,4,-2,-0.5,,0,0,0,0,0,0,0,,,0,4,4,360,4,1,13,9,69.2,1,1,2,1,25,0,0,0,0,
Jackson Porozo,Ecuador,Ecuador,DF,25,2000,Tijuana,1,0,29,0.3,0,0,0,0,0,0,1,0,0,0,0,0,0,0,0,,0,0,,,29,8.1,,0,1,29,3,0,0,1,-1,-3.1,-2.83,0,2,0,0,0,0,0,,,0,,,,,,,,,,,,,,,,,,
Jeremy Ar?valo,Ecuador,Ecuador,FW,21,2005,,0,0,,,,,,,,,,,,,,,,,,,,,,,,,,0,0,,4,,,,,,,,,,,,,,,,,,,,,,,,,,,,,,,,,,
Joel Ord??ez,Ecuador,Ecuador,DF,22,2004,Club Brugge,3,3,225,2.5,0,0,0,0,0,0,0,0,0,0,0,0,0,2,0,0,0.8,0,0,,75,62.5,75,2,0,,1,1,2,4,-2,-0.8,-0.8,0,1,1,0,0,1,5,,,0,,,,,,,,,,,,,,,,,,
John Yeboah,Ecuador,Ecuador,MF,25,2000,Venezia,4,4,311,3.5,0,0,0,0,0,0,0,0,0,0,0,0,0,8,3,37.5,2.32,0.87,0,0,78,86.4,78,0,0,,0,1,2,3,-1,-0.29,1.55,0,0,4,0,11,3,3,,,0,,,,,,,,,,,,,,,,,,
Jordy Alcivar,Ecuador,Ecuador,MF,26,1999,Independiente,1,1,45,0.5,0,0,0,0,0,0,1,0,0,0,0,0,0,1,0,0,2,0,0,,45,12.5,45,0,0,,3,1,0,0,0,0,0.57,0,1,0,0,1,0,1,,,0,,,,,,,,,,,,,,,,,,
Jordy Caicedo,Ecuador,Ecuador,FW,28,1997,Hurac?n,3,0,20,0.2,0,0,0,0,0,0,0,0,0,0,0,0,0,1,0,0,4.5,0,0,,7,5.6,,0,3,7,1,1.33,0,0,0,0,0.53,0,2,0,0,0,0,0,,,0,,,,,,,,,,,,,,,,,,
Kendry P?ez,Ecuador,Ecuador,MF,19,2007,River Plate,1,0,12,0.1,0,0,0,0,0,0,1,0,0,0,0,0,0,0,0,,0,0,,,12,3.3,,0,1,12,3,0,0,0,0,0,0.52,0,1,0,0,0,0,0,,,0,,,,,,,,,,,,,,,,,,
Kevin Rodr?guez,Ecuador,Ecuador,FW,26,2000,Union SG,4,0,118,1.3,0,1,1,0,0,0,0,0,0,0.76,0.76,0,0.76,6,1,16.7,4.58,0.76,0,0,30,32.8,,0,4,30,0,1,1,1,0,0,0.74,0,3,2,0,0,0,1,,,0,,,,,,,,,,,,,,,,,,
Mois?s Caicedo,Ecuador,Ecuador,MF,24,2001,Chelsea,4,4,360,4,0,0,0,0,0,0,1,0,0,0,0,0,0,4,1,25,1,0.25,0,0,90,100,90,4,0,,0,1,2,4,-2,-0.5,,0,5,4,0,17,4,6,,,0,,,,,,,,,,,,,,,,,,
Mois?s Ram?rez,Ecuador,Ecuador,GK,25,2000,,0,0,,,,,,,,,,,,,,,,,,,,,,,,,,0,0,,4,,,,,,,,,,,,,,,,,,,,,,,,,,,,,,,,,,
Nilson Angulo,Ecuador,Ecuador,MF,22,2003,Sunderland,4,2,218,2.4,1,0,1,1,0,0,0,0,0.41,0,0.41,0.41,0.41,2,2,100,0.83,0.83,0.5,0.5,55,60.6,81,0,2,28,0,1,2,4,-2,-0.83,-0.83,0,4,3,0,5,2,1,,,0,,,,,,,,,,,,,,,,,,
Pedro Vite,Ecuador,Ecuador,MF,24,2002,UNAM,4,4,360,4,0,1,1,0,0,0,0,0,0,0.25,0.25,0,0.25,4,1,25,1,0.25,0,0,90,100,90,4,0,,0,1,2,4,-2,-0.5,,0,2,5,0,6,5,11,,,0,,,,,,,,,,,,,,,,,,
Pervis Estupi??n,Ecuador,Ecuador,MF,28,1998,Milan,2,1,89,1,0,0,0,0,0,0,0,0,0,0,0,0,0,0,0,,0,0,,,45,24.7,69,0,1,20,2,2,1,0,1,1.01,2.01,0,3,0,0,2,0,1,,,0,,,,,,,,,,,,,,,,,,
Piero Hincapi?,Ecuador,Ecuador,DF,24,2002,Arsenal,4,4,339,3.8,0,0,0,0,0,0,1,1,0,0,0,0,0,3,0,0,0.8,0,0,,85,94.2,85,2,0,,0,1,1,4,-3,-0.8,-5.08,0,5,4,0,14,4,5,,,0,,,,,,,,,,,,,,,,,,
Willian Pacho,Ecuador,Ecuador,DF,24,2001,PSG,4,4,360,4,0,0,0,0,0,0,0,0,0,0,0,0,0,1,1,100,0.25,0.25,0,0,90,100,90,4,0,,0,1,2,4,-2,-0.5,,0,3,2,0,0,8,2,,,0,,,,,,,,,,,,,,,,,,
Yaimar Medina,Ecuador,Ecuador,"DF,MF",21,2004,Genk,1,0,45,0.5,0,0,0,0,0,0,0,0,0,0,0,0,0,1,0,0,2,0,0,,45,12.5,,0,1,45,3,0,0,0,0,0,0.57,0,1,0,0,4,1,0,,,0,,,,,,,,,,,,,,,,,,
?ngelo Preciado,Ecuador,Ecuador,"DF,MF",28,1998,Atl?tico Mineiro,4,0,109,1.2,0,0,0,0,0,0,0,0,0,0,0,0,0,0,0,,0,0,,,27,30.3,,0,4,27,0,1,1,1,0,0,0.72,0,0,1,0,7,3,1,,,0,,,,,,,,,,,,,,,,,,
Ahmed Fatouh,Egypt,Egypt,DF,28,1998,,3,3,267,3,0,0,0,0,0,0,1,0,0,0,0,0,0,1,1,100,0.34,0.34,0,0,89,55.6,89,2,0,,0,1.67,5,3,2,0.67,1.1,0,2,3,0,8,4,5,,,0,,,,,,,,,,,,,,,,,,
El Mahdy Soliman,Egypt,Egypt,GK,39,1987,,0,0,,,,,,,,,,,,,,,,,,,,,,,,,,0,0,,5,,,,,,,,,,,,,,,,,,,,,,,,,,,,,,,,,,
Emam Ashour,Egypt,Egypt,MF,28,1998,,5,5,362,4,2,0,2,2,0,0,0,0,0.5,0,0.5,0.5,0.5,10,2,20,2.49,0.5,0.2,1,72,75.4,72,1,0,,0,1.2,7,4,3,0.75,2.27,0,2,13,0,4,4,2,,,0,,,,,,,,,,,,,,,,,,
Haissem Hassan,Egypt,Egypt,MF,24,2002,Oviedo,2,1,126,1.4,0,1,1,0,0,0,2,0,0,0.71,0.71,0,0.71,1,0,0,0.71,0,0,,63,26.3,72,0,1,54,3,0.5,2,0,2,1.43,1.68,0,2,2,0,9,0,1,,,0,,,,,,,,,,,,,,,,,,
Hamdy Fathy,Egypt,Egypt,"DF,MF",31,1994,,4,3,238,2.6,0,0,0,0,0,0,1,0,0,0,0,0,0,0,0,,0,0,,,60,49.6,64,0,1,45,0,1.25,3,6,-3,-1.13,-2.62,0,3,2,1,1,2,3,,,0,,,,,,,,,,,,,,,,,,
Hamza Abdelkarim,Egypt,Egypt,FW,18,2008,,4,0,60,0.7,0,0,0,0,0,0,0,0,0,0,0,0,0,0,0,,0,0,,,15,12.5,,0,4,15,1,1.5,1,0,1,1.5,1.5,0,2,0,0,0,0,0,,,0,,,,,,,,,,,,,,,,,,
Hossam Abdelmaguid,Egypt,Egypt,DF,25,2001,,2,0,59,0.7,0,0,0,0,0,0,0,0,0,0,0,0,0,0,0,,0,0,,,30,12.3,,0,2,30,2,2,0,0,0,0,-0.21,0,1,0,0,0,1,0,,,0,,,,,,,,,,,,,,,,,,
Ibrahim Adel,Egypt,Egypt,MF,25,2001,Nordsj©¡lland,1,0,3,0,0,0,0,0,0,0,0,0,0,0,0,0,0,0,0,,0,0,,,3,0.6,,0,1,3,4,1,0,0,0,0,-0.19,0,0,0,0,0,0,0,,,0,,,,,,,,,,,,,,,,,,
Karim Hafez,Egypt,Egypt,DF,30,1996,,3,2,172,1.9,0,1,1,0,0,0,0,0,0,0.52,0.52,0,0.52,1,0,0,0.52,0,0,,57,35.8,85,1,1,3,2,0.67,3,4,-1,-0.52,-1.11,0,1,2,0,3,3,1,,,0,,,,,,,,,,,,,,,,,,
Mahmoud Saber,Egypt,Egypt,MF,24,2001,,2,1,46,0.5,1,0,1,1,0,0,1,0,1.96,0,1.96,1.96,1.96,3,1,33.3,5.87,1.96,0.33,1,23,9.6,45,0,1,1,3,1,1,1,0,0,-0.21,0,2,1,0,1,0,0,,,0,,,,,,,,,,,,,,,,,,
Marwan Attia,Egypt,Egypt,MF,27,1998,,5,4,434,4.8,0,1,1,0,0,0,2,0,0,0.21,0.21,0,0.21,4,0,0,0.83,0,0,,87,90.4,97,3,1,45,0,1.2,7,6,1,0.21,0.21,0,8,1,0,11,3,3,,,0,,,,,,,,,,,,,,,,,,
Mohamed Abdelmonem,Egypt,Egypt,DF,27,1999,Nice,2,1,14,0.2,0,0,0,0,0,0,0,0,0,0,0,0,0,0,0,,0,0,,,7,2.9,13,0,1,1,1,2,1,1,0,0,-0.19,0,1,0,0,0,0,0,,,0,,,,,,,,,,,,,,,,,,
Mohamed Alaa,Egypt,Egypt,GK,27,1999,,0,0,,,,,,,,,,,,,,,,,,,,,,,,,,0,0,,5,,,,,,,,,,,,,,,,,,,,,,,,,,,,,,,,,,
Mohamed El-Shenawy,Egypt,Egypt,GK,37,1988,,0,0,,,,,,,,,,,,,,,,,,,,,,,,,,0,0,,5,,,,,,,,,,,,,,,,,,,,,,,,,,,,,,,,,,
Mohamed Hany,Egypt,Egypt,DF,30,1996,,5,5,480,5.3,0,1,1,0,0,0,0,0,0,0.19,0.19,0,0.19,4,0,0,0.75,0,0,,96,100,96,5,0,,0,1.2,8,7,1,0.19,,0,2,1,0,15,6,9,,,2,,,,,,,,,,,,,,,,,,
Mohamed Salah,Egypt,Egypt,"FW,MF",33,1992,Liverpool,5,5,425,4.7,1,2,3,1,0,0,0,0,0.21,0.42,0.64,0.21,0.64,9,4,44.4,1.91,0.85,0.11,0.25,85,88.5,85,2,0,,0,1.2,8,7,1,0.21,0.21,0,5,13,1,14,2,0,,,0,,,,,,,,,,,,,,,,,,
Mohanad Lasheen,Egypt,Egypt,MF,30,1996,,4,4,359,4,0,0,0,0,0,0,2,0,0,0,0,0,0,2,0,0,0.5,0,0,,90,74.8,90,3,0,,0,1.25,7,5,2,0.5,1.25,0,5,3,0,1,8,11,,,0,,,,,,,,,,,,,,,,,,
Mostafa Shobeir,Egypt,Egypt,GK,26,2000,,5,5,480,5.3,0,0,0,0,0,0,1,0,0,0,0,0,0,0,0,,0,0,,,96,100,96,5,0,,0,1.2,8,7,1,0.19,,0,0,5,0,0,0,0,,,0,5,5,480,7,1.31,19,12,63.2,1,3,1,0,0,2,0,2,0,100
Mostafa Ziko,Egypt,Egypt,"FW,MF",29,1997,,5,5,370,4.1,2,1,3,2,0,0,0,0,0.49,0.24,0.73,0.49,0.73,8,3,37.5,1.95,0.73,0.25,0.67,74,77.1,74,0,0,,0,1.2,7,5,2,0.49,1.3,0,6,5,2,2,2,4,,,0,,,,,,,,,,,,,,,,,,
Nabil Dunga,Egypt,Egypt,MF,30,1996,,0,0,,,,,,,,,,,,,,,,,,,,,,,,,,0,0,,5,,,,,,,,,,,,,,,,,,,,,,,,,,,,,,,,,,
Omar Marmoush,Egypt,Egypt,"FW,MF",27,1999,Manchester City,5,3,326,3.6,0,0,0,0,0,0,0,0,0,0,0,0,0,11,1,9.1,3.04,0.28,0,0,65,67.9,90,1,2,28,0,1.2,4,5,-1,-0.28,-1.44,0,3,8,0,5,2,3,,,0,,,,,,,,,,,,,,,,,,
Ramy Rabia,Egypt,Egypt,DF,33,1993,,5,3,372,4.1,0,0,0,0,0,0,0,0,0,0,0,0,0,1,1,100,0.24,0.24,0,0,74,77.5,100,3,2,36,0,1.2,7,5,2,0.48,1.32,0,3,2,0,0,3,5,,,0,,,,,,,,,,,,,,,,,,
Tarek Alaa,Egypt,Egypt,DF,24,2002,,0,0,,,,,,,,,,,,,,,,,,,,,,,,,,0,0,,5,,,,,,,,,,,,,,,,,,,,,,,,,,,,,,,,,,
Tr?z?guet,Egypt,Egypt,MF,31,1994,,4,1,164,1.8,1,1,2,1,0,0,0,0,0.55,0.55,1.1,0.55,1.1,8,3,37.5,4.39,1.65,0.13,0.33,41,34.2,90,1,3,25,1,1.25,2,4,-2,-1.1,-1.95,0,3,2,0,2,1,0,,,0,,,,,,,,,,,,,,,,,,
Yasser Ibrahim,Egypt,Egypt,DF,33,1993,,5,4,467,5.2,1,0,1,1,0,0,2,0,0.19,0,0.19,0.19,0.19,1,1,100,0.19,0.19,1,1,93,97.3,98,4,1,77,0,1.2,7,6,1,0.19,0.19,0,6,3,0,0,3,6,,,0,,,,,,,,,,,,,,,,,,
Zizo,Egypt,Egypt,MF,30,1996,,4,0,56,0.6,0,0,0,0,0,0,0,0,0,0,0,0,0,3,1,33.3,4.82,1.61,0,0,14,11.7,,0,4,14,1,1.25,0,0,0,0,-0.21,0,2,1,0,6,0,1,,,0,,,,,,,,,,,,,,,,,,
Anthony Gordon,England,England,MF,25,2001,Barcelona,6,5,396,4.4,1,3,4,1,0,0,0,0,0.23,0.68,0.91,0.23,0.91,6,4,66.7,1.36,0.91,0.17,0.25,66,52.8,73,1,1,30,2,2.17,10,5,5,1.14,0.37,0,4,10,0,8,3,3,,,0,,,,,,,,,,,,,,,,,,
Bukayo Saka,England,England,MF,24,2001,Arsenal,7,3,358,4,3,3,6,2,1,1,0,0,0.75,0.75,1.51,0.5,1.26,13,7,53.8,3.27,1.76,0.15,0.29,51,47.7,69,1,4,38,1,2.71,13,5,8,2.01,2.01,0,4,9,4,21,1,7,,,0,,,,,,,,,,,,,,,,,,
Dan Burn,England,England,DF,34,1992,Newcastle,3,0,35,0.4,0,0,0,0,0,0,0,0,0,0,0,0,0,0,0,,0,0,,,12,4.7,,0,3,12,5,2,0,2,-2,-5.14,-6.4,0,1,0,0,0,0,0,,,0,,,,,,,,,,,,,,,,,,
Dean Henderson,England,England,GK,29,1997,Crystal Palace,1,1,90,1,0,0,0,0,0,0,0,0,0,0,0,0,0,0,0,,0,0,,,90,12,90,1,0,,7,3,6,4,2,2,1.18,0,0,0,0,0,1,0,,,0,1,1,90,4,4,9,5,55.6,1,0,0,0,0,0,0,0,0,
Declan Rice,England,England,MF,27,1999,Arsenal,7,7,557,6.2,1,2,3,1,0,0,2,0,0.16,0.32,0.48,0.16,0.48,6,3,50,0.97,0.48,0.17,0.33,80,74.3,80,3,0,,1,2.29,16,10,6,0.97,0.04,0,4,0,1,44,5,3,,,0,,,,,,,,,,,,,,,,,,
Djed Spence,England,England,DF,25,2000,Tottenham,8,4,404,4.5,0,0,0,0,0,0,0,0,0,0,0,0,0,2,2,100,0.45,0.45,0,0,51,53.9,78,1,4,23,0,2.38,10,6,4,0.89,-0.15,0,3,5,0,6,5,10,,,0,,,,,,,,,,,,,,,,,,
Eberechi Eze,England,England,MF,27,1998,Arsenal,5,1,211,2.3,0,1,1,0,0,0,0,0,0,0.43,0.43,0,0.43,5,0,0,2.13,0,0,,42,28.1,78,0,4,33,3,2.6,7,3,4,1.71,1.04,0,2,4,1,2,0,0,,,0,,,,,,,,,,,,,,,,,,
Elliot Anderson,England,England,MF,23,2002,Nottingham,8,7,632,7,0,1,1,0,0,0,1,0,0,0.14,0.14,0,0.14,7,1,14.3,1,0.14,0,0,79,84.3,89,4,1,12,0,2.38,16,9,7,1,0.23,0,9,13,0,8,8,18,,,0,,,,,,,,,,,,,,,,,,
Ezri Konsa,England,England,DF,28,1997,Aston Villa,8,7,647,7.2,1,0,1,1,0,0,0,0,0.14,0,0.14,0.14,0.14,3,2,66.7,0.42,0.28,0.33,0.5,81,86.3,90,6,1,19,0,2.38,18,12,6,0.83,-0.91,0,8,11,0,3,8,5,,,0,,,,,,,,,,,,,,,,,,
Harry Kane,England,England,FW,32,1993,Bayern Munich,7,7,652,7.2,6,1,7,4,2,2,0,0,0.83,0.14,0.97,0.55,0.69,23,12,52.2,3.17,1.66,0.17,0.33,93,86.9,93,5,0,,1,2.29,14,8,6,0.83,-1.01,0,8,9,2,1,1,3,,,0,,,,,,,,,,,,,,,,,,
Ivan Toney,England,England,FW,30,1996,Al-Ahli,2,1,79,0.9,0,0,0,0,0,0,0,0,0,0,0,0,0,2,1,50,2.28,1.14,0,0,40,10.5,78,0,1,1,6,1.5,4,3,1,1.14,0.2,0,0,3,2,0,0,0,,,0,,,,,,,,,,,,,,,,,,
James Trafford,England,England,GK,23,2002,,0,0,,,,,,,,,,,,,,,,,,,,,,,,,,0,0,,8,,,,,,,,,,,,,,,,,,,,,,,,,,,,,,,,,,
Jarell Quansah,England,England,DF,23,2003,Leverkusen,3,3,197,2.2,0,0,0,0,0,0,1,1,0,0,0,0,0,0,0,,0,0,,,66,26.3,66,0,0,,3,3,7,4,3,1.37,0.56,0,2,2,0,1,0,0,,,0,,,,,,,,,,,,,,,,,,
John Stones,England,England,DF,32,1994,Manchester City,5,3,330,3.7,0,0,0,0,0,0,0,0,0,0,0,0,0,1,0,0,0.27,0,0,,66,44,98,1,2,18,3,2.4,8,5,3,0.82,-0.25,0,1,1,0,1,0,0,,,0,,,,,,,,,,,,,,,,,,
Jordan Henderson,England,England,MF,35,1990,Brentford,1,0,7,0.1,0,0,0,0,0,0,1,0,0,0,0,0,0,0,0,,0,0,,,7,0.9,,0,1,7,6,3,3,2,1,12.86,12.01,0,0,1,0,2,0,1,,,0,,,,,,,,,,,,,,,,,,
Jordan Pickford,England,England,GK,32,1994,Everton,7,7,660,7.3,0,0,0,0,0,0,0,0,0,0,0,0,0,0,0,,0,0,,,94,88,94,7,0,,1,2.29,14,8,6,0.82,-1.18,0,0,4,0,0,0,0,,,0,7,7,660,8,1.09,23,15,65.2,5,1,1,2,28.6,1,1,0,0,0
Jude Bellingham,England,England,MF,22,2003,Real Madrid,8,7,614,6.8,7,1,8,7,0,0,1,0,1.03,0.15,1.17,1.03,1.17,19,13,68.4,2.79,1.91,0.37,0.54,77,81.9,86,3,1,12,0,2.38,15,9,6,0.88,-0.44,0,9,17,1,8,3,10,,,0,,,,,,,,,,,,,,,,,,
Kobbie Mainoo,England,England,MF,21,2005,,0,0,,,,,,,,,,,,,,,,,,,,,,,,,,0,0,,7,,,,,,,,,,,,,,,,,,,,,,,,,,,,,,,,,,
Marc Gu?hi,England,England,DF,25,2000,Manchester City,8,7,663,7.4,0,0,0,0,0,0,1,0,0,0,0,0,0,1,0,0,0.14,0,0,,83,88.4,94,6,1,4,0,2.38,15,9,6,0.81,-1.25,0,4,13,0,0,6,1,,,0,,,,,,,,,,,,,,,,,,
Marcus Rashford,England,England,MF,28,1997,Barcelona,6,3,223,2.5,1,1,2,1,0,0,0,0,0.4,0.4,0.81,0.4,0.81,12,5,41.7,4.84,2.02,0.08,0.2,37,29.7,65,1,3,9,2,2.17,7,1,6,2.42,2.08,0,5,1,1,17,0,2,,,0,,,,,,,,,,,,,,,,,,
Morgan Rogers,England,England,MF,23,2002,Aston Villa,7,3,339,3.8,0,1,1,0,0,0,0,0,0,0.27,0.27,0,0.27,3,1,33.3,0.8,0.27,0,0,48,45.2,90,3,4,17,1,2.29,11,6,5,1.33,0.67,0,5,5,2,5,0,3,,,0,,,,,,,,,,,,,,,,,,
Nico O'Reilly,England,England,DF,21,2005,Manchester City,7,5,461,5.1,0,0,0,0,0,0,1,0,0,0,0,0,0,7,1,14.3,1.37,0.2,0,0,66,61.5,86,3,2,17,1,2.29,12,8,4,0.78,-0.46,0,6,4,0,4,5,3,,,0,,,,,,,,,,,,,,,,,,
Noni Madueke,England,England,MF,24,2002,Arsenal,5,4,286,3.2,0,0,0,0,0,0,0,0,0,0,0,0,0,6,1,16.7,1.89,0.31,0,0,57,38.1,65,0,1,28,3,2.6,5,4,1,0.31,-1.04,0,2,3,1,21,2,4,,,0,,,,,,,,,,,,,,,,,,
Ollie Watkins,England,England,"FW,MF",30,1995,Aston Villa,2,0,52,0.6,0,0,0,0,0,0,0,0,0,0,0,0,0,1,0,0,1.73,0,0,,26,6.9,,0,2,26,6,3,2,4,-2,-3.46,-4.75,0,1,0,0,2,0,1,,,0,,,,,,,,,,,,,,,,,,
Reece James,England,England,DF,26,1999,Chelsea,5,3,319,3.5,0,0,0,0,0,0,0,0,0,0,0,0,0,1,0,0,0.28,0,0,,64,42.5,87,2,2,29,2,2,8,3,5,1.41,0.78,0,3,1,0,9,3,3,,,0,,,,,,,,,,,,,,,,,,
Trevoh Chalobah,England,England,"DF,MF",26,1999,Chelsea,1,0,1,0,0,0,0,0,0,0,0,0,0,0,0,0,0,0,0,,0,0,,,1,0.1,,0,1,1,6,3,1,1,0,0,-0.96,0,0,0,0,0,0,0,,,0,,,,,,,,,,,,,,,,,,
Adrien Rabiot,France,France,MF,31,1995,Milan,7,7,585,6.5,0,1,1,0,0,0,1,0,0,0.15,0.15,0,0.15,9,1,11.1,1.38,0.15,0,0,84,81.3,84,6,0,,1,2.14,16,8,8,1.23,-0.1,0,13,4,1,2,11,7,,,0,,,,,,,,,,,,,,,,,,
Aur?lien Tchouam?ni,France,France,MF,26,2000,Real Madrid,4,4,360,4,0,1,1,0,0,0,1,0,0,0.25,0.25,0,0.25,3,0,0,0.75,0,0,,90,50,90,4,0,,4,2.25,10,4,6,1.5,0.5,0,4,3,0,2,6,14,,,0,,,,,,,,,,,,,,,,,,
Bradley Barcola,France,France,MF,23,2002,PSG,8,4,384,4.3,3,1,4,3,0,0,1,0,0.7,0.23,0.94,0.7,0.94,10,5,50,2.34,1.17,0.3,0.6,48,53.3,72,1,4,24,0,2.25,13,4,9,2.11,1.84,0,5,1,1,3,1,4,,,0,,,,,,,,,,,,,,,,,,
Brice Samba,France,France,GK,32,1994,,0,0,,,,,,,,,,,,,,,,,,,,,,,,,,0,0,,8,,,,,,,,,,,,,,,,,,,,,,,,,,,,,,,,,,
Dayot Upamecano,France,France,DF,27,1998,Bayern Munich,8,7,660,7.3,0,1,1,0,0,0,0,0,0,0.14,0.14,0,0.14,4,2,50,0.55,0.27,0,0,83,91.7,88,6,1,45,0,2.25,19,6,13,1.77,6.27,0,7,4,0,0,15,12,,,0,,,,,,,,,,,,,,,,,,
D?sir? Dou?,France,France,MF,21,2005,PSG,8,4,400,4.4,1,1,2,1,0,0,0,0,0.23,0.23,0.45,0.23,0.45,13,8,61.5,2.93,1.8,0.08,0.13,50,55.6,74,1,4,26,0,2.25,9,6,3,0.68,-1.29,0,4,8,0,3,2,6,,,0,,,,,,,,,,,,,,,,,,
Ibrahima Konat?,France,France,DF,27,1999,Liverpool,2,1,60,0.7,0,0,0,0,0,0,0,0,0,0,0,0,0,0,0,,0,0,,,30,8.3,45,0,1,15,6,1.5,1,4,-3,-4.5,-6.27,0,2,1,0,0,3,0,,,0,,,,,,,,,,,,,,,,,,
Jean-Philippe Mateta,France,France,FW,28,1997,Crystal Palace,3,0,24,0.3,0,0,0,0,0,0,0,0,0,0,0,0,0,3,1,33.3,11.25,3.75,0,0,8,3.3,,0,3,8,5,3,1,0,1,3.75,2.59,0,1,0,0,0,0,0,,,0,,,,,,,,,,,,,,,,,,
Jules Kound?,France,France,DF,27,1998,Barcelona,8,7,599,6.7,0,0,0,0,0,0,0,0,0,0,0,0,0,2,0,0,0.3,0,0,,75,83.2,85,3,1,1,0,2.25,16,5,11,1.65,2.4,0,6,5,1,12,3,8,,,0,,,,,,,,,,,,,,,,,,
Kylian Mbapp?,France,France,FW,27,1998,Real Madrid,8,8,695,7.7,10,4,14,9,1,2,1,0,1.29,0.52,1.81,1.17,1.68,41,23,56.1,5.31,2.98,0.22,0.39,87,96.5,87,4,0,,0,2.25,19,10,9,1.17,-2.43,0,6,8,7,4,0,1,,,0,,,,,,,,,,,,,,,,,,
Lucas Digne,France,France,DF,32,1993,Aston Villa,6,5,463,5.1,0,0,0,0,0,0,0,0,0,0,0,0,0,2,1,50,0.39,0.19,0,0,77,64.3,84,3,1,45,2,2,13,4,9,1.75,1.4,0,7,2,0,15,2,3,,,0,,,,,,,,,,,,,,,,,,
Lucas Hern?ndez,France,France,DF,30,1996,,0,0,,,,,,,,,,,,,,,,,,,,,,,,,,0,0,,8,,,,,,,,,,,,,,,,,,,,,,,,,,,,,,,,,,
Maghnes Akliouche,France,France,MF,24,2002,Monaco,1,0,8,0.1,0,0,0,0,0,0,0,0,0,0,0,0,0,0,0,,0,0,,,8,1.1,,0,1,8,7,3,0,0,0,0,-1.26,0,0,0,0,1,0,0,,,0,,,,,,,,,,,,,,,,,,
Malo Gusto,France,France,DF,23,2003,Chelsea,5,1,121,1.3,0,0,0,0,0,0,0,0,0,0,0,0,0,0,0,,0,0,,,24,16.8,89,0,4,8,3,2.4,4,5,-1,-0.74,-2.4,0,4,2,0,2,2,3,,,0,,,,,,,,,,,,,,,,,,
Manu Kon?,France,France,MF,25,2001,Roma,5,4,385,4.3,0,0,0,0,0,0,1,0,0,0,0,0,0,6,2,33.3,1.4,0.47,0,0,77,53.5,85,3,1,45,3,2.4,10,2,8,1.87,1.33,0,6,7,0,1,3,5,,,0,,,,,,,,,,,,,,,,,,
Marcus Thuram,France,France,"FW,MF",28,1997,Inter,1,0,1,0,0,0,0,0,0,0,0,0,0,0,0,0,0,0,0,,0,0,,,1,0.1,,0,1,1,7,3,0,0,0,0,-1.25,0,0,0,0,0,0,0,,,0,,,,,,,,,,,,,,,,,,
Maxence Lacroix,France,France,DF,26,2000,Crystal Palace,3,2,241,2.7,0,0,0,0,0,0,0,0,0,0,0,0,0,0,0,,0,0,,,80,33.5,90,2,1,61,5,1,8,8,0,0,-1.88,0,5,0,1,0,3,2,,,0,,,,,,,,,,,,,,,,,,
Michael Olise,France,France,MF,24,2001,Bayern Munich,8,8,646,7.2,0,7,7,0,0,0,1,0,0,0.98,0.98,0,0.98,20,5,25,2.79,0.7,0,0,81,89.7,81,4,0,,0,2.25,19,10,9,1.25,0.04,0,5,16,0,22,3,8,,,0,,,,,,,,,,,,,,,,,,
Mike Maignan,France,France,GK,30,1995,Milan,8,8,720,8,0,0,0,0,0,0,0,0,0,0,0,0,0,0,0,,0,0,,,90,100,90,8,0,,0,2.25,20,10,10,1.25,,0,0,2,0,0,0,0,,,0,8,8,720,10,1.25,22,12,54.5,6,0,2,4,50,3,2,1,0,33
N'Golo Kant?,France,France,MF,35,1991,,0,0,,,,,,,,,,,,,,,,,,,,,,,,,,0,0,,8,,,,,,,,,,,,,,,,,,,,,,,,,,,,,,,,,,
Ousmane Demb?l?,France,France,MF,29,1997,PSG,8,7,592,6.6,6,2,8,6,0,0,0,0,0.91,0.3,1.22,0.91,1.22,20,10,50,3.04,1.52,0.3,0.6,74,82.2,78,2,1,45,0,2.25,17,5,12,1.82,3.23,0,0,4,3,34,0,2,,,0,,,,,,,,,,,,,,,,,,
Rayan Cherki,France,France,MF,22,2003,Manchester City,7,1,130,1.4,0,0,0,0,0,0,0,0,0,0,0,0,0,1,1,100,0.69,0.69,0,0,19,18.1,45,0,6,14,1,2.14,2,5,-3,-2.08,-4.06,0,2,2,0,1,1,1,,,0,,,,,,,,,,,,,,,,,,
Robin Risser,France,France,GK,21,2004,,0,0,,,,,,,,,,,,,,,,,,,,,,,,,,0,0,,8,,,,,,,,,,,,,,,,,,,,,,,,,,,,,,,,,,
Theo Hern?ndez,France,France,DF,28,1997,Al-Hilal,5,3,257,2.9,0,0,0,0,0,0,0,0,0,0,0,0,0,3,0,0,1.05,0,0,,51,35.7,75,2,2,16,3,1.8,7,6,1,0.35,-1.4,0,2,4,0,6,3,1,,,0,,,,,,,,,,,,,,,,,,
Warren Za?re-Emery,France,France,MF,20,2006,PSG,2,1,110,1.2,0,0,0,0,0,0,0,0,0,0,0,0,0,1,0,0,0.82,0,0,,55,15.3,90,1,1,20,6,1.5,4,6,-2,-1.64,-3.41,0,1,0,0,1,1,0,,,0,,,,,,,,,,,,,,,,,,
William Saliba,France,France,DF,25,2001,Arsenal,6,6,479,5.3,0,0,0,0,0,0,0,0,0,0,0,0,0,1,0,0,0.19,0,0,,80,66.5,80,5,0,,2,2.5,12,2,10,1.88,1.88,0,4,0,0,0,6,0,,,0,,,,,,,,,,,,,,,,,,
Aleksandar Pavlovic,Germany,Germany,MF,22,2004,Bayern Munich,4,4,272,3,0,0,0,0,0,0,1,0,0,0,0,0,0,4,1,25,1.32,0.33,0,0,68,69.7,68,1,0,,0,1.75,9,4,5,1.65,0.89,0,13,4,0,1,2,3,,,0,,,,,,,,,,,,,,,,,,
Alexander N?bel,Germany,Germany,GK,29,1996,,0,0,,,,,,,,,,,,,,,,,,,,,,,,,,0,0,,4,,,,,,,,,,,,,,,,,,,,,,,,,,,,,,,,,,
Angelo Stiller,Germany,Germany,MF,25,2001,Stuttgart,1,0,45,0.5,0,0,0,0,0,0,0,0,0,0,0,0,0,0,0,,0,0,,,45,11.5,,0,1,45,3,0,0,1,-1,-2,-3.83,0,0,0,0,0,1,1,,,0,,,,,,,,,,,,,,,,,,
Antonio R?diger,Germany,Germany,DF,33,1993,Real Madrid,4,2,262,2.9,0,0,0,0,0,0,0,0,0,0,0,0,0,1,0,0,0.34,0,0,,66,67.2,100,1,2,32,0,1.75,6,3,3,1.03,-1.08,0,1,0,0,3,0,0,,,0,,,,,,,,,,,,,,,,,,
Assan Ou?draogo,Germany,Germany,MF,20,2006,,0,0,,,,,,,,,,,,,,,,,,,,,,,,,,0,0,,4,,,,,,,,,,,,,,,,,,,,,,,,,,,,,,,,,,
David Raum,Germany,Germany,DF,28,1998,RB Leipzig,2,1,108,1.2,0,0,0,0,0,0,0,0,0,0,0,0,0,1,1,100,0.83,0.83,0,0,54,27.7,90,1,1,18,2,1.5,3,2,1,0.83,-0.76,0,2,0,0,13,1,1,,,0,,,,,,,,,,,,,,,,,,
Deniz Undav,Germany,Germany,FW,29,1996,Stuttgart,4,1,151,1.7,3,2,5,3,0,0,0,0,1.79,1.19,2.98,1.79,2.98,6,4,66.7,3.58,2.38,0.5,0.75,38,38.7,62,0,3,30,0,1.75,6,2,4,2.38,1.63,0,3,0,0,1,0,0,,,0,,,,,,,,,,,,,,,,,,
Felix Nmecha,Germany,Germany,MF,25,2000,Dortmund,4,4,270,3,1,1,2,1,0,0,0,0,0.33,0.33,0.67,0.33,0.67,8,3,37.5,2.67,1,0.13,0.33,68,69.2,68,1,0,,0,1.75,8,4,4,1.33,-0.17,0,3,3,0,2,2,9,,,0,,,,,,,,,,,,,,,,,,
Florian Wirtz,Germany,Germany,MF,23,2003,Liverpool,4,4,361,4,0,3,3,0,0,0,0,0,0,0.75,0.75,0,0.75,10,1,10,2.49,0.25,0,0,90,92.6,90,2,0,,0,1.75,11,4,7,1.75,4.85,0,1,3,1,13,2,6,,,0,,,,,,,,,,,,,,,,,,
Jamal Musiala,Germany,Germany,MF,23,2003,Bayern Munich,4,3,270,3,1,0,1,1,0,0,1,0,0.33,0,0.33,0.33,0.33,6,1,16.7,2,0.33,0.17,1,68,69.2,71,1,1,58,0,1.75,5,4,1,0.33,-3.42,0,5,11,0,5,1,5,,,0,,,,,,,,,,,,,,,,,,
Jamie Leweling,Germany,Germany,"FW,MF",25,2001,Stuttgart,1,0,31,0.3,0,0,0,0,0,0,0,0,0,0,0,0,0,1,0,0,2.9,0,0,,31,7.9,,0,1,31,3,3,2,0,2,5.81,4.8,0,0,0,0,2,0,0,,,0,,,,,,,,,,,,,,,,,,
Jonathan Tah,Germany,Germany,DF,30,1996,Bayern Munich,4,4,372,4.1,0,0,0,0,0,0,0,0,0,0,0,0,0,1,1,100,0.24,0.24,0,0,93,95.4,93,3,0,,0,1.75,9,5,4,0.97,-9.03,0,5,1,0,1,1,3,,,0,,,,,,,,,,,,,,,,,,
Joshua Kimmich,Germany,Germany,DF,31,1995,Bayern Munich,4,4,351,3.9,0,2,2,0,0,0,0,0,0,0.51,0.51,0,0.51,5,1,20,1.28,0.26,0,0,88,90,88,2,0,,0,1.75,10,4,6,1.54,1.54,0,0,7,0,31,4,4,,,0,,,,,,,,,,,,,,,,,,
Kai Havertz,Germany,Germany,FW,27,1999,Arsenal,4,4,353,3.9,3,0,3,2,1,1,1,0,0.76,0,0.76,0.51,0.51,12,7,58.3,3.06,1.78,0.17,0.29,88,90.5,88,2,0,,0,1.75,10,4,6,1.53,1.53,0,3,4,1,1,1,2,,,0,,,,,,,,,,,,,,,,,,
Leon Goretzka,Germany,Germany,MF,31,1995,Bayern Munich,3,0,99,1.1,0,0,0,0,0,0,0,0,0,0,0,0,0,2,0,0,1.82,0,0,,33,25.4,,0,3,33,1,2.33,4,0,4,3.64,3.02,0,0,0,0,1,1,1,,,0,,,,,,,,,,,,,,,,,,
Leroy San?,Germany,Germany,MF,30,1996,Galatasaray,4,4,326,3.6,1,0,1,1,0,0,0,0,0.28,0,0.28,0.28,0.28,6,2,33.3,1.66,0.55,0.17,0.5,82,83.6,82,2,0,,0,1.75,9,5,4,1.1,-1.71,0,3,2,1,10,2,3,,,0,,,,,,,,,,,,,,,,,,
Malick Thiaw,Germany,Germany,"DF,MF",24,2001,Newcastle,2,0,42,0.5,0,0,0,0,0,0,0,0,0,0,0,0,0,0,0,,0,0,,,21,10.8,,0,2,21,2,0.5,0,1,-1,-2.14,-3.95,0,1,1,0,0,0,2,,,0,,,,,,,,,,,,,,,,,,
Manuel Neuer,Germany,Germany,GK,40,1986,Bayern Munich,4,4,390,4.3,0,0,0,0,0,0,0,0,0,0,0,0,0,0,0,,0,0,,,98,100,98,4,0,,0,1.75,11,5,6,1.38,,0,0,2,0,0,0,0,,,0,4,4,390,5,1.15,10,5,50,2,1,1,0,0,0,0,0,0,
Maximilian Beier,Germany,Germany,"FW,MF",23,2002,Dortmund,1,0,27,0.3,0,0,0,0,0,0,0,0,0,0,0,0,0,0,0,,0,0,,,27,6.9,,0,1,27,3,0,0,1,-1,-3.33,-5.07,0,1,1,0,0,0,0,,,0,,,,,,,,,,,,,,,,,,
Nadiem Amiri,Germany,Germany,MF,29,1996,Mainz 05,2,0,42,0.5,0,1,1,0,0,0,0,0,0,2.14,2.14,0,2.14,2,1,50,4.29,2.14,0,0,21,10.8,,0,2,21,2,2,2,0,2,4.29,3.25,0,0,0,0,2,0,1,,,0,,,,,,,,,,,,,,,,,,
Nathaniel Brown,Germany,Germany,DF,22,2003,Frankfurt,3,3,282,3.1,1,1,2,1,0,0,0,0,0.32,0.32,0.64,0.32,0.64,3,2,66.7,0.96,0.64,0.33,0.5,94,72.3,94,2,0,,0,2.33,8,3,5,1.6,0.76,0,4,1,0,17,2,6,,,0,,,,,,,,,,,,,,,,,,
Nick Woltemade,Germany,Germany,"FW,MF",24,2002,Newcastle,1,0,33,0.4,0,0,0,0,0,0,0,0,0,0,0,0,0,2,0,0,5.45,0,0,,33,8.5,,0,1,33,3,1,0,0,0,0,-1.51,0,0,0,0,0,0,1,,,0,,,,,,,,,,,,,,,,,,
Nico Schlotterbeck,Germany,Germany,DF,26,1999,Dortmund,2,2,135,1.5,1,0,1,1,0,0,0,0,0.67,0,0.67,0.67,0.67,2,2,100,1.33,1.33,0.5,0.5,68,34.6,68,1,0,,0,3,7,2,5,3.33,2.98,0,2,1,0,0,3,2,,,0,,,,,,,,,,,,,,,,,,
Oliver Baumann,Germany,Germany,GK,36,1990,,0,0,,,,,,,,,,,,,,,,,,,,,,,,,,0,0,,4,,,,,,,,,,,,,,,,,,,,,,,,,,,,,,,,,,
Pascal Gro©¬,Germany,Germany,"DF,MF",34,1991,Brighton,1,0,18,0.2,0,0,0,0,0,0,0,0,0,0,0,0,0,1,0,0,5,0,0,,18,4.6,,0,1,18,3,0,0,1,-1,-5,-6.69,0,1,0,0,1,0,2,,,0,,,,,,,,,,,,,,,,,,
Waldemar Anton,Germany,Germany,"DF,MF",29,1996,Dortmund,2,0,50,0.6,0,0,0,0,0,0,0,0,0,0,0,0,0,1,1,100,1.8,1.8,0,0,25,12.8,,0,2,25,2,2,1,0,1,1.8,0.48,0,3,1,1,1,2,1,,,0,,,,,,,,,,,,,,,,,,
Abdul Fatawu Issahaku,Ghana,Ghana,"FW,MF",22,2004,Leicester City,4,0,132,1.5,0,0,0,0,0,0,1,0,0,0,0,0,0,3,0,0,2.05,0,0,,33,36.7,,0,4,33,0,1,2,1,1,0.68,1.47,0,1,7,0,7,0,0,,,0,,,,,,,,,,,,,,,,,,
Abdul Mumin,Ghana,Ghana,DF,28,1998,,0,0,,,,,,,,,,,,,,,,,,,,,,,,,,0,0,,4,,,,,,,,,,,,,,,,,,,,,,,,,,,,,,,,,,
Abdul Rahman Baba,Ghana,Ghana,"DF,MF",31,1994,PAOK,1,0,1,0,0,0,0,0,0,0,0,0,0,0,0,0,0,0,0,,0,0,,,1,0.3,,0,1,1,3,1,0,0,0,0,0.25,0,0,0,0,0,0,0,,,0,,,,,,,,,,,,,,,,,,
Alidu Seidu,Ghana,Ghana,DF,26,2000,Rennes,1,0,78,0.9,0,0,0,0,0,0,1,0,0,0,0,0,0,0,0,,0,0,,,78,21.7,,0,1,78,3,0,0,1,-1,-1.15,-1.15,0,1,0,0,1,1,1,,,0,,,,,,,,,,,,,,,,,,
Antoine Semenyo,Ghana,Ghana,"MF,FW",26,2000,Manchester City,4,4,360,4,0,0,0,0,0,0,0,0,0,0,0,0,0,6,0,0,1.5,0,0,,90,100,90,4,0,,0,1,2,3,-1,-0.25,,0,6,4,4,5,0,2,,,0,,,,,,,,,,,,,,,,,,
Augustine Boakye,Ghana,Ghana,"FW,MF",25,2000,,0,0,,,,,,,,,,,,,,,,,,,,,,,,,,0,0,,4,,,,,,,,,,,,,,,,,,,,,,,,,,,,,,,,,,
Benjamin Asare,Ghana,Ghana,GK,33,1992,,3,2,225,2.5,0,0,0,0,0,0,0,0,0,0,0,0,0,0,0,,0,0,,,75,62.5,90,2,1,45,1,1.33,2,2,0,0,0.67,0,0,1,0,0,0,0,,,0,3,2,225,2,0.8,10,8,80,0,1,1,2,100,0,0,0,0,
Brandon Thomas-Asante,Ghana,Ghana,"FW,MF",27,1998,Coventry City,2,0,53,0.6,0,0,0,0,0,0,0,0,0,0,0,0,0,1,0,0,1.7,0,0,,27,14.7,,0,2,27,2,1.5,2,1,1,1.7,2.28,0,0,1,1,1,0,0,,,0,,,,,,,,,,,,,,,,,,
Caleb Yirenkyi,Ghana,Ghana,MF,20,2006,Nordsj©¡lland,4,3,264,2.9,1,0,1,1,0,0,2,0,0.34,0,0.34,0.34,0.34,2,1,50,0.68,0.34,0.5,1,66,73.3,86,2,1,6,0,1,1,1,0,0,0.94,0,7,3,0,1,3,1,,,0,,,,,,,,,,,,,,,,,,
Christopher Bonsu-Baah,Ghana,Ghana,MF,21,2004,,0,0,,,,,,,,,,,,,,,,,,,,,,,,,,0,0,,4,,,,,,,,,,,,,,,,,,,,,,,,,,,,,,,,,,
Derrick Luckassen,Ghana,Ghana,DF,30,1995,,2,2,180,2,1,0,1,1,0,0,0,0,0.5,0,0.5,0.5,0.5,1,1,100,0.5,0.5,1,1,90,50,90,2,0,,2,0,1,3,-2,-1,-1.5,0,1,2,0,0,0,1,,,0,,,,,,,,,,,,,,,,,,
Elisha Owusu,Ghana,Ghana,MF,28,1997,Auxerre,3,2,151,1.7,0,0,0,0,0,0,0,0,0,0,0,0,0,0,0,,0,0,,,50,41.9,61,0,1,29,1,1,0,1,-1,-0.6,-0.6,0,2,0,0,3,0,3,,,0,,,,,,,,,,,,,,,,,,
Ernest Nuamah,Ghana,Ghana,MF,22,2003,Lyon,3,1,89,1,0,1,1,0,0,0,0,0,0,1.01,1.01,0,1.01,0,0,,0,0,,,30,24.7,57,0,2,16,1,1,1,1,0,0,0.33,0,2,2,0,1,0,1,,,0,,,,,,,,,,,,,,,,,,
Gideon Mensah,Ghana,Ghana,DF,27,1998,Auxerre,4,4,360,4,0,0,0,0,0,0,0,0,0,0,0,0,0,0,0,,0,0,,,90,100,90,4,0,,0,1,2,3,-1,-0.25,,0,2,3,0,3,8,5,,,0,,,,,,,,,,,,,,,,,,
I?aki Williams,Ghana,Ghana,"MF,FW",31,1994,Athletic Club,2,2,126,1.4,0,0,0,0,0,0,1,0,0,0,0,0,0,3,0,0,2.14,0,0,,63,35,63,0,0,,2,0.5,0,1,-1,-0.71,-0.71,0,2,1,1,4,1,0,,,0,,,,,,,,,,,,,,,,,,
Jerome Opoku,Ghana,Ghana,DF,27,1998,Ba?ak?ehir,3,3,270,3,0,0,0,0,0,0,0,0,0,0,0,0,0,0,0,,0,0,,,90,75,90,3,0,,1,1.33,1,1,0,0,1,0,2,4,0,0,1,2,,,0,,,,,,,,,,,,,,,,,,
Jonas Adjetey,Ghana,Ghana,DF,22,2003,Wolfsburg,3,3,225,2.5,0,0,0,0,0,0,0,0,0,0,0,0,0,2,1,50,0.8,0.4,0,0,75,62.5,75,2,0,,1,1.33,1,1,0,0,0.67,0,1,0,0,0,1,3,,,0,,,,,,,,,,,,,,,,,,
Jordan Ayew,Ghana,Ghana,FW,34,1991,Leicester City,4,4,300,3.3,0,0,0,0,0,0,0,0,0,0,0,0,0,0,0,,0,0,,,75,83.3,75,0,0,,0,1,0,2,-2,-0.6,-2.1,0,7,7,1,10,1,3,,,0,,,,,,,,,,,,,,,,,,
Joseph Anang,Ghana,Ghana,GK,26,2000,,0,0,,,,,,,,,,,,,,,,,,,,,,,,,,0,0,,4,,,,,,,,,,,,,,,,,,,,,,,,,,,,,,,,,,
Kamaldeen Sulemana,Ghana,Ghana,"MF,FW",24,2002,Atlanta Utd,2,2,127,1.4,0,0,0,0,0,0,0,0,0,0,0,0,0,1,0,0,0.71,0,0,,64,35.3,64,0,0,,2,1.5,0,1,-1,-0.71,-0.71,0,2,1,1,4,1,2,,,0,,,,,,,,,,,,,,,,,,
Kojo Peprah Oppong,Ghana,Ghana,DF,22,2004,Nice,2,0,49,0.5,0,0,0,0,0,0,1,0,0,0,0,0,0,0,0,,0,0,,,25,13.6,,0,2,25,2,0.5,1,1,0,0,0.29,0,1,0,0,0,0,0,,,0,,,,,,,,,,,,,,,,,,
Kwasi Sibo,Ghana,Ghana,MF,27,1998,Oviedo,4,3,248,2.8,0,0,0,0,0,0,0,0,0,0,0,0,0,0,0,,0,0,,,62,68.9,78,1,1,13,0,1,2,3,-1,-0.36,-0.36,0,7,1,0,0,2,0,,,0,,,,,,,,,,,,,,,,,,
Lawrence Ati-Zigi,Ghana,Ghana,GK,29,1996,St. Gallen,2,2,135,1.5,0,0,0,0,0,0,0,0,0,0,0,0,0,0,0,,0,0,,,68,37.5,68,1,0,,2,1.5,0,1,-1,-0.67,-0.67,0,0,1,0,0,0,0,,,0,2,2,135,1,0.67,9,8,88.9,1,0,1,1,50,0,0,0,0,
Marvin Senaya,Ghana,Ghana,DF,25,2001,Auxerre,4,4,278,3.1,0,0,0,0,0,0,0,0,0,0,0,0,0,2,0,0,0.65,0,0,,70,77.2,70,2,0,,0,1,2,2,0,0,1.1,0,6,4,0,8,6,12,,,0,,,,,,,,,,,,,,,,,,
Prince Kwabena Adu,Ghana,Ghana,FW,22,2003,Viktoria Plze?,3,0,39,0.4,0,0,0,0,0,0,0,0,0,0,0,0,0,1,1,100,2.31,2.31,0,0,13,10.8,,0,3,13,1,1.33,1,0,1,2.31,2.87,0,4,0,0,0,0,0,,,0,,,,,,,,,,,,,,,,,,
Thomas Partey,Ghana,Ghana,MF,33,1993,Villarreal,3,3,270,3,0,0,0,0,0,0,0,0,0,0,0,0,0,2,0,0,0.67,0,0,,90,75,90,3,0,,0,0.33,1,3,-2,-0.67,-1.67,0,2,5,0,0,6,4,,,0,,,,,,,,,,,,,,,,,,
Alexandre Pierre,Haiti,Haiti,GK,25,2001,,0,0,,,,,,,,,,,,,,,,,,,,,,,,,,0,0,,3,,,,,,,,,,,,,,,,,,,,,,,,,,,,,,,,,,
Carl Fred Saint?,Haiti,Haiti,MF,23,2002,,0,0,,,,,,,,,,,,,,,,,,,,,,,,,,0,0,,3,,,,,,,,,,,,,,,,,,,,,,,,,,,,,,,,,,
Carlens Arcus,Haiti,Haiti,"MF,DF",29,1996,Angers,3,2,146,1.6,0,0,0,0,0,0,1,0,0,0,0,0,0,0,0,,0,0,,,49,54.1,68,1,1,11,0,0,0,5,-5,-3.08,-2.36,0,5,3,2,2,3,3,,,0,,,,,,,,,,,,,,,,,,
Danley Jean-Jacques,Haiti,Haiti,MF,26,2000,Philadelphia,3,3,259,2.9,0,0,0,0,0,0,1,0,0,0,0,0,0,0,0,,0,0,,,86,95.9,86,2,0,,0,0,2,7,-5,-1.74,6.44,0,5,3,0,1,3,6,,,0,,,,,,,,,,,,,,,,,,
Derrick Etienne,Haiti,Haiti,"FW,MF",29,1996,Toronto FC,1,0,10,0.1,0,0,0,0,0,0,0,0,0,0,0,0,0,0,0,,0,0,,,10,3.7,,0,1,10,2,0,0,0,0,0,2.08,0,0,0,0,2,0,0,,,0,,,,,,,,,,,,,,,,,,
Dominique Simon,Haiti,Haiti,MF,25,2000,,2,0,56,0.6,0,0,0,0,0,0,0,0,0,0,0,0,0,1,1,100,1.61,1.61,0,0,28,20.7,,0,2,28,1,0,0,1,-1,-1.61,0.5,0,1,1,0,1,1,1,,,0,,,,,,,,,,,,,,,,,,
Duckens Nazon,Haiti,Haiti,"FW,MF",32,1994,Esteghlal,1,0,24,0.3,0,0,0,0,0,0,1,0,0,0,0,0,0,1,1,100,3.75,3.75,0,0,24,8.9,,0,1,24,2,0,0,2,-2,-7.5,-6.04,0,0,1,0,0,0,0,,,0,,,,,,,,,,,,,,,,,,
Duke Lacroix,Haiti,Haiti,"DF,FW",32,1993,,0,0,,,,,,,,,,,,,,,,,,,,,,,,,,0,0,,3,,,,,,,,,,,,,,,,,,,,,,,,,,,,,,,,,,
Frantzdy Pierrot,Haiti,Haiti,FW,31,1995,Rizespor,3,2,143,1.6,0,0,0,0,0,0,1,0,0,0,0,0,0,3,1,33.3,1.89,0.63,0,0,48,53,68,1,1,8,0,0,0,5,-5,-3.15,-2.44,0,5,4,2,0,0,0,,,0,,,,,,,,,,,,,,,,,,
Garven Metusala,Haiti,Haiti,DF,26,1999,,0,0,,,,,,,,,,,,,,,,,,,,,,,,,,0,0,,3,,,,,,,,,,,,,,,,,,,,,,,,,,,,,,,,,,
Hannes Delcroix,Haiti,Haiti,DF,27,1999,Lugano,3,3,270,3,0,0,0,0,0,0,0,0,0,0,0,0,0,0,0,,0,0,,,90,100,90,3,0,,0,0,2,8,-6,-2,,0,1,2,0,0,4,3,,,0,,,,,,,,,,,,,,,,,,
Jean-Kevin Duverne,Haiti,Haiti,DF,28,1997,Gent,2,2,169,1.9,0,1,1,0,0,0,0,0,0,0.53,0.53,0,0.53,1,0,0,0.53,0,0,,85,62.6,85,1,0,,1,0,2,6,-4,-2.13,-0.35,0,2,1,1,1,4,2,,,0,,,,,,,,,,,,,,,,,,
Jean-Ricner Bellegarde,Haiti,Haiti,MF,27,1998,Wolves,3,3,260,2.9,0,0,0,0,0,0,1,0,0,0,0,0,0,6,0,0,2.08,0,0,,87,96.3,87,2,0,,0,0,2,8,-6,-2.08,-2.08,0,4,5,0,10,3,2,,,0,,,,,,,,,,,,,,,,,,
Johny Placide,Haiti,Haiti,GK,38,1988,Bastia,3,3,270,3,0,0,0,0,0,0,1,0,0,0,0,0,0,0,0,,0,0,,,90,100,90,3,0,,0,0,2,8,-6,-2,,0,0,0,0,0,0,0,,,0,3,3,270,8,2.67,19,11,57.9,0,0,3,0,0,0,0,0,0,
Josu? Casimir,Haiti,Haiti,MF,24,2001,Auxerre,3,2,182,2,0,0,0,0,0,0,1,0,0,0,0,0,0,1,0,0,0.49,0,0,,61,67.4,76,1,1,30,0,0,2,7,-5,-2.47,-1.45,0,4,4,0,3,0,0,,,0,,,,,,,,,,,,,,,,,,
Josu? Duverger,Haiti,Haiti,GK,26,2000,,0,0,,,,,,,,,,,,,,,,,,,,,,,,,,0,0,,3,,,,,,,,,,,,,,,,,,,,,,,,,,,,,,,,,,
Keeto Thermoncy,Haiti,Haiti,DF,20,2006,,0,0,,,,,,,,,,,,,,,,,,,,,,,,,,0,0,,3,,,,,,,,,,,,,,,,,,,,,,,,,,,,,,,,,,
Lenny Joseph,Haiti,Haiti,FW,25,2000,Ferencv?ros,3,1,117,1.3,0,0,0,0,0,0,0,0,0,0,0,0,0,2,0,0,1.54,0,0,,39,43.3,82,0,2,18,0,0,2,3,-1,-0.77,2.17,0,6,1,0,0,0,0,,,0,,,,,,,,,,,,,,,,,,
Louicius Deedson,Haiti,Haiti,MF,25,2001,FC Dallas,3,1,112,1.2,0,0,0,0,0,0,0,0,0,0,0,0,0,2,0,0,1.61,0,0,,37,41.5,60,0,2,26,0,0,0,3,-3,-2.41,-0.7,0,3,1,1,4,1,0,,,0,,,,,,,,,,,,,,,,,,
Martin Exp?rience,Haiti,Haiti,"DF,MF",27,1999,Nancy,3,3,270,3,0,0,0,0,0,0,0,0,0,0,0,0,0,1,0,0,0.33,0,0,,90,100,90,3,0,,0,0,2,8,-6,-2,,0,7,6,0,6,4,6,,,0,,,,,,,,,,,,,,,,,,
Ricardo Ad?,Haiti,Haiti,DF,36,1990,LDU Quito,3,3,270,3,0,0,0,0,0,0,0,0,0,0,0,0,0,4,1,25,1.33,0.33,0,0,90,100,90,3,0,,0,0,2,8,-6,-2,,0,6,4,0,1,5,2,,,0,,,,,,,,,,,,,,,,,,
Ruben Providence,Haiti,Haiti,MF,24,2001,Almere City,3,3,220,2.4,0,0,0,0,0,0,0,0,0,0,0,0,0,4,1,25,1.64,0.41,0,0,73,81.5,73,0,0,,0,0,2,6,-4,-1.64,1.96,0,3,5,0,6,0,2,,,0,,,,,,,,,,,,,,,,,,
Wilguens Paugain,Haiti,Haiti,DF,24,2001,,0,0,,,,,,,,,,,,,,,,,,,,,,,,,,0,0,,3,,,,,,,,,,,,,,,,,,,,,,,,,,,,,,,,,,
Wilson Isidor,Haiti,Haiti,FW,25,2000,Sunderland,3,2,186,2.1,1,0,1,1,0,0,0,0,0.48,0,0.48,0.48,0.48,5,2,40,2.42,0.97,0.2,0.5,62,68.9,71,0,1,45,0,0,2,3,-1,-0.48,4.87,0,3,2,1,0,1,1,,,0,,,,,,,,,,,,,,,,,,
Woodensky Pierre,Haiti,Haiti,MF,21,2004,,0,0,,,,,,,,,,,,,,,,,,,,,,,,,,0,0,,3,,,,,,,,,,,,,,,,,,,,,,,,,,,,,,,,,,
Yassin Fortun?,Haiti,Haiti,"FW,MF",27,1999,,1,0,6,0.1,0,0,0,0,0,0,0,0,0,0,0,0,0,0,0,,0,0,,,6,2.2,,0,1,6,2,0,0,0,0,0,2.05,0,0,1,0,0,0,0,,,0,,,,,,,,,,,,,,,,,,
Ali Alipour,IR Iran,Iran,FW,30,1995,Persepolis,1,0,38,0.4,0,0,0,0,0,0,0,0,0,0,0,0,0,1,0,0,2.37,0,0,,38,14.1,,0,1,38,2,1,1,1,0,0,0,0,1,1,0,0,1,1,,,0,,,,,,,,,,,,,,,,,,
Ali Nemati,IR Iran,Iran,DF,30,1996,Foolad,3,3,270,3,0,0,0,0,0,0,1,0,0,0,0,0,0,1,0,0,0.33,0,0,,90,100,90,3,0,,0,1,3,3,0,0,,0,3,0,1,2,0,2,,,0,,,,,,,,,,,,,,,,,,
Alireza Beiranvand,IR Iran,Iran,GK,33,1992,Tractor,3,3,270,3,0,0,0,0,0,0,0,0,0,0,0,0,0,0,0,,0,0,,,90,100,90,3,0,,0,1,3,3,0,0,,0,0,1,0,0,0,0,,,0,3,3,270,3,1,18,15,83.3,0,3,0,1,33.3,0,0,0,0,
Alireza Jahanbakhsh,IR Iran,Iran,"FW,MF",32,1993,Dender,2,0,46,0.5,0,0,0,0,0,0,0,0,0,0,0,0,0,1,0,0,1.96,0,0,,23,17,,0,2,23,1,1,0,0,0,0,0,0,2,0,0,1,0,1,,,0,,,,,,,,,,,,,,,,,,
Amirhossein Hosseinzadeh,IR Iran,Iran,FW,25,2000,Tractor,2,0,17,0.2,0,0,0,0,0,0,0,0,0,0,0,0,0,1,0,0,5.29,0,0,,9,6.3,,0,2,9,1,1,0,0,0,0,0,0,0,0,0,0,0,2,,,0,,,,,,,,,,,,,,,,,,
Amirmohammad Razzaghinia,IR Iran,Iran,MF,20,2006,,0,0,,,,,,,,,,,,,,,,,,,,,,,,,,0,0,,3,,,,,,,,,,,,,,,,,,,,,,,,,,,,,,,,,,
Aria Yousefi,IR Iran,Iran,MF,24,2002,Sepahan,1,1,45,0.5,0,0,0,0,0,0,0,0,0,0,0,0,0,1,1,100,2,2,0,0,45,16.7,45,0,0,,2,1,1,1,0,0,0,0,0,1,0,0,1,0,,,0,,,,,,,,,,,,,,,,,,
Danial Eiri,IR Iran,Iran,DF,22,2003,,0,0,,,,,,,,,,,,,,,,,,,,,,,,,,0,0,,3,,,,,,,,,,,,,,,,,,,,,,,,,,,,,,,,,,
Dennis Eckert,IR Iran,Iran,FW,29,1997,,0,0,,,,,,,,,,,,,,,,,,,,,,,,,,0,0,,3,,,,,,,,,,,,,,,,,,,,,,,,,,,,,,,,,,
Ehsan Hajsafi,IR Iran,Iran,DF,36,1990,Sepahan,2,1,91,1,0,0,0,0,0,0,1,0,0,0,0,0,0,1,0,0,0.99,0,0,,46,33.7,65,0,1,26,1,1,0,0,0,0,0,0,2,1,0,2,1,0,,,0,,,,,,,,,,,,,,,,,,
Hossein Hosseini,IR Iran,Iran,GK,33,1992,,0,0,,,,,,,,,,,,,,,,,,,,,,,,,,0,0,,3,,,,,,,,,,,,,,,,,,,,,,,,,,,,,,,,,,
Hossein Kanaanizadegan,IR Iran,Iran,DF,32,1994,Persepolis,2,2,135,1.5,0,0,0,0,0,0,1,0,0,0,0,0,0,1,1,100,0.67,0.67,0,0,68,50,68,1,0,,1,1,1,1,0,0,0,0,1,0,0,0,2,0,,,0,,,,,,,,,,,,,,,,,,
Mehdi Ghayedi,IR Iran,Iran,FW,27,1998,,1,0,45,0.5,0,0,0,0,0,0,0,0,0,0,0,0,0,1,0,0,2,0,0,,45,16.7,,0,1,45,2,1,1,1,0,0,0,0,2,1,0,3,0,0,,,0,,,,,,,,,,,,,,,,,,
Mehdi Taremi,IR Iran,Iran,FW,33,1992,Olympiacos,3,3,259,2.9,0,0,0,0,0,1,0,0,0,0,0,0,0,5,2,40,1.74,0.69,0,0,86,95.9,86,2,0,,0,1,3,3,0,0,0,0,3,5,2,1,2,2,,,0,,,,,,,,,,,,,,,,,,
Mehdi Torabi,IR Iran,Iran,MF,31,1994,Tractor,1,0,25,0.3,0,0,0,0,0,0,0,0,0,0,0,0,0,0,0,,0,0,,,25,9.3,,0,1,25,2,1,0,0,0,0,0,0,0,0,0,2,1,0,,,0,,,,,,,,,,,,,,,,,,
Milad Mohammadi,IR Iran,Iran,DF,32,1993,Persepolis,3,2,205,2.3,0,0,0,0,0,0,0,0,0,0,0,0,0,1,1,100,0.44,0.44,0,0,68,75.9,90,2,1,25,0,1,3,3,0,0,0,0,1,1,2,3,2,4,,,0,,,,,,,,,,,,,,,,,,
Mohammad Ghorbani,IR Iran,Iran,MF,25,2001,,1,1,90,1,0,0,0,0,0,0,0,0,0,0,0,0,0,2,1,50,2,1,0,0,90,33.3,90,1,0,,2,1,1,1,0,0,0,0,2,1,0,0,2,2,,,0,,,,,,,,,,,,,,,,,,
Mohammad Mohebi,IR Iran,Iran,MF,27,1998,Rostov,3,3,244,2.7,1,0,1,1,0,0,0,0,0.37,0,0.37,0.37,0.37,2,1,50,0.74,0.37,0.5,1,81,90.4,81,1,0,,0,1,3,3,0,0,0,0,1,1,0,1,1,1,,,0,,,,,,,,,,,,,,,,,,
Payam Niazmand,IR Iran,Iran,GK,31,1995,,0,0,,,,,,,,,,,,,,,,,,,,,,,,,,0,0,,3,,,,,,,,,,,,,,,,,,,,,,,,,,,,,,,,,,
Ramin Rezaeian,IR Iran,Iran,"DF,MF",36,1990,Foolad,3,3,270,3,2,1,3,2,0,0,0,0,0.67,0.33,1,0.67,1,4,2,50,1.33,0.67,0.5,1,90,100,90,3,0,,0,1,3,3,0,0,,0,2,3,1,18,2,5,,,0,,,,,,,,,,,,,,,,,,
Rouzbeh Cheshmi,IR Iran,Iran,"DF,MF",32,1993,,0,0,,,,,,,,,,,,,,,,,,,,,,,,,,0,0,,3,,,,,,,,,,,,,,,,,,,,,,,,,,,,,,,,,,
Saeid Ezatolahi,IR Iran,Iran,MF,29,1996,,3,3,264,2.9,0,0,0,0,0,0,2,0,0,0,0,0,0,6,2,33.3,2.05,0.68,0,0,88,97.8,88,2,0,,0,1,3,3,0,0,0,0,7,4,0,0,7,5,,,0,,,,,,,,,,,,,,,,,,
Saleh Hardani,IR Iran,Iran,DF,27,1998,Esteghlal,2,1,90,1,0,0,0,0,0,0,0,0,0,0,0,0,0,0,0,,0,0,,,45,33.3,45,0,1,45,1,1,0,0,0,0,0,0,0,2,0,1,2,2,,,0,,,,,,,,,,,,,,,,,,
Saman Ghoddos,IR Iran,Iran,MF,32,1993,,3,3,208,2.3,0,0,0,0,0,0,0,0,0,0,0,0,0,4,0,0,1.73,0,0,,69,77,69,0,0,,0,1,3,3,0,0,0,0,3,0,1,1,5,4,,,0,,,,,,,,,,,,,,,,,,
Shahriar Moghanlou,IR Iran,Iran,FW,31,1994,,3,1,88,1,0,0,0,0,0,0,0,0,0,0,0,0,0,3,0,0,3.07,0,0,,29,32.6,52,0,2,18,0,1,1,1,0,0,0,0,1,1,1,2,0,2,,,0,,,,,,,,,,,,,,,,,,
Shoja' Khalilzadeh,IR Iran,Iran,DF,37,1989,Tractor,3,3,270,3,0,0,0,0,0,0,1,0,0,0,0,0,0,2,0,0,0.67,0,0,,90,100,90,3,0,,0,1,3,3,0,0,,0,4,0,1,0,3,3,,,0,,,,,,,,,,,,,,,,,,
Ahmed Basil,Iraq,Iraq,GK,29,1996,,2,2,135,1.5,0,0,0,0,0,0,0,0,0,0,0,0,0,0,0,,0,0,,,68,50,68,1,0,,1,0,0,4,-4,-2.67,2,0,0,1,0,0,0,0,,,0,2,2,135,4,2.67,7,3,42.9,0,0,2,0,0,0,0,0,0,
Ahmed Maknzi,Iraq,Iraq,DF,24,2001,,1,0,33,0.4,0,0,0,0,0,0,0,0,0,0,0,0,0,0,0,,0,0,,,33,12.2,,0,1,33,2,0,0,3,-3,-8.18,-5.14,0,0,0,0,0,0,2,,,0,,,,,,,,,,,,,,,,,,
Ahmed Qasem,Iraq,Iraq,"MF,FW",22,2003,Nashville SC,3,2,123,1.4,0,0,0,0,0,0,0,0,0,0,0,0,0,0,0,,0,0,,,41,45.6,53,1,1,18,0,0,0,6,-6,-4.39,-1.33,0,0,1,0,1,0,0,,,0,,,,,,,,,,,,,,,,,,
Aimar Sher,Iraq,Iraq,MF,23,2002,Sarpsborg 08,1,0,23,0.3,0,0,0,0,0,0,0,0,0,0,0,0,0,0,0,,0,0,,,23,8.5,,0,1,23,2,0,0,0,0,0,4.01,0,0,0,0,1,0,0,,,0,,,,,,,,,,,,,,,,,,
Akam Hashim,Iraq,Iraq,DF,27,1998,,3,3,270,3,0,0,0,0,0,0,0,0,0,0,0,0,0,1,0,0,0.33,0,0,,90,100,90,3,0,,0,0,1,12,-11,-3.67,,0,0,3,0,0,2,1,,,0,,,,,,,,,,,,,,,,,,
Ali Al Hamadi,Iraq,Iraq,FW,24,2002,Ipswich Town,3,2,180,2,0,0,0,0,0,0,0,0,0,0,0,0,0,6,0,0,3,0,0,,60,66.7,58,0,1,65,0,0,1,6,-5,-2.5,3.5,0,1,5,0,0,2,2,,,0,,,,,,,,,,,,,,,,,,
Ali Jasim,Iraq,Iraq,MF,22,2004,Al-Najma,2,2,129,1.4,0,0,0,0,0,0,0,0,0,0,0,0,0,4,1,25,2.79,0.7,0,0,65,47.8,65,0,0,,1,0,1,4,-3,-2.09,3.01,0,1,0,0,4,0,1,,,0,,,,,,,,,,,,,,,,,,
Ali Yousif,Iraq,Iraq,FW,30,1996,,1,0,33,0.4,0,0,0,0,0,0,0,0,0,0,0,0,0,0,0,,0,0,,,33,12.2,,0,1,33,2,0,0,3,-3,-8.18,-5.14,0,1,0,0,0,0,1,,,0,,,,,,,,,,,,,,,,,,
Amir Al Ammari,Iraq,Iraq,MF,28,1997,Cracovia,3,3,247,2.7,0,1,1,0,0,0,2,0,0,0.36,0.36,0,0.36,0,0,,0,0,,,82,91.5,82,2,0,,0,0,1,12,-11,-4.01,-4.01,0,3,0,0,8,2,1,,,0,,,,,,,,,,,,,,,,,,
Ayman Hussein,Iraq,Iraq,FW,30,1996,,2,2,115,1.3,1,0,1,1,0,0,0,0,0.78,0,0.78,0.78,0.78,3,1,33.3,2.35,0.78,0.33,1,58,42.6,58,1,0,,1,0,1,5,-4,-3.13,0.93,0,2,1,0,0,0,0,,,1,,,,,,,,,,,,,,,,,,
Fahad Talib,Iraq,Iraq,GK,31,1994,,0,0,,,,,,,,,,,,,,,,,,,,,,,,,,0,0,,3,,,,,,,,,,,,,,,,,,,,,,,,,,,,,,,,,,
Frans Dhia Putros,Iraq,Iraq,DF,32,1993,,1,1,90,1,0,0,0,0,0,0,0,0,0,0,0,0,0,0,0,,0,0,,,90,33.3,90,1,0,,2,0,0,5,-5,-5,-2,0,2,0,0,1,2,2,,,0,,,,,,,,,,,,,,,,,,
Hussein Ali,Iraq,Iraq,DF,24,2002,Pogo? Szczecin,2,2,162,1.8,0,0,0,0,0,0,0,0,0,0,0,0,0,1,0,0,0.56,0,0,,81,60,81,1,0,,1,0,1,5,-4,-2.22,3.61,0,1,0,1,1,2,2,,,0,,,,,,,,,,,,,,,,,,
Ibrahim Bayesh,Iraq,Iraq,"MF,FW",26,2000,,3,3,235,2.6,0,0,0,0,0,0,0,0,0,0,0,0,0,1,0,0,0.38,0,0,,78,87,78,1,0,,0,0,1,11,-10,-3.83,-1.26,0,3,5,0,4,1,4,,,0,,,,,,,,,,,,,,,,,,
Jalal Hassan,Iraq,Iraq,GK,35,1991,,2,1,135,1.5,0,0,0,0,0,0,0,0,0,0,0,0,0,0,0,,0,0,,,68,50,90,1,1,45,1,0,1,8,-7,-4.67,-2,0,0,1,0,0,0,0,,,0,2,1,135,8,5.33,16,8,50,0,0,1,0,0,0,0,0,0,
Kevin Yakob,Iraq,Iraq,MF,25,2000,AGF,1,0,24,0.3,0,0,0,0,0,0,0,0,0,0,0,0,0,1,0,0,3.75,0,0,,24,8.9,,0,1,24,2,0,0,2,-2,-7.5,-4.21,0,1,0,0,0,1,0,,,0,,,,,,,,,,,,,,,,,,
Manaf Younis,Iraq,Iraq,DF,29,1996,,1,0,75,0.8,0,0,0,0,0,0,0,0,0,0,0,0,0,0,0,,0,0,,,75,27.8,,0,1,75,2,0,0,4,-4,-4.8,-1.57,0,0,0,0,0,1,1,,,0,,,,,,,,,,,,,,,,,,
Marko Farji,Iraq,Iraq,MF,22,2004,Venezia,2,0,54,0.6,0,0,0,0,0,0,0,0,0,0,0,0,0,0,0,,0,0,,,27,20,,0,2,27,1,0,0,2,-2,-3.33,0.42,0,0,2,0,2,1,1,,,0,,,,,,,,,,,,,,,,,,
Merchas Doski,Iraq,Iraq,DF,26,1999,Viktoria Plze?,3,3,270,3,0,0,0,0,0,0,1,0,0,0,0,0,0,1,0,0,0.33,0,0,,90,100,90,3,0,,0,0,1,12,-11,-3.67,,0,3,8,0,4,6,9,,,0,,,,,,,,,,,,,,,,,,
Mohanad Ali,Iraq,Iraq,FW,25,2000,,1,0,13,0.1,0,0,0,0,0,0,0,0,0,0,0,0,0,0,0,,0,0,,,13,4.8,,0,1,13,2,0,0,1,-1,-6.92,-3.42,0,0,0,0,0,0,0,,,0,,,,,,,,,,,,,,,,,,
Mustafa Saadoon,Iraq,Iraq,DF,25,2001,,1,0,18,0.2,0,0,0,0,0,0,0,0,0,0,0,0,0,0,0,,0,0,,,18,6.7,,0,1,18,2,0,0,2,-2,-10,-6.79,0,2,0,0,0,0,1,,,0,,,,,,,,,,,,,,,,,,
Rebin Sulaka,Iraq,Iraq,DF,34,1992,,2,1,43,0.5,0,0,0,0,0,0,0,1,0,0,0,0,0,1,0,0,2.09,0,0,,22,15.9,12,0,1,31,1,0,0,2,-2,-4.19,-0.62,0,1,0,0,0,1,0,,,0,,,,,,,,,,,,,,,,,,
Youssef Amyn,Iraq,Iraq,MF,22,2003,,1,0,31,0.3,0,0,0,0,0,0,0,0,0,0,0,0,0,0,0,,0,0,,,31,11.5,,0,1,31,2,0,0,1,-1,-2.9,0.86,0,0,0,0,0,0,0,,,0,,,,,,,,,,,,,,,,,,
Zaid Ismail,Iraq,Iraq,MF,24,2002,,2,2,117,1.3,0,0,0,0,0,0,0,0,0,0,0,0,0,0,0,,0,0,,,59,43.3,59,0,0,,1,0,1,4,-3,-2.31,2.4,0,2,0,0,0,1,4,,,0,,,,,,,,,,,,,,,,,,
Zaid Tahseen,Iraq,Iraq,DF,25,2001,,2,2,149,1.7,0,0,0,0,0,0,1,0,0,0,0,0,0,2,0,0,1.21,0,0,,75,55.2,75,1,0,,1,0,1,6,-5,-3.02,1.44,0,3,2,0,0,0,1,,,0,,,,,,,,,,,,,,,,,,
Zidane Iqbal,Iraq,Iraq,MF,23,2003,Utrecht,3,2,188,2.1,0,0,0,0,0,0,0,0,0,0,0,0,0,0,0,,0,0,,,63,69.6,78,1,1,32,0,0,0,8,-8,-3.83,-0.54,0,1,2,0,2,1,2,,,0,,,,,,,,,,,,,,,,,,
Ao Tanaka,Japan,Japan,MF,27,1998,Leeds United,3,2,193,2.1,0,0,0,0,0,0,0,0,0,0,0,0,0,2,0,0,0.93,0,0,,64,53.6,90,2,1,13,1,1.33,5,2,3,1.4,1.4,0,6,2,0,0,1,6,,,0,,,,,,,,,,,,,,,,,,
Ayase Ueda,Japan,Japan,FW,27,1998,Feyenoord,4,4,321,3.6,2,1,3,2,0,0,0,0,0.56,0.28,0.84,0.56,0.84,9,4,44.4,2.52,1.12,0.22,0.5,80,89.2,80,1,0,,0,1.25,7,5,2,0.56,-1.75,0,6,4,1,0,0,1,,,0,,,,,,,,,,,,,,,,,,
Ayumu Seko,Japan,Japan,DF,26,2000,Le Havre,2,1,86,1,0,0,0,0,0,0,0,0,0,0,0,0,0,0,0,,0,0,,,43,23.9,74,0,1,12,2,2,2,1,1,1.05,0.39,0,1,0,0,0,1,1,,,0,,,,,,,,,,,,,,,,,,
Daichi Kamada,Japan,Japan,MF,29,1996,Crystal Palace,4,4,329,3.7,2,0,2,2,0,0,1,0,0.55,0,0.55,0.55,0.55,3,2,66.7,0.82,0.55,0.67,1,82,91.4,82,2,0,,0,1.25,7,4,3,0.82,0.82,0,2,4,1,4,1,3,,,0,,,,,,,,,,,,,,,,,,
Daizen Maeda,Japan,Japan,MF,28,1997,Celtic,3,3,244,2.7,1,0,1,1,0,0,0,0,0.37,0,0.37,0.37,0.37,2,1,50,0.74,0.37,0.5,1,81,67.8,81,1,0,,1,0.67,3,4,-1,-0.37,-3.47,0,2,1,1,3,2,3,,,0,,,,,,,,,,,,,,,,,,
Hiroki Ito,Japan,Japan,DF,27,1999,Bayern Munich,4,4,360,4,0,0,0,0,0,0,0,0,0,0,0,0,0,1,0,0,0.25,0,0,,90,100,90,4,0,,0,1.25,8,5,3,0.75,,0,7,0,0,9,0,2,,,0,,,,,,,,,,,,,,,,,,
Junnosuke Suzuki,Japan,Japan,DF,22,2003,FC Copenhagen,2,0,43,0.5,0,0,0,0,0,0,1,0,0,0,0,0,0,0,0,,0,0,,,22,11.9,,0,2,22,2,1.5,1,1,0,0,-0.85,0,2,0,0,0,1,0,,,0,,,,,,,,,,,,,,,,,,
Junya It?,Japan,Japan,MF,33,1993,Genk,4,2,216,2.4,1,0,1,1,0,0,0,0,0.42,0,0.42,0.42,0.42,3,1,33.3,1.25,0.42,0.33,1,54,60,84,1,2,25,0,1.25,6,1,5,2.08,3.33,0,2,5,0,17,1,2,,,0,,,,,,,,,,,,,,,,,,
Kaish? Sano,Japan,Japan,MF,25,2000,Mainz 05,3,3,270,3,1,1,2,1,0,0,1,0,0.33,0.33,0.67,0.33,0.67,1,1,100,0.33,0.33,1,1,90,75,90,3,0,,1,1.33,7,4,3,1,1,0,4,1,0,1,4,2,,,0,,,,,,,,,,,,,,,,,,
Keisuke Got?,Japan,Japan,FW,21,2005,Sint-Truiden,1,0,7,0.1,0,0,0,0,0,0,0,0,0,0,0,0,0,0,0,,0,0,,,7,1.9,,0,1,7,3,3,0,0,0,0,-0.76,0,0,1,0,0,0,1,,,0,,,,,,,,,,,,,,,,,,
Keisuke ?sako,Japan,Japan,GK,26,1999,,0,0,,,,,,,,,,,,,,,,,,,,,,,,,,0,0,,4,,,,,,,,,,,,,,,,,,,,,,,,,,,,,,,,,,
Keito Nakamura,Japan,Japan,MF,25,2000,Reims,4,4,307,3.4,1,1,2,1,0,0,0,0,0.29,0.29,0.59,0.29,0.59,5,2,40,1.47,0.59,0.2,0.5,77,85.3,77,1,0,,0,1.25,7,4,3,0.88,0.88,0,3,1,1,9,1,3,,,0,,,,,,,,,,,,,,,,,,
Kento Shiogai,Japan,Japan,FW,21,2005,Wolfsburg,1,0,7,0.1,0,0,0,0,0,0,0,0,0,0,0,0,0,0,0,,0,0,,,7,1.9,,0,1,7,3,1,1,0,1,12.86,12.35,0,0,0,0,0,0,0,,,0,,,,,,,,,,,,,,,,,,
Ko Itakura,Japan,Japan,DF,29,1997,Ajax,2,2,128,1.4,0,1,1,0,0,0,0,0,0,0.7,0.7,0,0.7,0,0,,0,0,,,64,35.6,64,1,0,,2,2,4,0,4,2.81,3.2,0,1,0,0,0,1,0,,,0,,,,,,,,,,,,,,,,,,
K?ki Ogawa,Japan,Japan,FW,28,1997,NEC Nijmegen,3,0,42,0.5,0,1,1,0,0,0,0,0,0,2.14,2.14,0,2.14,3,0,0,6.43,0,0,,14,11.7,,0,3,14,1,0.67,1,0,1,2.14,1.58,0,1,0,0,0,0,0,,,0,,,,,,,,,,,,,,,,,,
Ritsu Doan,Japan,Japan,MF,27,1998,Frankfurt,4,4,278,3.1,0,1,1,0,0,0,0,0,0,0.32,0.32,0,0.32,1,0,0,0.32,0,0,,70,77.2,70,0,0,,0,1.25,6,4,2,0.65,-0.45,0,6,4,0,5,1,1,,,0,,,,,,,,,,,,,,,,,,
Shogo Taniguchi,Japan,Japan,DF,34,1991,Sint-Truiden,3,2,232,2.6,0,0,0,0,0,0,1,0,0,0,0,0,0,0,0,,0,0,,,77,64.4,90,2,1,52,1,0.67,4,5,-1,-0.39,-3.2,0,2,1,0,0,1,0,,,0,,,,,,,,,,,,,,,,,,
Shuto Machino,Japan,Japan,FW,26,1999,Gladbach,1,0,13,0.1,0,0,0,0,0,0,0,0,0,0,0,0,0,0,0,,0,0,,,13,3.6,,0,1,13,2,0,0,1,-1,-6.92,-7.96,0,1,0,0,1,0,0,,,0,,,,,,,,,,,,,,,,,,
Takefusa Kubo,Japan,Japan,MF,25,2001,Real Sociedad,1,1,74,0.8,0,1,1,0,0,0,0,0,0,1.22,1.22,0,1.22,1,0,0,1.22,0,0,,74,20.6,74,0,0,,1,1,1,2,-1,-1.22,-2.47,0,1,1,0,0,1,0,,,0,,,,,,,,,,,,,,,,,,
Takehiro Tomiyasu,Japan,Japan,DF,27,1998,Ajax,3,2,184,2,0,0,0,0,0,0,0,0,0,0,0,0,0,1,0,0,0.49,0,0,,61,51.1,84,1,1,16,1,1.33,5,2,3,1.47,1.47,0,5,2,0,2,2,1,,,0,,,,,,,,,,,,,,,,,,
Tomoki Hayakawa,Japan,Japan,GK,27,1999,,0,0,,,,,,,,,,,,,,,,,,,,,,,,,,0,0,,4,,,,,,,,,,,,,,,,,,,,,,,,,,,,,,,,,,
Tsuyoshi Watanabe,Japan,Japan,DF,29,1997,Feyenoord,2,1,90,1,0,0,0,0,0,0,0,0,0,0,0,0,0,0,0,,0,0,,,45,25,74,0,1,16,2,1,1,2,-1,-1,-2.33,0,0,1,0,1,0,2,,,0,,,,,,,,,,,,,,,,,,
Yuito Suzuki,Japan,Japan,"FW,MF",24,2001,Freiburg,1,0,12,0.1,0,0,0,0,0,0,0,0,0,0,0,0,0,0,0,,0,0,,,12,3.3,,0,1,12,3,3,1,0,1,7.5,6.98,0,0,0,0,0,0,1,,,0,,,,,,,,,,,,,,,,,,
Yukinari Sugawara,Japan,Japan,MF,25,2000,Werder Bremen,4,1,148,1.6,0,0,0,0,0,0,0,0,0,0,0,0,0,2,2,100,1.22,1.22,0,0,37,41.1,90,1,3,19,0,1.25,3,2,1,0.61,-0.24,0,3,1,0,4,0,3,,,0,,,,,,,,,,,,,,,,,,
Y?to Nagatomo,Japan,Japan,"DF,MF",39,1986,FC Tokyo,1,0,16,0.2,0,0,0,0,0,0,0,0,0,0,0,0,0,0,0,,0,0,,,16,4.4,,0,1,16,3,1,0,0,0,0,-0.78,0,0,0,0,1,1,0,,,0,,,,,,,,,,,,,,,,,,
Zion Suzuki,Japan,Japan,GK,23,2002,Parma,4,4,360,4,0,0,0,0,0,0,0,0,0,0,0,0,0,0,0,,0,0,,,90,100,90,4,0,,0,1.25,8,5,3,0.75,,0,0,1,0,0,0,0,,,0,4,4,360,5,1.25,17,12,70.6,1,2,1,1,25,0,0,0,0,
Abdallah Al-Fakhouri,Jordan,Jordan,GK,26,2000,,0,0,,,,,,,,,,,,,,,,,,,,,,,,,,0,0,,3,,,,,,,,,,,,,,,,,,,,,,,,,,,,,,,,,,
Abdallah Nasib,Jordan,Jordan,DF,32,1994,,3,3,260,2.9,0,0,0,0,0,0,0,0,0,0,0,0,0,0,0,,0,0,,,87,96.3,87,2,0,,0,0,3,7,-4,-1.38,7.62,0,1,1,0,0,7,3,,,0,,,,,,,,,,,,,,,,,,
Ali Azaizeh,Jordan,Jordan,MF,22,2004,Al-Shabab,3,1,54,0.6,0,0,0,0,0,0,0,0,0,0,0,0,0,2,0,0,3.33,0,0,,18,20,45,0,2,5,0,0,0,3,-3,-5,-4.17,0,1,1,0,1,0,3,,,0,,,,,,,,,,,,,,,,,,
Ali Olwan,Jordan,Jordan,MF,26,2000,,3,3,268,3,1,0,1,1,0,0,0,0,0.34,0,0.34,0.34,0.34,6,3,50,2.01,1.01,0.17,0.33,89,99.3,89,1,0,,0,0,3,8,-5,-1.68,-1.68,0,1,4,1,5,1,0,,,0,,,,,,,,,,,,,,,,,,
Amer Jamous,Jordan,Jordan,MF,23,2002,,1,0,15,0.2,0,0,0,0,0,0,0,0,0,0,0,0,0,0,0,,0,0,,,15,5.6,,0,1,15,2,0,0,1,-1,-6,-4.59,0,1,0,0,0,0,0,,,0,,,,,,,,,,,,,,,,,,
Anas Badawi,Jordan,Jordan,DF,28,1997,,0,0,,,,,,,,,,,,,,,,,,,,,,,,,,0,0,,3,,,,,,,,,,,,,,,,,,,,,,,,,,,,,,,,,,
Husam Abu Dahab,Jordan,Jordan,DF,26,2000,,2,2,178,2,0,0,0,0,0,0,1,0,0,0,0,0,0,0,0,,0,0,,,89,65.9,89,0,0,,1,0,2,5,-3,-1.52,0.44,0,2,1,0,0,0,3,,,0,,,,,,,,,,,,,,,,,,
Ibrahim Sadeh,Jordan,Jordan,MF,26,2000,,0,0,,,,,,,,,,,,,,,,,,,,,,,,,,0,0,,3,,,,,,,,,,,,,,,,,,,,,,,,,,,,,,,,,,
Ihsan Haddad,Jordan,Jordan,DF,32,1994,,3,3,260,2.9,0,1,1,0,0,0,0,0,0,0.35,0.35,0,0.35,1,0,0,0.35,0,0,,87,96.3,87,2,0,,0,0,3,7,-4,-1.38,7.62,0,3,1,0,8,2,1,,,0,,,,,,,,,,,,,,,,,,
Mahmoud Al-Mardi,Jordan,Jordan,MF,32,1993,,3,1,130,1.4,0,0,0,0,0,0,0,0,0,0,0,0,0,1,1,100,0.69,0.69,0,0,43,48.1,75,0,2,28,0,0,2,3,-1,-0.69,1.88,0,4,2,0,7,0,1,,,0,,,,,,,,,,,,,,,,,,
Mo Abualnadi,Jordan,Jordan,DF,25,2001,,1,1,71,0.8,0,0,0,0,0,0,0,0,0,0,0,0,0,0,0,,0,0,,,71,26.3,71,0,0,,2,0,1,1,0,0,2.26,0,0,0,0,0,0,0,,,0,,,,,,,,,,,,,,,,,,
Mohammad Abu Hasheesh,Jordan,Jordan,DF,31,1995,,1,0,6,0.1,0,0,0,0,0,0,0,0,0,0,0,0,0,0,0,,0,0,,,6,2.2,,0,1,6,2,0,0,0,0,0,1.7,0,0,0,0,0,0,2,,,0,,,,,,,,,,,,,,,,,,
Mohammad Al-Dawud,Jordan,Jordan,"FW,MF",34,1992,,1,0,3,0,0,0,0,0,0,0,0,0,0,0,0,0,0,0,0,,0,0,,,3,1.1,,0,1,3,2,0,0,1,-1,-30,-28.65,0,0,0,0,0,0,0,,,0,,,,,,,,,,,,,,,,,,
Mohammad Taha,Jordan,Jordan,MF,20,2005,,0,0,,,,,,,,,,,,,,,,,,,,,,,,,,0,0,,3,,,,,,,,,,,,,,,,,,,,,,,,,,,,,,,,,,
Mohannad Abu Taha,Jordan,Jordan,DF,23,2003,,3,3,264,2.9,0,0,0,0,0,0,1,0,0,0,0,0,0,1,0,0,0.34,0,0,,88,97.8,88,2,0,,0,0,3,8,-5,-1.7,-1.7,0,2,1,0,5,6,2,,,0,,,,,,,,,,,,,,,,,,
Musa Al-Taamari,Jordan,Jordan,FW,29,1997,Rennes,3,2,215,2.4,1,1,2,1,0,0,0,0,0.42,0.42,0.84,0.42,0.84,8,3,37.5,3.35,1.26,0.13,0.33,72,79.6,85,0,1,45,0,0,3,5,-2,-0.84,4.07,0,2,3,1,0,0,0,,,0,,,,,,,,,,,,,,,,,,
Nizar Al Rashdan,Jordan,Jordan,MF,27,1999,,3,3,255,2.8,1,0,1,1,0,0,0,0,0.35,0,0.35,0.35,0.35,2,1,50,0.71,0.35,0.5,1,85,94.4,85,2,0,,0,0,3,7,-4,-1.41,4.59,0,5,4,0,0,2,5,,,0,,,,,,,,,,,,,,,,,,
Noor Al Rawabdeh,Jordan,Jordan,MF,29,1997,,3,3,270,3,0,1,1,0,0,0,0,0,0,0.33,0.33,0,0.33,1,0,0,0.33,0,0,,90,100,90,3,0,,0,0,3,8,-5,-1.67,,0,1,0,0,0,2,7,,,0,,,,,,,,,,,,,,,,,,
Nour Bani Attiah,Jordan,Jordan,GK,33,1993,,0,0,,,,,,,,,,,,,,,,,,,,,,,,,,0,0,,3,,,,,,,,,,,,,,,,,,,,,,,,,,,,,,,,,,
Odeh Al-Fakhouri,Jordan,Jordan,"MF,FW",20,2005,,3,2,148,1.6,0,0,0,0,0,0,0,0,0,0,0,0,0,2,1,50,1.22,0.61,0,0,49,54.8,67,0,1,15,0,0,1,5,-4,-2.43,-1.69,0,2,3,1,1,2,1,,,0,,,,,,,,,,,,,,,,,,
Rajaei Ayed,Jordan,Jordan,MF,32,1993,,0,0,,,,,,,,,,,,,,,,,,,,,,,,,,0,0,,3,,,,,,,,,,,,,,,,,,,,,,,,,,,,,,,,,,
Saed Al-Rosan,Jordan,Jordan,DF,29,1997,,1,0,10,0.1,0,0,0,0,0,0,0,0,0,0,0,0,0,0,0,,0,0,,,10,3.7,,0,1,10,2,0,0,1,-1,-9,-7.62,0,0,0,0,0,0,0,,,0,,,,,,,,,,,,,,,,,,
Salim Obaid,Jordan,Jordan,DF,34,1992,,3,0,21,0.2,0,0,0,0,0,0,0,0,0,0,0,0,0,0,0,,0,0,,,7,7.8,,0,3,7,0,0,0,2,-2,-8.57,-7.49,0,1,0,0,0,0,2,,,0,,,,,,,,,,,,,,,,,,
Sharara,Jordan,Jordan,FW,28,1997,,2,0,2,0,0,0,0,0,0,0,1,0,0,0,0,0,0,0,0,,0,0,,,1,0.7,,0,2,1,1,0,0,0,0,0,1.68,0,1,0,0,0,0,0,,,0,,,,,,,,,,,,,,,,,,
Yazan Al-Arab,Jordan,Jordan,DF,30,1996,FC Seoul,3,3,270,3,0,0,0,0,0,0,1,0,0,0,0,0,0,0,0,,0,0,,,90,100,90,3,0,,0,0,3,8,-5,-1.67,,0,4,0,0,0,11,1,,,1,,,,,,,,,,,,,,,,,,
Yazeed Abulaila,Jordan,Jordan,GK,33,1993,,3,3,270,3,0,0,0,0,0,0,0,0,0,0,0,0,0,0,0,,0,0,,,90,100,90,3,0,,0,0,3,8,-5,-1.67,,0,0,0,0,0,0,0,,,0,3,3,270,8,2.67,16,8,50,0,0,3,0,0,2,2,0,0,0
Bae Jun-ho,Korea Republic,Korea Republic,"FW,MF",22,2003,,0,0,,,,,,,,,,,,,,,,,,,,,,,,,,0,0,,3,,,,,,,,,,,,,,,,,,,,,,,,,,,,,,,,,,
Cho Gue-sung,Korea Republic,Korea Republic,FW,28,1998,Midtjylland,2,0,31,0.3,0,0,0,0,0,0,1,0,0,0,0,0,0,2,1,50,5.81,2.9,0,0,16,11.5,,0,2,16,1,0,0,0,0,0,0.38,0,1,0,0,0,0,0,,,0,,,,,,,,,,,,,,,,,,
Cho Wi-je,Korea Republic,Korea Republic,DF,24,2001,,0,0,,,,,,,,,,,,,,,,,,,,,,,,,,0,0,,3,,,,,,,,,,,,,,,,,,,,,,,,,,,,,,,,,,
Eom Ji-sung,Korea Republic,Korea Republic,MF,24,2002,Swansea City,2,0,42,0.5,0,0,0,0,0,0,0,0,0,0,0,0,0,0,0,,0,0,,,21,15.6,,0,2,21,1,1.5,1,0,1,2.14,2.93,0,0,1,0,3,0,2,,,0,,,,,,,,,,,,,,,,,,
Hwang Hee-chan,Korea Republic,Korea Republic,FW,30,1996,Wolves,3,1,108,1.2,0,0,0,0,0,0,0,0,0,0,0,0,0,1,0,0,0.83,0,0,,36,40,45,0,2,32,0,1,2,0,2,1.67,3.33,0,1,2,0,0,0,1,,,0,,,,,,,,,,,,,,,,,,
Hwang In-beom,Korea Republic,Korea Republic,MF,29,1996,Feyenoord,3,3,263,2.9,1,1,2,1,0,0,0,0,0.34,0.34,0.68,0.34,0.68,4,2,50,1.37,0.68,0.25,0.5,88,97.4,88,2,0,,0,1,2,3,-1,-0.34,-0.34,0,1,1,0,2,4,2,,,0,,,,,,,,,,,,,,,,,,
Jens Castrop,Korea Republic,Korea Republic,MF,22,2003,Gladbach,1,0,45,0.5,0,0,0,0,0,0,0,0,0,0,0,0,0,0,0,,0,0,,,45,16.7,,0,1,45,2,0,0,1,-1,-2,-2,0,3,0,0,3,0,0,,,0,,,,,,,,,,,,,,,,,,
Jo Hyeon-woo,Korea Republic,Korea Republic,GK,34,1991,,0,0,,,,,,,,,,,,,,,,,,,,,,,,,,0,0,,3,,,,,,,,,,,,,,,,,,,,,,,,,,,,,,,,,,
Kim Jin-gyu,Korea Republic,Korea Republic,MF,29,1997,Jeonbuk,2,0,52,0.6,0,0,0,0,0,0,0,0,0,0,0,0,0,1,0,0,1.73,0,0,,26,19.3,,0,2,26,1,1.5,0,1,-1,-1.73,-1.73,0,0,1,0,1,0,1,,,0,,,,,,,,,,,,,,,,,,
Kim Min-jae,Korea Republic,Korea Republic,DF,29,1996,Bayern Munich,3,3,245,2.7,0,0,0,0,0,0,0,0,0,0,0,0,0,1,1,100,0.37,0.37,0,0,82,90.7,82,2,0,,0,1,2,3,-1,-0.37,-0.37,0,2,1,0,0,2,2,,,0,,,,,,,,,,,,,,,,,,
Kim Moon-hwan,Korea Republic,Korea Republic,MF,30,1995,Daejeon Hana,1,1,70,0.8,0,0,0,0,0,0,0,0,0,0,0,0,0,0,0,,0,0,,,70,25.9,70,0,0,,2,0,0,1,-1,-1.29,-1.29,0,0,0,0,0,1,1,,,0,,,,,,,,,,,,,,,,,,
Kim Seung-gyu,Korea Republic,Korea Republic,GK,35,1990,FC Tokyo,3,3,270,3,0,0,0,0,0,0,0,0,0,0,0,0,0,0,0,,0,0,,,90,100,90,3,0,,0,1,2,3,-1,-0.33,,0,0,0,0,0,0,0,,,0,3,3,270,3,1,12,9,75,1,0,2,0,0,0,0,0,0,
Kim Tae-hyeon,Korea Republic,Korea Republic,DF,25,2000,,0,0,,,,,,,,,,,,,,,,,,,,,,,,,,0,0,,3,,,,,,,,,,,,,,,,,,,,,,,,,,,,,,,,,,
Lee Dong-gyeong,Korea Republic,Korea Republic,"FW,MF",28,1997,,0,0,,,,,,,,,,,,,,,,,,,,,,,,,,0,0,,3,,,,,,,,,,,,,,,,,,,,,,,,,,,,,,,,,,
Lee Gi-hyuk,Korea Republic,Korea Republic,DF,25,2000,Gangwon FC,3,3,270,3,0,0,0,0,0,0,1,0,0,0,0,0,0,0,0,,0,0,,,90,100,90,3,0,,0,1,2,3,-1,-0.33,,0,2,1,0,2,5,4,,,0,,,,,,,,,,,,,,,,,,
Lee Han-beom,Korea Republic,Korea Republic,DF,23,2002,Midtjylland,3,3,270,3,0,0,0,0,0,0,0,0,0,0,0,0,0,2,0,0,0.67,0,0,,90,100,90,3,0,,0,1,2,3,-1,-0.33,,0,7,2,0,2,3,2,,,0,,,,,,,,,,,,,,,,,,
Lee Jae-sung,Korea Republic,Korea Republic,FW,33,1992,Mainz 05,2,2,117,1.3,0,0,0,0,0,0,0,0,0,0,0,0,0,2,1,50,1.54,0.77,0,0,59,43.3,59,0,0,,1,1.5,0,2,-2,-1.54,-2.13,0,1,4,1,0,2,3,,,0,,,,,,,,,,,,,,,,,,
Lee Kang-in,Korea Republic,Korea Republic,FW,25,2001,PSG,3,3,270,3,0,1,1,0,0,0,1,0,0,0.33,0.33,0,0.33,4,1,25,1.33,0.33,0,0,90,100,90,3,0,,0,1,2,3,-1,-0.33,,0,1,7,0,19,0,0,,,0,,,,,,,,,,,,,,,,,,
Lee Tae-seok,Korea Republic,Korea Republic,MF,23,2002,Austria Wien,2,2,113,1.3,0,0,0,0,0,0,0,0,0,0,0,0,0,0,0,,0,0,,,57,41.9,57,0,0,,1,1.5,1,1,0,0,0.57,0,3,1,0,8,0,3,,,0,,,,,,,,,,,,,,,,,,
Oh Hyeon-gyu,Korea Republic,Korea Republic,FW,25,2001,Be?ikta?,3,1,129,1.4,1,0,1,1,0,0,0,0,0.7,0,0.7,0.7,0.7,4,2,50,2.79,1.4,0.25,0.5,43,47.8,73,0,2,28,0,1,1,1,0,0,0.64,0,0,1,0,1,0,0,,,0,,,,,,,,,,,,,,,,,,
Paik Seung-ho,Korea Republic,Korea Republic,MF,29,1997,Birmingham City,3,3,204,2.3,0,0,0,0,0,0,1,0,0,0,0,0,0,0,0,,0,0,,,68,75.6,68,0,0,,0,1,2,2,0,0,1.36,0,1,2,0,1,1,0,,,0,,,,,,,,,,,,,,,,,,
Park Jinseob,Korea Republic,Korea Republic,"DF,MF",30,1995,Zhejiang,2,0,32,0.4,0,0,0,0,0,0,0,0,0,0,0,0,0,1,1,100,2.81,2.81,0,0,16,11.9,,0,2,16,1,1.5,0,0,0,0,0.38,0,0,1,0,0,0,0,,,0,,,,,,,,,,,,,,,,,,
Seol Young-woo,Korea Republic,Korea Republic,MF,27,1998,Red Star,3,3,250,2.8,0,0,0,0,0,0,0,0,0,0,0,0,0,2,0,0,0.72,0,0,,83,92.6,83,2,0,,0,1,2,3,-1,-0.36,-0.36,0,1,2,4,9,1,0,,,0,,,,,,,,,,,,,,,,,,
Son Heung-min,Korea Republic,Korea Republic,FW,33,1992,LAFC,3,2,169,1.9,0,0,0,0,0,0,0,0,0,0,0,0,0,7,1,14.3,3.73,0.53,0,0,56,62.6,62,0,1,45,0,1,1,3,-2,-1.07,-1.96,0,0,4,2,3,0,1,,,0,,,,,,,,,,,,,,,,,,
Song Bum-keun,Korea Republic,Korea Republic,GK,28,1997,,0,0,,,,,,,,,,,,,,,,,,,,,,,,,,0,0,,3,,,,,,,,,,,,,,,,,,,,,,,,,,,,,,,,,,
Yang Hyun-jun,Korea Republic,Korea Republic,"FW,MF",24,2002,Celtic,1,0,20,0.2,0,0,0,0,0,0,0,0,0,0,0,0,0,1,1,100,4.5,4.5,0,0,20,7.4,,0,1,20,2,0,0,0,0,0,0.36,0,1,0,1,0,1,1,,,0,,,,,,,,,,,,,,,,,,
Alexis Vega,Mexico,Mexico,"FW,MF",28,1997,Toluca,1,0,12,0.1,0,0,0,0,0,0,0,0,0,0,0,0,0,0,0,,0,0,,,12,2.7,,0,1,12,4,3,0,0,0,0,-1.44,0,0,0,0,1,0,0,,,0,,,,,,,,,,,,,,,,,,
Armando Gonz?lez,Mexico,Mexico,FW,23,2003,Guadalajara,1,0,15,0.2,0,0,0,0,0,0,0,0,0,0,0,0,0,0,0,,0,0,,,15,3.3,,0,1,15,4,3,0,0,0,0,-1.45,0,1,0,0,0,0,0,,,0,,,,,,,,,,,,,,,,,,
Brian Guti?rrez,Mexico,Mexico,MF,22,2003,Guadalajara,4,2,198,2.2,0,0,0,0,0,0,1,0,0,0,0,0,0,6,0,0,2.73,0,0,,50,44,68,0,2,32,1,2.25,3,0,3,1.36,-0.06,0,5,3,0,5,2,1,,,0,,,,,,,,,,,,,,,,,,
Carlos Acevedo,Mexico,Mexico,GK,30,1996,,0,0,,,,,,,,,,,,,,,,,,,,,,,,,,0,0,,5,,,,,,,,,,,,,,,,,,,,,,,,,,,,,,,,,,
C?sar Huerta,Mexico,Mexico,"FW,MF",25,2000,Anderlecht,1,0,7,0.1,0,0,0,0,0,0,0,0,0,0,0,0,0,0,0,,0,0,,,7,1.6,,0,1,7,4,3,0,0,0,0,-1.42,0,0,0,0,0,0,0,,,0,,,,,,,,,,,,,,,,,,
C?sar Montes,Mexico,Mexico,DF,29,1997,Loko Moscow,4,4,314,3.5,0,0,0,0,0,0,0,1,0,0,0,0,0,1,1,100,0.29,0.29,0,0,79,69.8,79,2,0,,0,2.25,8,2,6,1.72,1.06,0,4,3,0,2,2,1,,,0,,,,,,,,,,,,,,,,,,
Edson ?lvarez,Mexico,Mexico,"MF,DF",28,1997,West Ham,4,2,240,2.7,0,0,0,0,0,0,1,0,0,0,0,0,0,2,0,0,0.75,0,0,,60,53.3,90,2,2,30,1,2.25,5,1,4,1.5,0.21,0,5,2,0,1,3,6,,,0,,,,,,,,,,,,,,,,,,
Erik Lira,Mexico,Mexico,MF,26,2000,Cruz Azul,4,4,345,3.8,0,1,1,0,0,0,0,0,0,0.26,0.26,0,0.26,0,0,,0,0,,,86,76.7,86,3,0,,1,2.25,7,3,4,1.04,-1.53,0,3,4,0,2,2,3,,,0,,,,,,,,,,,,,,,,,,
Gilberto Mora,Mexico,Mexico,MF,17,2008,Tijuana,4,3,213,2.4,0,0,0,0,0,0,0,0,0,0,0,0,0,5,0,0,2.11,0,0,,53,47.3,63,0,1,25,1,2.25,6,3,3,1.27,-0.25,0,3,3,0,4,2,2,,,0,,,,,,,,,,,,,,,,,,
Guillermo Mart?nez Ayala,Mexico,Mexico,FW,31,1995,UNAM,2,1,72,0.8,0,0,0,0,0,0,0,0,0,0,0,0,0,0,0,,0,0,,,36,16,62,0,1,10,3,1.5,2,0,2,2.5,1.31,0,3,1,0,0,0,0,,,0,,,,,,,,,,,,,,,,,,
Guillermo Ochoa,Mexico,Mexico,GK,40,1985,,1,0,13,0.1,0,0,0,0,0,0,0,0,0,0,0,0,0,0,0,,0,0,,,13,2.9,,0,1,13,4,3,1,0,1,6.92,5.69,0,0,0,0,0,0,0,,,0,1,0,13,0,0,0,0,,0,0,0,1,,0,0,0,0,
Israel Reyes,Mexico,Mexico,DF,26,2000,Am?rica,4,2,202,2.2,0,0,0,0,0,0,0,0,0,0,0,0,0,2,0,0,0.89,0,0,,51,44.9,90,2,2,11,1,3,5,0,5,2.23,1.5,0,1,0,0,2,3,1,,,0,,,,,,,,,,,,,,,,,,
Jes?s Gallardo,Mexico,Mexico,DF,31,1994,Toluca,5,4,373,4.1,0,0,0,0,0,0,0,0,0,0,0,0,0,4,0,0,0.97,0,0,,75,82.9,90,4,1,13,0,2.4,8,3,5,1.21,-1.13,0,7,3,0,16,7,1,,,0,,,,,,,,,,,,,,,,,,
Johan V?squez,Mexico,Mexico,DF,27,1998,Genoa,4,4,360,4,0,0,0,0,0,0,1,0,0,0,0,0,0,1,0,0,0.25,0,0,,90,80,90,4,0,,1,2.25,7,3,4,1,-2,0,0,2,0,1,2,1,,,0,,,,,,,,,,,,,,,,,,
Jorge S?nchez,Mexico,Mexico,DF,28,1997,PAOK,4,4,348,3.9,0,1,1,0,0,0,1,0,0,0.26,0.26,0,0.26,1,1,100,0.26,0.26,0,0,87,77.3,87,3,0,,1,2.25,8,3,5,1.29,-0.47,0,5,1,1,6,5,4,,,0,,,,,,,,,,,,,,,,,,
Juli?n Qui?ones,Mexico,Mexico,"FW,MF",29,1997,Al-Qadsiah,5,5,410,4.6,4,1,5,4,0,0,0,0,0.88,0.22,1.1,0.88,1.1,14,6,42.9,3.07,1.32,0.29,0.67,82,91.1,82,1,0,,0,2.4,10,3,7,1.54,1.54,0,5,7,1,3,0,0,,,0,,,,,,,,,,,,,,,,,,
Luis Ch?vez,Mexico,Mexico,MF,30,1996,Dynamo Moskva,1,0,25,0.3,0,0,0,0,0,0,0,0,0,0,0,0,0,0,0,,0,0,,,25,5.6,,0,1,25,4,3,1,0,1,3.6,2.33,0,1,0,0,1,0,1,,,0,,,,,,,,,,,,,,,,,,
Luis Romo,Mexico,Mexico,MF,31,1995,Guadalajara,4,4,264,2.9,1,1,2,1,0,0,0,0,0.34,0.34,0.68,0.34,0.68,3,1,33.3,1.02,0.34,0.33,1,66,58.7,66,0,0,,1,2.25,6,3,3,1.02,-0.91,0,1,3,0,1,4,4,,,0,,,,,,,,,,,,,,,,,,
Mateo Ch?vez,Mexico,Mexico,DF,22,2004,AZ Alkmaar,1,1,77,0.9,1,0,1,1,0,0,0,0,1.17,0,1.17,1.17,1.17,1,1,100,1.17,1.17,1,1,77,17.1,77,0,0,,4,3,2,0,2,2.34,1.13,0,1,1,0,1,0,1,,,0,,,,,,,,,,,,,,,,,,
Obed Vargas,Mexico,Mexico,MF,20,2005,Atl?tico Madrid,3,0,66,0.7,0,0,0,0,0,0,0,0,0,0,0,0,0,1,1,100,1.36,1.36,0,0,22,14.7,,0,3,22,2,3,1,0,1,1.36,-0.04,0,1,0,0,0,1,2,,,0,,,,,,,,,,,,,,,,,,
Orbel?n Pineda,Mexico,Mexico,"FW,MF",30,1996,AEK Athens,2,0,31,0.3,0,0,0,0,0,0,0,0,0,0,0,0,0,1,0,0,2.9,0,0,,16,6.9,,0,2,16,3,3,0,0,0,0,-1.5,0,0,2,0,0,0,0,,,0,,,,,,,,,,,,,,,,,,
Ra?l Jim?nez,Mexico,Mexico,FW,35,1991,Fulham,4,4,317,3.5,3,0,3,2,1,1,0,0,0.85,0,0.85,0.57,0.57,18,7,38.9,5.11,1.99,0.11,0.29,79,70.4,79,1,0,,1,2.25,7,3,4,1.14,-0.89,0,7,2,2,0,0,1,,,0,,,,,,,,,,,,,,,,,,
Ra?l Rangel,Mexico,Mexico,GK,26,2000,Guadalajara,5,5,437,4.9,0,0,0,0,0,0,0,0,0,0,0,0,0,0,0,,0,0,,,87,97.1,87,4,0,,0,2.4,9,3,6,1.24,-5.69,0,1,0,0,0,0,0,,,0,5,5,437,3,0.62,11,8,72.7,4,0,1,4,80,1,1,0,0,0
Roberto Alvarado,Mexico,Mexico,"FW,MF",27,1998,Guadalajara,5,5,428,4.8,0,3,3,0,0,0,0,0,0,0.63,0.63,0,0.63,5,0,0,1.05,0,0,,86,95.1,86,3,0,,0,2.4,10,3,7,1.47,1.47,0,3,5,1,36,2,3,,,0,,,,,,,,,,,,,,,,,,
Santiago Gim?nez,Mexico,Mexico,FW,25,2001,Milan,4,0,86,1,0,0,0,0,0,0,0,0,0,0,0,0,0,2,1,50,2.09,1.05,0,0,22,19.1,,0,4,22,1,2.25,2,0,2,2.09,0.86,0,1,3,0,0,0,0,,,0,,,,,,,,,,,,,,,,,,
?lvaro Fidalgo,Mexico,Mexico,MF,29,1997,Real Betis,3,1,96,1.1,1,0,1,1,0,0,0,0,0.94,0,0.94,0.94,0.94,3,2,66.7,2.81,1.87,0.33,0.5,32,21.3,65,0,2,16,2,2,2,0,2,1.87,0.6,0,0,2,0,4,1,0,,,0,,,,,,,,,,,,,,,,,,
Achraf Hakimi,Morocco,Morocco,DF,27,1998,PSG,6,6,570,6.3,1,2,3,1,0,0,1,0,0.16,0.32,0.47,0.16,0.47,14,4,28.6,2.21,0.63,0.07,0.25,95,100,95,6,0,,0,1.83,10,6,4,0.63,,0,7,16,0,35,5,10,,,0,,,,,,,,,,,,,,,,,,
Ahmed Reda Tagnaouti,Morocco,Morocco,GK,30,1996,,0,0,,,,,,,,,,,,,,,,,,,,,,,,,,0,0,,6,,,,,,,,,,,,,,,,,,,,,,,,,,,,,,,,,,
Amine Sbai,Morocco,Morocco,"FW,MF",25,2000,Angers,1,0,6,0.1,0,0,0,0,0,0,0,0,0,0,0,0,0,0,0,,0,0,,,6,1.1,,0,1,6,5,0,0,0,0,0,-0.64,0,2,0,0,2,0,0,,,0,,,,,,,,,,,,,,,,,,
Anass Salah-Eddine,Morocco,Morocco,DF,24,2002,PSV,4,2,212,2.4,0,0,0,0,0,0,0,0,0,0,0,0,0,1,0,0,0.42,0,0,,53,37.2,78,0,2,29,2,1.25,4,4,0,0,-1.01,0,3,2,0,3,0,5,,,0,,,,,,,,,,,,,,,,,,
Ayoub El Kaabi,Morocco,Morocco,FW,32,1993,Olympiacos,1,1,69,0.8,0,0,0,0,0,0,0,0,0,0,0,0,0,3,2,66.7,3.91,2.61,0,0,69,12.1,69,0,0,,5,3,2,2,0,0,-0.72,0,1,1,3,0,0,2,,,0,,,,,,,,,,,,,,,,,,
Ayoube Amaimouni,Morocco,Morocco,MF,21,2004,Frankfurt,2,0,18,0.2,0,0,0,0,0,0,0,0,0,0,0,0,0,2,1,50,10,5,0,0,9,3.2,,0,2,9,4,2,0,0,0,0,-0.65,0,1,0,0,1,0,1,,,0,,,,,,,,,,,,,,,,,,
Ayyoub Bouaddi,Morocco,Morocco,MF,18,2007,Lille,5,5,381,4.2,0,0,0,0,0,0,0,0,0,0,0,0,0,3,0,0,0.71,0,0,,76,66.8,76,2,0,,1,1.6,3,3,0,0,-1.9,0,3,6,0,0,1,3,,,0,,,,,,,,,,,,,,,,,,
Azzedine Ounahi,Morocco,Morocco,MF,26,2000,Girona,6,5,435,4.8,2,0,2,2,0,0,1,0,0.41,0,0.41,0.41,0.41,5,3,60,1.03,0.62,0.4,0.67,73,76.3,83,1,1,21,0,1.83,6,4,2,0.41,-0.92,0,3,7,0,4,1,1,,,0,,,,,,,,,,,,,,,,,,
Bilal El Khannouss,Morocco,Morocco,"MF,FW",22,2004,Stuttgart,6,6,461,5.1,0,0,0,0,0,0,1,0,0,0,0,0,0,6,4,66.7,1.17,0.78,0,0,77,80.9,77,1,0,,0,1.83,7,5,2,0.39,-1.26,0,5,6,0,10,1,7,,,0,,,,,,,,,,,,,,,,,,
Brahim D?az,Morocco,Morocco,MF,26,1999,Real Madrid,6,6,457,5.1,0,4,4,0,0,0,0,0,0,0.79,0.79,0,0.79,6,1,16.7,1.18,0.2,0,0,76,80.2,76,1,0,,0,1.83,7,6,1,0.2,-2.19,0,3,10,0,8,4,2,,,0,,,,,,,,,,,,,,,,,,
Chadi Riad,Morocco,Morocco,DF,22,2003,Crystal Palace,4,4,344,3.8,0,1,1,0,0,0,0,0,0,0.26,0.26,0,0.26,1,0,0,0.26,0,0,,86,60.4,86,3,0,,2,2,6,4,2,0.52,-0.27,0,0,1,0,0,4,1,,,0,,,,,,,,,,,,,,,,,,
Chemsdine Talbi,Morocco,Morocco,MF,21,2005,Sunderland,5,1,179,2,0,1,1,0,0,0,0,0,0,0.5,0.5,0,0.5,2,0,0,1.01,0,0,,36,31.4,84,0,4,24,1,1.6,3,2,1,0.5,-0.19,0,0,1,0,9,2,2,,,0,,,,,,,,,,,,,,,,,,
Gessime Yassine,Morocco,Morocco,MF,20,2005,Strasbourg,3,0,80,0.9,1,0,1,1,0,0,0,0,1.13,0,1.13,1.13,1.13,2,1,50,2.25,1.13,0.5,1,27,14,,0,3,27,3,1.33,3,0,3,3.38,3.19,0,2,3,0,1,1,2,,,0,,,,,,,,,,,,,,,,,,
Ismael Saibari,Morocco,Morocco,FW,25,2001,PSV,5,5,381,4.2,3,0,3,3,0,0,0,0,0.71,0,0.71,0.71,0.71,10,3,30,2.36,0.71,0.3,1,76,66.8,76,1,0,,1,2.2,5,4,1,0.24,-1.19,0,8,3,3,5,0,2,,,0,,,,,,,,,,,,,,,,,,
Issa Diop,Morocco,Morocco,DF,29,1997,Fulham,5,5,476,5.3,1,0,1,1,0,0,3,0,0.19,0,0.19,0.19,0.19,1,1,100,0.19,0.19,1,1,95,83.5,95,4,0,,1,1.6,5,4,1,0.19,-2.68,0,4,1,0,0,7,1,,,0,,,,,,,,,,,,,,,,,,
Marwane Sa?dane,Morocco,Morocco,"DF,MF",34,1992,Al-Fateh,1,0,4,0,0,0,0,0,0,0,0,0,0,0,0,0,0,0,0,,0,0,,,4,0.7,,0,1,4,5,3,1,0,1,22.5,22.02,0,0,1,0,0,0,0,,,0,,,,,,,,,,,,,,,,,,
Munir,Morocco,Morocco,GK,37,1989,,0,0,,,,,,,,,,,,,,,,,,,,,,,,,,0,0,,6,,,,,,,,,,,,,,,,,,,,,,,,,,,,,,,,,,
Neil El Aynaoui,Morocco,Morocco,MF,24,2001,Roma,6,6,562,6.2,0,0,0,0,0,0,0,0,0,0,0,0,0,7,2,28.6,1.12,0.32,0,0,94,98.6,94,5,0,,0,1.83,9,6,3,0.48,-10.77,0,15,7,0,0,8,9,,,0,,,,,,,,,,,,,,,,,,
Noussair Mazraoui,Morocco,Morocco,DF,28,1997,Manchester Utd,6,5,477,5.3,0,0,0,0,0,0,0,0,0,0,0,0,0,0,0,,0,0,,,80,83.7,94,4,1,8,0,1.83,7,4,3,0.57,-0.4,0,4,6,0,3,2,8,,,0,,,,,,,,,,,,,,,,,,
Redouane Halhal,Morocco,Morocco,DF,23,2003,Mechelen,2,2,180,2,0,0,0,0,0,0,1,0,0,0,0,0,0,0,0,,0,0,,,90,31.6,90,2,0,,4,3,7,2,5,2.5,2.73,0,3,5,1,0,1,1,,,0,,,,,,,,,,,,,,,,,,
Samir El Mourabet,Morocco,Morocco,MF,20,2005,Strasbourg,5,0,81,0.9,0,0,0,0,0,0,0,0,0,0,0,0,0,0,0,,0,0,,,16,14.2,,0,5,16,1,2.2,3,0,3,3.33,3.15,0,0,1,0,1,1,1,,,0,,,,,,,,,,,,,,,,,,
Sofyan Amrabat,Morocco,Morocco,MF,29,1996,Real Betis,3,1,147,1.6,0,0,0,0,0,0,0,0,0,0,0,0,0,0,0,,0,0,,,49,25.8,90,1,2,29,3,2,6,3,3,1.84,1.62,0,4,2,0,0,2,1,,,0,,,,,,,,,,,,,,,,,,
Soufiane Rahimi,Morocco,Morocco,FW,30,1996,,6,0,163,1.8,2,1,3,2,0,0,0,0,1.1,0.55,1.66,1.1,1.66,6,4,66.7,3.31,2.21,0.33,0.5,27,28.6,,0,6,27,0,1.83,6,1,5,2.76,2.98,0,5,6,2,1,0,2,,,0,,,,,,,,,,,,,,,,,,
Yassine Bounou,Morocco,Morocco,GK,35,1991,Al-Hilal,6,6,570,6.3,0,0,0,0,0,0,0,0,0,0,0,0,0,0,0,,0,0,,,95,100,95,6,0,,0,1.83,10,6,4,0.63,,0,0,4,0,0,0,0,,,1,6,6,570,6,0.95,20,14,70,3,2,1,2,33.3,1,0,1,0,100
Youssef Belammari,Morocco,Morocco,DF,27,1998,,0,0,,,,,,,,,,,,,,,,,,,,,,,,,,0,0,,6,,,,,,,,,,,,,,,,,,,,,,,,,,,,,,,,,,
Zakaria El Ouahdi,Morocco,Morocco,"DF,MF",24,2001,Genk,1,0,17,0.2,0,0,0,0,0,0,0,0,0,0,0,0,0,0,0,,0,0,,,17,3,,0,1,17,5,0,0,0,0,0,-0.65,0,1,1,0,0,0,0,,,0,,,,,,,,,,,,,,,,,,
Bart Verbruggen,Netherlands,Netherlands,GK,23,2002,Brighton,4,4,390,4.3,0,0,0,0,0,0,0,0,0,0,0,0,0,0,0,,0,0,,,98,100,98,4,0,,0,2,11,5,6,1.38,,0,0,0,0,0,0,0,,,0,4,4,390,5,1.15,21,16,76.2,2,2,0,0,0,0,0,0,0,
Brian Brobbey,Netherlands,Netherlands,FW,24,2002,Sunderland,4,3,223,2.5,3,0,3,3,0,0,0,0,1.21,0,1.21,1.21,1.21,4,3,75,1.61,1.21,0.75,1,56,57.2,72,0,1,6,0,2,7,3,4,1.61,0.54,0,4,3,2,1,0,1,,,0,,,,,,,,,,,,,,,,,,
Cody Gakpo,Netherlands,Netherlands,FW,27,1999,Liverpool,4,4,368,4.1,3,1,4,3,0,0,0,0,0.73,0.24,0.98,0.73,0.98,10,6,60,2.45,1.47,0.3,0.5,92,94.4,92,0,0,,0,2,11,4,7,1.71,5.8,0,3,3,3,12,2,1,,,0,,,,,,,,,,,,,,,,,,
Crysencio Summerville,Netherlands,Netherlands,FW,24,2001,West Ham,4,2,253,2.8,2,2,4,2,0,0,1,0,0.71,0.71,1.42,0.71,1.42,2,2,100,0.71,0.71,1,1,63,64.9,95,1,2,32,0,2,6,3,3,1.07,-0.9,0,2,5,1,7,2,2,,,0,,,,,,,,,,,,,,,,,,
Denzel Dumfries,Netherlands,Netherlands,"DF,MF",30,1996,Inter,4,4,390,4.3,0,2,2,0,0,0,0,0,0,0.46,0.46,0,0.46,5,2,40,1.15,0.46,0,0,98,100,98,4,0,,0,2,11,5,6,1.38,,0,6,3,1,16,1,6,,,0,,,,,,,,,,,,,,,,,,
Donyell Malen,Netherlands,Netherlands,FW,27,1999,Roma,3,3,185,2.1,0,0,0,0,0,0,0,0,0,0,0,0,0,4,2,50,1.95,0.97,0,0,62,47.4,62,0,0,,1,2.33,7,2,5,2.43,1.99,0,0,2,0,5,0,0,,,0,,,,,,,,,,,,,,,,,,
Frenkie de Jong,Netherlands,Netherlands,MF,29,1997,Barcelona,4,4,328,3.6,0,0,0,0,0,0,0,0,0,0,0,0,0,1,0,0,0.27,0,0,,82,84.1,82,1,0,,0,2,10,5,5,1.37,-0.08,0,6,6,0,1,8,7,,,0,,,,,,,,,,,,,,,,,,
Guus Til,Netherlands,Netherlands,"FW,MF",28,1997,PSV,1,0,32,0.4,0,0,0,0,0,0,0,0,0,0,0,0,0,0,0,,0,0,,,32,8.2,,0,1,32,3,3,1,0,1,2.81,1.56,0,0,0,0,0,0,0,,,0,,,,,,,,,,,,,,,,,,
Jan Paul van Hecke,Netherlands,Netherlands,DF,26,2000,Brighton,4,4,390,4.3,1,0,1,1,0,0,0,0,0.23,0,0.23,0.23,0.23,3,2,66.7,0.69,0.46,0.33,0.5,98,100,98,4,0,,0,2,11,5,6,1.38,,0,4,2,0,1,4,3,,,0,,,,,,,,,,,,,,,,,,
Jorrel Hato,Netherlands,Netherlands,DF,20,2006,Chelsea,1,0,35,0.4,0,0,0,0,0,0,0,0,0,0,0,0,0,0,0,,0,0,,,35,9,,0,1,35,3,1,0,1,-1,-2.57,-4.35,0,0,0,0,1,0,0,,,0,,,,,,,,,,,,,,,,,,
Justin Kluivert,Netherlands,Netherlands,"FW,MF",27,1999,Bournemouth,2,0,27,0.3,0,0,0,0,0,0,0,0,0,0,0,0,0,0,0,,0,0,,,14,6.9,,0,2,14,2,2,0,0,0,0,-1.49,0,0,2,0,1,0,0,,,0,,,,,,,,,,,,,,,,,,
Lutsharel Geertruida,Netherlands,Netherlands,DF,25,2000,,0,0,,,,,,,,,,,,,,,,,,,,,,,,,,0,0,,4,,,,,,,,,,,,,,,,,,,,,,,,,,,,,,,,,,
Mark Flekken,Netherlands,Netherlands,GK,33,1993,,0,0,,,,,,,,,,,,,,,,,,,,,,,,,,0,0,,4,,,,,,,,,,,,,,,,,,,,,,,,,,,,,,,,,,
Marten de Roon,Netherlands,Netherlands,"DF,MF",35,1991,Atalanta,1,0,11,0.1,0,0,0,0,0,0,0,0,0,0,0,0,0,0,0,,0,0,,,11,2.8,,0,1,11,3,1,0,0,0,0,-1.42,0,0,0,0,0,0,0,,,0,,,,,,,,,,,,,,,,,,
Mats Wieffer,Netherlands,Netherlands,"DF,MF",26,1999,,0,0,,,,,,,,,,,,,,,,,,,,,,,,,,0,0,,4,,,,,,,,,,,,,,,,,,,,,,,,,,,,,,,,,,
Memphis,Netherlands,Netherlands,"FW,MF",32,1994,Corinthians,3,0,54,0.6,0,1,1,0,0,0,1,0,0,1.67,1.67,0,1.67,0,0,,0,0,,,18,13.8,,0,3,18,1,2.33,1,1,0,0,-1.61,0,1,1,0,1,0,0,,,0,,,,,,,,,,,,,,,,,,
Micky van de Ven,Netherlands,Netherlands,"DF,MF",25,2001,Tottenham,3,3,265,2.9,0,0,0,0,0,0,1,0,0,0,0,0,0,3,1,33.3,1.02,0.34,0,0,88,67.9,88,2,0,,1,1.67,8,3,5,1.7,0.98,0,5,1,0,2,2,3,,,0,,,,,,,,,,,,,,,,,,
Nathan Ak?,Netherlands,Netherlands,DF,31,1995,Manchester City,3,2,170,1.9,0,0,0,0,0,0,0,0,0,0,0,0,0,1,0,0,0.53,0,0,,57,43.6,80,1,1,10,1,1.67,3,2,1,0.53,-1.52,0,2,2,0,1,4,0,,,0,,,,,,,,,,,,,,,,,,
Noa Lang,Netherlands,Netherlands,"FW,MF",26,1999,Galatasaray,2,0,8,0.1,0,0,0,0,0,0,0,0,0,0,0,0,0,0,0,,0,0,,,4,2.1,,0,2,4,2,3,0,0,0,0,-1.41,0,0,1,0,0,0,0,,,0,,,,,,,,,,,,,,,,,,
Quinten Timber,Netherlands,Netherlands,MF,24,2001,Marseille,2,0,55,0.6,0,0,0,0,0,0,0,0,0,0,0,0,0,0,0,,0,0,,,28,14.1,,0,2,28,1,1,0,2,-2,-3.27,-5.42,0,0,2,0,1,1,0,,,0,,,,,,,,,,,,,,,,,,
Robin Roefs,Netherlands,Netherlands,GK,23,2003,,0,0,,,,,,,,,,,,,,,,,,,,,,,,,,0,0,,4,,,,,,,,,,,,,,,,,,,,,,,,,,,,,,,,,,
Ryan Gravenberch,Netherlands,Netherlands,MF,24,2002,Liverpool,4,4,345,3.8,0,2,2,0,0,0,0,0,0,0.52,0.52,0,0.52,5,0,0,1.3,0,0,,86,88.5,86,2,0,,0,2,11,3,8,2.09,6.09,0,5,3,0,4,6,1,,,0,,,,,,,,,,,,,,,,,,
Teun Koopmeiners,Netherlands,Netherlands,"DF,MF",28,1998,Juventus,4,0,122,1.4,0,0,0,0,0,0,0,0,0,0,0,0,0,2,0,0,1.48,0,0,,31,31.3,,0,4,31,0,2,2,2,0,0,-2.01,0,3,0,0,5,1,1,,,0,,,,,,,,,,,,,,,,,,
Tijjani Reijnders,Netherlands,Netherlands,MF,27,1998,Manchester City,3,3,199,2.2,0,1,1,0,0,0,0,0,0,0.45,0.45,0,0.45,4,2,50,1.81,0.9,0,0,66,51,66,0,0,,1,2.33,9,3,6,2.71,2.71,0,0,3,1,15,2,0,,,0,,,,,,,,,,,,,,,,,,
Virgil van Dijk,Netherlands,Netherlands,DF,34,1991,Liverpool,4,4,390,4.3,1,1,2,1,0,0,0,0,0.23,0.23,0.46,0.23,0.46,2,2,100,0.46,0.46,0.5,0.5,98,100,98,4,0,,0,2,11,5,6,1.38,,0,2,2,0,0,3,1,,,0,,,,,,,,,,,,,,,,,,
Wout Weghorst,Netherlands,Netherlands,FW,33,1992,Ajax,1,0,50,0.6,0,0,0,0,0,0,0,0,0,0,0,0,0,0,0,,0,0,,,50,12.8,,0,1,50,3,1,1,1,0,0,-1.59,0,1,2,0,0,0,1,,,0,,,,,,,,,,,,,,,,,,
Alex Paulsen,New Zealand,New Zealand,GK,23,2002,,0,0,,,,,,,,,,,,,,,,,,,,,,,,,,0,0,,3,,,,,,,,,,,,,,,,,,,,,,,,,,,,,,,,,,
Alex Rufer,New Zealand,New Zealand,MF,30,1996,,0,0,,,,,,,,,,,,,,,,,,,,,,,,,,0,0,,3,,,,,,,,,,,,,,,,,,,,,,,,,,,,,,,,,,
Ben Old,New Zealand,New Zealand,MF,23,2002,Saint-?tienne,3,0,93,1,0,0,0,0,0,0,0,0,0,0,0,0,0,0,0,,0,0,,,31,34.4,,0,3,31,0,0.33,1,6,-5,-4.84,-4.33,0,0,1,0,1,1,0,,,0,,,,,,,,,,,,,,,,,,
Ben Waine,New Zealand,New Zealand,FW,25,2001,,0,0,,,,,,,,,,,,,,,,,,,,,,,,,,0,0,,3,,,,,,,,,,,,,,,,,,,,,,,,,,,,,,,,,,
Callan Elliot,New Zealand,New Zealand,DF,26,1999,Auckland FC,1,0,13,0.1,0,0,0,0,0,0,0,0,0,0,0,0,0,0,0,,0,0,,,13,4.8,,0,1,13,2,1,0,0,0,0,2.1,0,0,0,0,0,0,1,,,0,,,,,,,,,,,,,,,,,,
Callum McCowatt,New Zealand,New Zealand,MF,27,1999,Silkeborg,3,2,159,1.8,0,0,0,0,0,0,1,0,0,0,0,0,0,4,3,75,2.26,1.7,0,0,53,58.9,66,0,1,27,0,0.33,4,6,-2,-1.13,2.11,0,4,1,0,3,1,1,,,0,,,,,,,,,,,,,,,,,,
Chris Wood,New Zealand,New Zealand,FW,34,1991,Nottingham,3,3,270,3,0,2,2,0,0,0,0,0,0,0.67,0.67,0,0.67,5,2,40,1.67,0.67,0,0,90,100,90,3,0,,0,0.33,4,10,-6,-2,,0,2,1,4,0,0,1,,,0,,,,,,,,,,,,,,,,,,
Elijah Just,New Zealand,New Zealand,MF,26,2000,Motherwell,3,3,264,2.9,3,0,3,3,0,0,1,0,1.02,0,1.02,1.02,1.02,7,5,71.4,2.39,1.7,0.43,0.6,88,97.8,88,2,0,,0,0.33,4,10,-6,-2.05,-2.05,0,3,2,0,2,2,3,,,0,,,,,,,,,,,,,,,,,,
Finn Surman,New Zealand,New Zealand,DF,22,2003,Portland Timbers,3,3,270,3,1,0,1,1,0,0,0,0,0.33,0,0.33,0.33,0.33,2,1,50,0.67,0.33,0.5,1,90,100,90,3,0,,0,0.33,4,10,-6,-2,,0,4,2,0,0,4,1,,,0,,,,,,,,,,,,,,,,,,
Francis de Vries,New Zealand,New Zealand,DF,31,1994,Auckland FC,2,0,18,0.2,0,0,0,0,0,0,0,0,0,0,0,0,0,0,0,,0,0,,,9,6.7,,0,2,9,1,0,1,2,-1,-5,-3.21,0,0,0,0,3,1,0,,,0,,,,,,,,,,,,,,,,,,
Jesse Randall,New Zealand,New Zealand,MF,23,2002,Auckland FC,3,0,61,0.7,0,0,0,0,0,0,0,0,0,0,0,0,0,1,0,0,1.48,0,0,,20,22.6,,0,3,20,0,0.33,1,5,-4,-5.9,-5.04,0,0,1,0,5,0,0,,,0,,,,,,,,,,,,,,,,,,
Joe Bell,New Zealand,New Zealand,MF,27,1999,Viking,3,3,243,2.7,0,0,0,0,0,0,0,0,0,0,0,0,0,1,0,0,0.37,0,0,,81,90,81,2,0,,0,0.33,3,7,-4,-1.48,5.19,0,3,0,0,0,4,2,,,0,,,,,,,,,,,,,,,,,,
Kosta Barbarouses,New Zealand,New Zealand,"FW,MF",36,1990,,0,0,,,,,,,,,,,,,,,,,,,,,,,,,,0,0,,3,,,,,,,,,,,,,,,,,,,,,,,,,,,,,,,,,,
Lachlan Bayliss,New Zealand,New Zealand,MF,23,2002,,0,0,,,,,,,,,,,,,,,,,,,,,,,,,,0,0,,3,,,,,,,,,,,,,,,,,,,,,,,,,,,,,,,,,,
Liberato Cacace,New Zealand,New Zealand,DF,25,2000,Wrexham,3,3,220,2.4,0,0,0,0,0,0,0,0,0,0,0,0,0,1,1,100,0.41,0.41,0,0,73,81.5,73,0,0,,0,0.33,3,7,-4,-1.64,1.96,0,1,5,0,8,3,2,,,0,,,,,,,,,,,,,,,,,,
Logan Rogerson,New Zealand,New Zealand,"FW,MF",28,1998,,0,0,,,,,,,,,,,,,,,,,,,,,,,,,,0,0,,2,,,,,,,,,,,,,,,,,,,,,,,,,,,,,,,,,,
Marko Stamenic,New Zealand,New Zealand,MF,24,2002,Swansea City,3,3,269,3,0,0,0,0,0,0,1,0,0,0,0,0,0,3,0,0,1,0,0,,90,99.6,90,2,0,,0,0.33,4,10,-6,-2.01,-2.01,0,4,0,0,1,4,1,,,0,,,,,,,,,,,,,,,,,,
Max Crocombe,New Zealand,New Zealand,GK,32,1993,Millwall,3,3,270,3,0,0,0,0,0,0,0,0,0,0,0,0,0,0,0,,0,0,,,90,100,90,3,0,,0,0.33,4,10,-6,-2,,0,0,1,0,0,0,0,,,0,3,3,270,10,3.33,21,11,52.4,0,1,2,0,0,0,0,0,0,
Michael Boxall,New Zealand,New Zealand,DF,37,1988,Minnesota Utd,3,2,207,2.3,0,0,0,0,0,0,0,0,0,0,0,0,0,0,0,,0,0,,,69,76.7,90,2,1,27,0,0.33,4,8,-4,-1.74,1.12,0,2,2,0,1,2,1,,,0,,,,,,,,,,,,,,,,,,
Michael Woud,New Zealand,New Zealand,GK,27,1999,,0,0,,,,,,,,,,,,,,,,,,,,,,,,,,0,0,,3,,,,,,,,,,,,,,,,,,,,,,,,,,,,,,,,,,
Nando Pijnaker,New Zealand,New Zealand,DF,27,1999,,0,0,,,,,,,,,,,,,,,,,,,,,,,,,,0,0,,3,,,,,,,,,,,,,,,,,,,,,,,,,,,,,,,,,,
Ryan Thomas,New Zealand,New Zealand,MF,31,1994,Zwolle,3,1,83,0.9,0,0,0,0,0,0,0,0,0,0,0,0,0,0,0,,0,0,,,28,30.7,45,0,2,19,0,0.33,0,2,-2,-2.17,-0.24,0,3,3,0,1,0,2,,,0,,,,,,,,,,,,,,,,,,
Sarpreet Singh,New Zealand,New Zealand,MF,27,1999,Wellington,3,3,209,2.3,0,0,0,0,0,0,1,0,0,0,0,0,0,4,2,50,1.72,0.86,0,0,70,77.4,70,0,0,,0,0.33,3,5,-2,-0.86,5.04,0,2,2,0,7,0,1,,,0,,,,,,,,,,,,,,,,,,
Tim Payne,New Zealand,New Zealand,DF,32,1994,Wellington,3,3,224,2.5,0,1,1,0,0,0,0,0,0,0.4,0.4,0,0.4,1,0,0,0.4,0,0,,75,83,75,0,0,,0,0.33,3,7,-4,-1.61,2.31,0,2,2,0,10,1,3,,,0,,,,,,,,,,,,,,,,,,
Tommy Smith,New Zealand,New Zealand,DF,36,1990,,0,0,,,,,,,,,,,,,,,,,,,,,,,,,,0,0,,3,,,,,,,,,,,,,,,,,,,,,,,,,,,,,,,,,,
Tyler Bindon,New Zealand,New Zealand,DF,21,2005,Sheffield United,3,1,97,1.1,0,0,0,0,0,0,0,0,0,0,0,0,0,2,1,50,1.86,0.93,0,0,32,35.9,90,1,2,4,0,0.33,1,5,-4,-3.71,-2.67,0,2,1,0,2,1,2,,,0,,,,,,,,,,,,,,,,,,
Alexander S©ªrloth,Norway,Norway,FW,30,1995,Atl?tico Madrid,5,5,337,3.7,0,0,0,0,0,0,0,0,0,0,0,0,0,5,0,0,1.34,0,0,,67,59.1,67,0,0,,1,2.4,7,3,4,1.07,1.84,0,6,2,2,5,0,1,,,0,,,,,,,,,,,,,,,,,,
Andreas Schjelderup,Norway,Norway,FW,22,2004,Benfica,6,2,252,2.8,1,3,4,1,0,0,0,0,0.36,1.07,1.43,0.36,1.43,3,2,66.7,1.07,0.71,0.33,0.5,42,44.2,75,0,4,26,0,2,7,7,0,0,-0.57,0,2,3,0,4,5,3,,,0,,,,,,,,,,,,,,,,,,
Antonio Nusa,Norway,Norway,FW,21,2005,RB Leipzig,6,4,318,3.5,1,0,1,1,0,0,1,0,0.28,0,0.28,0.28,0.28,6,2,33.3,1.7,0.57,0.17,0.5,53,55.8,64,0,2,31,0,2,6,4,2,0.57,0.57,0,1,5,2,7,2,2,,,0,,,,,,,,,,,,,,,,,,
David M©ªller Wolfe,Norway,Norway,DF,24,2002,Wolves,5,5,430,4.8,0,1,1,0,0,0,0,0,0,0.21,0.21,0,0.21,0,0,,0,0,,,86,75.4,86,2,0,,1,2.4,10,5,5,1.05,2.98,0,7,2,0,5,3,3,,,0,,,,,,,,,,,,,,,,,,
Egil Selvik,Norway,Norway,GK,28,1997,Watford,1,1,90,1,0,0,0,0,0,0,0,0,0,0,0,0,0,0,0,,0,0,,,90,15.8,90,1,0,,5,0,1,4,-3,-3,-3.94,0,0,0,0,0,0,0,,,0,1,1,90,4,4,9,5,55.6,0,0,1,0,0,0,0,0,0,
Erling Haaland,Norway,Norway,FW,25,2000,Manchester City,5,5,465,5.2,7,0,7,7,0,0,0,0,1.35,0,1.35,1.35,1.35,20,13,65,3.87,2.52,0.35,0.54,93,81.6,93,4,0,,1,2.4,12,7,5,0.97,3.54,0,5,3,0,1,1,0,,,0,,,,,,,,,,,,,,,,,,
Fredrik Andr? Bj©ªrkan,Norway,Norway,DF,27,1998,Bod©ª/Glimt,1,1,45,0.5,0,0,0,0,0,0,0,0,0,0,0,0,0,0,0,,0,0,,,45,7.9,45,0,0,,5,0,1,3,-2,-4,-4.69,0,0,0,0,0,2,1,,,0,,,,,,,,,,,,,,,,,,
Fredrik Aursnes,Norway,Norway,"MF,DF",30,1995,Benfica,6,3,304,3.4,0,0,0,0,0,0,0,0,0,0,0,0,0,2,0,0,0.59,0,0,,51,53.3,69,1,3,32,0,2,7,7,0,0,-0.68,0,5,3,0,5,1,8,,,0,,,,,,,,,,,,,,,,,,
Henrik Falchener,Norway,Norway,DF,23,2003,Viking,1,1,65,0.7,0,0,0,0,0,0,0,0,0,0,0,0,0,0,0,,0,0,,,65,11.4,65,0,0,,5,0,1,3,-2,-2.77,-3.48,0,0,0,0,0,1,0,,,0,,,,,,,,,,,,,,,,,,
Jens Petter Hauge,Norway,Norway,"DF,FW",26,1999,Bod©ª/Glimt,1,0,8,0.1,0,0,0,0,0,0,0,0,0,0,0,0,0,0,0,,0,0,,,8,1.4,,0,1,8,5,0,0,1,-1,-11.25,-11.73,0,0,0,0,0,0,0,,,0,,,,,,,,,,,,,,,,,,
Julian Ryerson,Norway,Norway,DF,28,1997,Dortmund,4,4,223,2.5,0,0,0,0,0,0,0,0,0,0,0,0,0,0,0,,0,0,,,56,39.1,56,1,0,,2,2.25,5,2,3,1.21,1.47,0,6,1,0,15,0,8,,,0,,,,,,,,,,,,,,,,,,
J©ªrgen Strand Larsen,Norway,Norway,FW,26,2000,Crystal Palace,2,1,105,1.2,0,0,0,0,0,1,0,0,0,0,0,0,0,2,1,50,1.71,0.86,0,0,53,18.4,90,1,1,15,4,0,1,4,-3,-2.57,-3.54,0,0,2,1,0,0,0,,,0,,,,,,,,,,,,,,,,,,
Kristian Thorstvedt,Norway,Norway,MF,27,1999,Sassuolo,2,1,63,0.7,0,0,0,0,0,0,0,0,0,0,0,0,0,3,1,33.3,4.29,1.43,0,0,32,11.1,45,0,1,18,4,1.5,3,3,0,0,-0.36,0,2,1,0,0,0,1,,,0,,,,,,,,,,,,,,,,,,
Kristoffer Ajer,Norway,Norway,DF,28,1998,Brentford,5,5,480,5.3,0,0,0,0,0,0,1,0,0,0,0,0,0,2,1,50,0.37,0.19,0,0,96,84.2,96,5,0,,1,2.4,12,7,5,0.94,3.94,0,2,1,0,1,4,8,,,0,,,,,,,,,,,,,,,,,,
Leo ¨ªstig?rd,Norway,Norway,DF,26,1999,Genoa,5,1,146,1.6,1,0,1,1,0,0,0,0,0.62,0,0.62,0.62,0.62,3,1,33.3,1.85,0.62,0.33,1,29,25.6,90,1,4,14,1,1.8,3,7,-4,-2.47,-3.74,0,2,2,0,0,1,3,,,0,,,,,,,,,,,,,,,,,,
Marcus Pedersen,Norway,Norway,DF,25,2000,Torino,4,1,236,2.6,1,0,1,1,0,0,0,0,0.38,0,0.38,0.38,0.38,1,1,100,0.38,0.38,1,1,59,41.4,82,0,3,51,1,1.5,4,5,-1,-0.38,-1.19,0,3,1,0,6,0,2,,,0,,,,,,,,,,,,,,,,,,
Martin ¨ªdegaard,Norway,Norway,MF,27,1998,Arsenal,5,5,470,5.2,0,4,4,0,0,0,0,0,0,0.77,0.77,0,0.77,9,3,33.3,1.72,0.57,0,0,94,82.5,94,4,0,,1,2.4,11,7,4,0.77,2.57,0,3,4,0,15,3,4,,,0,,,,,,,,,,,,,,,,,,
Morten Thorsby,Norway,Norway,MF,30,1996,Cremonese,1,0,45,0.5,0,0,0,0,0,0,0,0,0,0,0,0,0,0,0,,0,0,,,45,7.9,,0,1,45,5,0,0,1,-1,-2,-2.51,0,1,0,0,0,1,1,,,0,,,,,,,,,,,,,,,,,,
Oscar Bobb,Norway,Norway,FW,22,2003,Fulham,6,1,225,2.5,0,0,0,0,0,0,0,0,0,0,0,0,0,4,2,50,1.6,0.8,0,0,38,39.5,82,0,5,29,0,2,6,7,-1,-0.4,-1.18,0,1,4,0,2,3,3,,,0,,,,,,,,,,,,,,,,,,
Patrick Berg,Norway,Norway,MF,28,1997,Bod©ª/Glimt,6,4,445,4.9,0,2,2,0,0,0,1,0,0,0.4,0.4,0,0.4,3,0,0,0.61,0,0,,74,78.1,98,4,2,28,0,2,9,10,-1,-0.2,-2.36,0,4,2,0,11,2,7,,,0,,,,,,,,,,,,,,,,,,
Sander Berge,Norway,Norway,MF,28,1998,Fulham,5,5,480,5.3,0,0,0,0,0,0,0,0,0,0,0,0,0,0,0,,0,0,,,96,84.2,96,5,0,,1,2.4,12,7,5,0.94,3.94,0,6,2,0,1,9,4,,,0,,,,,,,,,,,,,,,,,,
Sander Tangvik,Norway,Norway,GK,23,2002,,0,0,,,,,,,,,,,,,,,,,,,,,,,,,,0,0,,6,,,,,,,,,,,,,,,,,,,,,,,,,,,,,,,,,,
Sondre Lang?s,Norway,Norway,DF,25,2001,Derby County,1,0,25,0.3,0,0,0,0,0,0,0,0,0,0,0,0,0,0,0,,0,0,,,25,4.4,,0,1,25,5,0,0,1,-1,-3.6,-4.1,0,0,0,0,0,0,0,,,0,,,,,,,,,,,,,,,,,,
Thelo Aasgaard,Norway,Norway,MF,24,2002,Rangers,1,1,90,1,1,0,1,1,0,0,0,0,1,0,1,1,1,2,1,50,2,1,0.5,1,90,15.8,90,1,0,,5,0,1,4,-3,-3,-3.94,0,0,3,0,0,3,1,,,0,,,,,,,,,,,,,,,,,,
Torbj©ªrn Heggem,Norway,Norway,DF,27,1999,Bologna,5,5,443,4.9,0,0,0,0,0,0,0,0,0,0,0,0,0,1,1,100,0.2,0.2,0,0,89,77.7,89,3,0,,1,2.4,12,5,7,1.42,4.97,0,2,0,0,0,2,7,,,0,,,,,,,,,,,,,,,,,,
¨ªrjan Nyland,Norway,Norway,GK,35,1990,Sevilla,5,5,480,5.3,0,0,0,0,0,0,0,0,0,0,0,0,0,0,0,,0,0,,,96,84.2,96,5,0,,1,2.4,12,7,5,0.94,3.94,0,0,0,0,0,1,0,,,0,5,5,480,7,1.31,22,15,68.2,4,0,1,0,0,2,1,1,0,50
Adalberto Carrasquilla,Panama,Panama,MF,27,1998,,0,0,,,,,,,,,,,,,,,,,,,,,,,,,,0,0,,3,,,,,,,,,,,,,,,,,,,,,,,,,,,,,,,,,,
Alberto Quintero,Panama,Panama,"FW,MF",38,1987,,1,0,3,0,0,0,0,0,0,0,0,0,0,0,0,0,0,0,0,,0,0,,,3,1.1,,0,1,3,2,0,0,0,0,0,1.35,0,1,0,0,1,0,0,,,0,,,,,,,,,,,,,,,,,,
Andr?s Andrade Cede?o,Panama,Panama,DF,27,1998,LASK,3,3,270,3,0,0,0,0,0,0,1,0,0,0,0,0,0,0,0,,0,0,,,90,100,90,3,0,,0,0,0,4,-4,-1.33,,0,4,0,0,8,3,3,,,0,,,,,,,,,,,,,,,,,,
An?bal Godoy,Panama,Panama,MF,36,1990,San Diego FC,1,0,1,0,0,0,0,0,0,0,0,0,0,0,0,0,0,0,0,,0,0,,,1,0.4,,0,1,1,2,0,0,1,-1,-90,-89,0,0,1,0,1,0,0,,,0,,,,,,,,,,,,,,,,,,
Azar?as Londo?o,Panama,Panama,MF,24,2001,Univ Cat?lica,3,0,56,0.6,0,0,0,0,0,0,0,0,0,0,0,0,0,1,0,0,1.61,0,0,,19,20.7,,0,3,19,0,0,0,1,-1,-1.61,-0.35,0,1,0,0,1,1,0,,,0,,,,,,,,,,,,,,,,,,
Carlos Harvey,Panama,Panama,MF,26,2000,Minnesota Utd,3,3,267,3,0,0,0,0,0,0,1,0,0,0,0,0,0,5,0,0,1.69,0,0,,89,98.9,89,2,0,,0,0,0,4,-4,-1.35,-1.35,0,8,3,0,0,0,3,,,0,,,,,,,,,,,,,,,,,,
Cecilio Waterman,Panama,Panama,FW,35,1991,U Concepci?n,2,1,76,0.8,0,0,0,0,0,0,0,0,0,0,0,0,0,2,1,50,2.37,1.18,0,0,38,28.1,62,0,1,14,1,0,0,0,0,0,1.86,0,1,1,0,0,0,0,,,0,,,,,,,,,,,,,,,,,,
Cristian Mart?nez,Panama,Panama,"MF,FW",29,1997,,3,3,242,2.7,0,0,0,0,0,0,0,0,0,0,0,0,0,1,0,0,0.37,0,0,,81,89.6,81,2,0,,0,0,0,3,-3,-1.12,2.1,0,5,5,1,12,1,4,,,0,,,,,,,,,,,,,,,,,,
C?sar Blackman,Panama,Panama,"MF,DF",28,1998,,2,2,178,2,0,0,0,0,0,0,1,0,0,0,0,0,0,2,1,50,1.01,0.51,0,0,89,65.9,89,0,0,,1,0,0,1,-1,-0.51,2.43,0,2,2,1,0,1,0,,,0,,,,,,,,,,,,,,,,,,
C?sar Samudio,Panama,Panama,GK,32,1994,,0,0,,,,,,,,,,,,,,,,,,,,,,,,,,0,0,,3,,,,,,,,,,,,,,,,,,,,,,,,,,,,,,,,,,
C?sar Yanis,Panama,Panama,MF,30,1996,,0,0,,,,,,,,,,,,,,,,,,,,,,,,,,0,0,,3,,,,,,,,,,,,,,,,,,,,,,,,,,,,,,,,,,
Edgardo Fari?a,Panama,Panama,DF,24,2001,,0,0,,,,,,,,,,,,,,,,,,,,,,,,,,0,0,,3,,,,,,,,,,,,,,,,,,,,,,,,,,,,,,,,,,
Erick Davis,Panama,Panama,DF,35,1991,,2,0,4,0,0,0,0,0,0,0,0,0,0,0,0,0,0,1,0,0,22.5,0,0,,2,1.5,,0,2,2,1,0,0,0,0,0,1.35,0,0,1,0,2,0,1,,,0,,,,,,,,,,,,,,,,,,
Fidel Escobar,Panama,Panama,DF,31,1995,,1,1,90,1,0,0,0,0,0,0,0,0,0,0,0,0,0,0,0,,0,0,,,90,33.3,90,1,0,,2,0,0,2,-2,-2,-1,0,1,0,0,1,1,2,,,0,,,,,,,,,,,,,,,,,,
Ismael D?az,Panama,Panama,"FW,MF",29,1997,Le?n,2,0,37,0.4,0,0,0,0,0,0,0,0,0,0,0,0,0,6,2,33.3,14.59,4.86,0,0,19,13.7,,0,2,19,1,0,0,1,-1,-2.43,-1.27,0,0,0,2,0,0,1,,,0,,,,,,,,,,,,,,,,,,
Jiovany Ramos,Panama,Panama,DF,29,1997,Puerto Cabello,2,2,166,1.8,0,0,0,0,0,0,0,0,0,0,0,0,0,2,0,0,1.08,0,0,,83,61.5,83,1,0,,1,0,0,2,-2,-1.08,0.65,0,2,1,0,0,3,1,,,0,,,,,,,,,,,,,,,,,,
Jorge Guti?rrez,Panama,Panama,DF,27,1998,Dep. La Guaira,1,1,87,1,0,0,0,0,0,0,0,0,0,0,0,0,0,0,0,,0,0,,,87,32.2,87,0,0,,2,0,0,2,-2,-2.07,-1.09,0,1,2,0,0,1,1,,,0,,,,,,,,,,,,,,,,,,
Jos? C?rdoba,Panama,Panama,DF,25,2001,Norwich City,3,3,270,3,0,0,0,0,0,0,0,0,0,0,0,0,0,0,0,,0,0,,,90,100,90,3,0,,0,0,0,4,-4,-1.33,,0,5,1,0,1,1,3,,,0,,,,,,,,,,,,,,,,,,
Jos? Fajardo,Panama,Panama,FW,32,1993,Univ Cat?lica,3,1,155,1.7,0,0,0,0,0,0,1,0,0,0,0,0,0,1,0,0,0.58,0,0,,52,57.4,82,0,2,37,0,0,0,4,-4,-2.32,-2.32,0,4,3,1,0,0,2,,,0,,,,,,,,,,,,,,,,,,
Jos? Luis Rodr?guez,Panama,Panama,"MF,FW",27,1998,FC Ju?rez,3,3,233,2.6,0,0,0,0,0,0,0,0,0,0,0,0,0,3,1,33.3,1.16,0.39,0,0,78,86.3,78,1,0,,0,0,0,3,-3,-1.16,1.27,0,4,2,0,17,0,3,,,0,,,,,,,,,,,,,,,,,,
Luis Mej?a,Panama,Panama,GK,35,1991,,0,0,,,,,,,,,,,,,,,,,,,,,,,,,,0,0,,3,,,,,,,,,,,,,,,,,,,,,,,,,,,,,,,,,,
Michael Amir Murillo,Panama,Panama,"DF,MF",30,1996,Be?ikta?,3,3,270,3,0,0,0,0,0,0,0,0,0,0,0,0,0,5,1,20,1.67,0.33,0,0,90,100,90,3,0,,0,0,0,4,-4,-1.33,,0,1,7,1,8,1,3,,,0,,,,,,,,,,,,,,,,,,
Orlando Mosquera,Panama,Panama,GK,31,1994,Al-Fayha,3,3,270,3,0,0,0,0,0,0,0,0,0,0,0,0,0,0,0,,0,0,,,90,100,90,3,0,,0,0,0,4,-4,-1.33,,0,0,0,0,0,0,0,,,0,3,3,270,4,1.33,11,7,63.6,0,0,3,0,0,0,0,0,0,
Roderick Miller,Panama,Panama,DF,34,1992,,0,0,,,,,,,,,,,,,,,,,,,,,,,,,,0,0,,3,,,,,,,,,,,,,,,,,,,,,,,,,,,,,,,,,,
Tom?s Rodr?guez,Panama,Panama,FW,27,1999,,2,1,46,0.5,0,0,0,0,0,0,0,0,0,0,0,0,0,1,1,100,1.96,1.96,0,0,23,17,45,0,1,1,1,0,0,0,0,0,1.61,0,3,1,0,0,0,0,,,0,,,,,,,,,,,,,,,,,,
Yoel B?rcenas,Panama,Panama,MF,32,1993,Mazatl?n,3,3,249,2.8,0,0,0,0,0,0,1,0,0,0,0,0,0,2,0,0,0.72,0,0,,83,92.2,83,1,0,,0,0,0,4,-4,-1.45,-1.45,0,3,3,0,7,2,0,,,0,,,,,,,,,,,,,,,,,,
Alexandro Maidana,Paraguay,Paraguay,DF,20,2005,Talleres??C,2,1,55,0.6,0,0,0,0,0,0,0,0,0,0,0,0,0,0,0,,0,0,,,28,11.5,45,0,1,10,3,2,0,0,0,0,0.64,0,0,0,0,1,1,0,,,0,,,,,,,,,,,,,,,,,,
Andr?s Cubas,Paraguay,Paraguay,MF,30,1996,Vancouver,5,5,480,5.3,0,0,0,0,0,0,1,0,0,0,0,0,0,1,0,0,0.19,0,0,,96,100,96,5,0,,0,1,3,6,-3,-0.56,,0,14,3,0,0,11,13,,,0,,,,,,,,,,,,,,,,,,
Antonio Sanabria,Paraguay,Paraguay,FW,30,1996,Cremonese,2,1,83,0.9,0,0,0,0,0,0,0,0,0,0,0,0,0,0,0,,0,0,,,42,17.3,61,0,1,22,3,0.5,0,3,-3,-3.25,-3.25,0,1,2,0,0,0,2,,,0,,,,,,,,,,,,,,,,,,
Braian Ojeda,Paraguay,Paraguay,MF,25,2000,Orlando City,1,0,22,0.2,0,0,0,0,0,0,0,0,0,0,0,0,0,0,0,,0,0,,,22,4.6,,0,1,22,4,1,0,0,0,0,0.59,0,0,0,0,0,0,0,,,0,,,,,,,,,,,,,,,,,,
Dami?n Bobadilla,Paraguay,Paraguay,MF,24,2001,S?o Paulo,4,2,189,2.1,0,0,0,0,0,0,0,0,0,0,0,0,0,0,0,,0,0,,,47,39.4,72,0,2,23,1,1.25,1,4,-3,-1.43,-1.43,0,1,1,0,1,5,3,,,1,,,,,,,,,,,,,,,,,,
Diego G?mez,Paraguay,Paraguay,MF,23,2003,Brighton,4,4,304,3.4,0,0,0,0,0,0,2,0,0,0,0,0,0,6,0,0,1.78,0,0,,76,63.3,76,0,0,,0,1,2,4,-2,-0.59,-0.08,0,5,1,0,1,9,6,,,0,,,,,,,,,,,,,,,,,,
Fabi?n Balbuena,Paraguay,Paraguay,DF,34,1991,Gr?mio,1,0,1,0,0,0,0,0,0,0,0,0,0,0,0,0,0,0,0,,0,0,,,1,0.2,,0,1,1,4,1,0,0,0,0,0.56,0,0,0,0,0,0,0,,,0,,,,,,,,,,,,,,,,,,
Gabriel ?valos,Paraguay,Paraguay,FW,35,1990,Independiente,4,2,141,1.6,0,0,0,0,0,0,0,0,0,0,0,0,0,1,0,0,0.64,0,0,,35,29.4,60,0,2,11,1,1.25,1,1,0,0,0.8,0,1,2,0,0,0,2,,,0,,,,,,,,,,,,,,,,,,
Gast?n Olveira,Paraguay,Paraguay,GK,33,1993,,0,0,,,,,,,,,,,,,,,,,,,,,,,,,,0,0,,5,,,,,,,,,,,,,,,,,,,,,,,,,,,,,,,,,,
Gatito Fern?ndez,Paraguay,Paraguay,GK,38,1988,,0,0,,,,,,,,,,,,,,,,,,,,,,,,,,0,0,,5,,,,,,,,,,,,,,,,,,,,,,,,,,,,,,,,,,
Gustavo Caballero,Paraguay,Paraguay,"FW,MF",24,2001,Portsmouth,2,0,96,1.1,0,0,0,0,0,0,0,0,0,0,0,0,0,1,1,100,0.94,0.94,0,0,48,20,,0,2,48,3,0.5,0,1,-1,-0.94,-0.47,0,2,2,1,0,0,2,,,0,,,,,,,,,,,,,,,,,,
Gustavo G?mez,Paraguay,Paraguay,DF,33,1993,Palmeiras,5,5,480,5.3,0,0,0,0,0,0,0,0,0,0,0,0,0,2,0,0,0.37,0,0,,96,100,96,5,0,,0,1,3,6,-3,-0.56,,0,3,2,1,0,2,3,,,0,,,,,,,,,,,,,,,,,,
Gustavo Vel?squez,Paraguay,Paraguay,DF,35,1991,Cerro Porte?o,5,2,246,2.7,0,0,0,0,0,0,0,0,0,0,0,0,0,0,0,,0,0,,,49,51.3,90,2,3,22,0,1,0,2,-2,-0.73,-0.35,0,2,0,0,3,1,1,,,0,,,,,,,,,,,,,,,,,,
Isidro Pitta,Paraguay,Paraguay,FW,26,1999,RB Bragantino,1,1,45,0.5,0,0,0,0,0,0,0,0,0,0,0,0,0,0,0,,0,0,,,45,9.4,45,0,0,,4,3,1,0,1,2,2.83,0,2,0,2,0,0,0,,,0,,,,,,,,,,,,,,,,,,
Jos? Canale,Paraguay,Paraguay,DF,29,1996,Lan?s,4,1,161,1.8,0,0,0,0,0,0,0,0,0,0,0,0,0,0,0,,0,0,,,40,33.5,120,1,3,14,1,1.25,1,2,-1,-0.56,0.01,0,1,2,0,1,1,6,,,0,,,,,,,,,,,,,,,,,,
Juan C?ceres,Paraguay,Paraguay,DF,26,2000,Dynamo Moskva,5,5,436,4.8,0,0,0,0,0,0,1,0,0,0,0,0,0,2,1,50,0.41,0.21,0,0,87,90.8,87,2,0,,0,1,3,5,-2,-0.41,1.63,0,9,6,0,10,5,11,,,0,,,,,,,,,,,,,,,,,,
Julio Enciso,Paraguay,Paraguay,FW,22,2004,Strasbourg,5,5,386,4.3,1,2,3,1,0,0,0,0,0.23,0.47,0.7,0.23,0.7,8,1,12.5,1.87,0.23,0.13,1,77,80.4,77,2,0,,0,1,3,5,-2,-0.47,0.49,0,3,9,0,5,1,5,,,0,,,,,,,,,,,,,,,,,,
J?nior Alonso,Paraguay,Paraguay,DF,33,1993,Atl?tico Mineiro,5,4,390,4.3,0,0,0,0,0,0,1,0,0,0,0,0,0,3,1,33.3,0.69,0.23,0,0,78,81.3,97,3,1,1,0,1,3,6,-3,-0.69,-0.69,0,3,3,1,2,4,9,,,0,,,,,,,,,,,,,,,,,,
Kaku,Paraguay,Paraguay,MF,31,1995,,1,0,11,0.1,0,0,0,0,0,0,0,0,0,0,0,0,0,0,0,,0,0,,,11,2.3,,0,1,11,4,0,0,1,-1,-8.18,-7.8,0,1,1,0,0,0,0,,,0,,,,,,,,,,,,,,,,,,
Mat?as Galarza,Paraguay,Paraguay,MF,24,2002,Atlanta Utd,4,4,388,4.3,1,1,2,1,0,0,2,0,0.23,0.23,0.46,0.23,0.46,2,1,50,0.46,0.23,0.5,1,97,80.8,97,2,0,,1,1.25,2,2,0,0,2.93,0,10,9,0,4,7,11,,,0,,,,,,,,,,,,,,,,,,
Mauricio,Paraguay,Paraguay,MF,25,2001,Palmeiras,4,0,173,1.9,1,0,1,1,0,0,0,0,0.52,0,0.52,0.52,0.52,4,3,75,2.08,1.56,0.25,0.33,43,36,,0,4,43,1,0.5,1,1,0,0,0.88,0,3,3,0,11,1,6,,,0,,,,,,,,,,,,,,,,,,
Miguel Almir?n,Paraguay,Paraguay,"MF,FW",32,1994,Atlanta Utd,4,4,282,3.1,0,0,0,0,0,0,1,1,0,0,0,0,0,4,0,0,1.28,0,0,,71,58.8,71,0,0,,0,1,3,5,-2,-0.64,-0.18,0,2,7,0,4,3,7,,,0,,,,,,,,,,,,,,,,,,
Omar Alderete,Paraguay,Paraguay,DF,29,1996,Sunderland,4,4,320,3.6,0,0,0,0,0,0,0,0,0,0,0,0,0,1,0,0,0.28,0,0,,80,66.7,80,2,0,,1,1,2,4,-2,-0.56,0,0,2,3,0,0,2,0,,,0,,,,,,,,,,,,,,,,,,
Orlando Gill,Paraguay,Paraguay,GK,26,2000,San Lorenzo,5,5,480,5.3,0,0,0,0,0,0,0,0,0,0,0,0,0,0,0,,0,0,,,96,100,96,5,0,,0,1,3,6,-3,-0.56,,0,0,3,0,0,0,0,,,0,5,5,480,6,1.13,29,23,79.3,1,2,2,2,40,1,1,0,0,0
Ram?n Sosa,Paraguay,Paraguay,"FW,MF",26,1999,Palmeiras,1,0,12,0.1,0,0,0,0,0,0,0,0,0,0,0,0,0,0,0,,0,0,,,12,2.5,,0,1,12,4,0,0,1,-1,-7.5,-7.12,0,0,1,0,0,0,0,,,0,,,,,,,,,,,,,,,,,,
?lex Arce,Paraguay,Paraguay,FW,30,1995,Ind. Rivadavia,2,0,53,0.6,0,0,0,0,0,0,1,0,0,0,0,0,0,0,0,,0,0,,,27,11,,0,2,27,3,0.5,1,1,0,0,0.63,0,1,0,0,0,0,1,,,0,,,,,,,,,,,,,,,,,,
Bernardo Silva,Portugal,Portugal,MF,31,1994,Manchester City,4,1,97,1.1,0,0,0,0,0,0,2,0,0,0,0,0,0,1,0,0,0.93,0,0,,24,21.6,45,0,3,17,1,1.75,4,2,2,1.86,1.09,0,3,0,0,0,1,0,,,0,,,,,,,,,,,,,,,,,,
Bruno Fernandes,Portugal,Portugal,MF,31,1994,Manchester Utd,5,5,422,4.7,0,1,1,0,0,0,0,0,0,0.21,0.21,0,0.21,9,3,33.3,1.92,0.64,0,0,84,93.8,84,4,0,,0,1.6,6,3,3,0.64,-5.79,0,2,8,1,22,0,5,,,0,,,,,,,,,,,,,,,,,,
Cristiano Ronaldo,Portugal,Portugal,FW,41,1985,Al-Nassr,5,5,440,4.9,3,0,3,2,1,1,0,0,0.61,0,0.61,0.41,0.41,18,9,50,3.68,1.84,0.11,0.22,88,97.8,88,4,0,,0,1.6,7,3,4,0.82,-8.18,0,2,5,6,0,1,1,,,0,,,,,,,,,,,,,,,,,,
Diogo Costa,Portugal,Portugal,GK,26,1999,Porto,5,5,450,5,0,0,0,0,0,0,0,0,0,0,0,0,0,0,0,,0,0,,,90,100,90,5,0,,0,1.6,8,3,5,1,,0,0,1,0,0,0,0,,,0,5,5,450,3,0.6,22,19,86.4,2,2,1,2,40,0,0,0,0,
Diogo Dalot,Portugal,Portugal,"DF,MF",27,1999,Manchester Utd,2,0,65,0.7,0,0,0,0,0,0,0,0,0,0,0,0,0,1,0,0,1.38,0,0,,33,14.4,,0,2,33,3,0.5,0,1,-1,-1.38,-2.79,0,0,1,0,1,0,2,,,0,,,,,,,,,,,,,,,,,,
Francisco Concei??o,Portugal,Portugal,MF,23,2002,Juventus,4,0,126,1.4,0,0,0,0,0,0,0,0,0,0,0,0,0,2,0,0,1.43,0,0,,32,28,,0,4,32,1,1.75,4,1,3,2.14,1.59,0,1,2,1,3,0,2,,,0,,,,,,,,,,,,,,,,,,
Francisco Trinc?o,Portugal,Portugal,"FW,MF",26,1999,Sporting CP,1,0,28,0.3,0,0,0,0,0,0,0,0,0,0,0,0,0,1,0,0,3.21,0,0,,28,6.2,,0,1,28,4,3,1,0,1,3.21,2.36,0,0,0,0,0,0,1,,,0,,,,,,,,,,,,,,,,,,
Gon?alo Guedes,Portugal,Portugal,"FW,MF",29,1996,,0,0,,,,,,,,,,,,,,,,,,,,,,,,,,0,0,,5,,,,,,,,,,,,,,,,,,,,,,,,,,,,,,,,,,
Gon?alo In?cio,Portugal,Portugal,DF,24,2001,,0,0,,,,,,,,,,,,,,,,,,,,,,,,,,0,0,,5,,,,,,,,,,,,,,,,,,,,,,,,,,,,,,,,,,
Gon?alo Ramos,Portugal,Portugal,FW,24,2001,PSG,2,0,36,0.4,1,0,1,1,0,0,0,0,2.5,0,2.5,2.5,2.5,2,1,50,5,2.5,0.5,1,18,8,,0,2,18,3,2,2,0,2,5,4.35,0,0,0,0,0,0,0,,,0,,,,,,,,,,,,,,,,,,
Jos? S?,Portugal,Portugal,GK,33,1993,,0,0,,,,,,,,,,,,,,,,,,,,,,,,,,0,0,,5,,,,,,,,,,,,,,,,,,,,,,,,,,,,,,,,,,
Jo?o Cancelo,Portugal,Portugal,DF,32,1994,Barcelona,5,5,312,3.5,0,1,1,0,0,0,0,0,0,0.29,0.29,0,0.29,3,0,0,0.87,0,0,,62,69.3,62,1,0,,0,1.6,4,2,2,0.58,-1.38,0,6,2,1,17,5,4,,,0,,,,,,,,,,,,,,,,,,
Jo?o F?lix,Portugal,Portugal,MF,26,1999,Al-Nassr,3,3,201,2.2,0,0,0,0,0,0,0,0,0,0,0,0,0,6,1,16.7,2.69,0.45,0,0,67,44.7,67,0,0,,2,1.33,4,0,4,1.79,1.43,0,3,6,0,4,3,4,,,0,,,,,,,,,,,,,,,,,,
Jo?o Neves,Portugal,Portugal,MF,21,2004,PSG,5,4,390,4.3,1,0,1,1,0,0,0,0,0.23,0,0.23,0.23,0.23,3,1,33.3,0.69,0.23,0.33,1,78,86.7,86,3,1,45,0,1.6,7,3,4,0.92,-0.58,0,1,4,0,2,4,7,,,0,,,,,,,,,,,,,,,,,,
Matheus Nunes,Portugal,Portugal,"DF,MF",27,1998,Manchester City,1,0,1,0,0,0,0,0,0,0,0,0,0,0,0,0,0,0,0,,0,0,,,1,0.2,,0,1,1,4,1,0,0,0,0,-1,0,0,0,0,0,0,0,,,0,,,,,,,,,,,,,,,,,,
Nuno Mendes,Portugal,Portugal,DF,23,2002,PSG,5,5,395,4.4,1,0,1,1,0,0,0,0,0.23,0,0.23,0.23,0.23,3,1,33.3,0.68,0.23,0.33,1,79,87.8,79,2,0,,0,1.6,8,2,6,1.37,3,0,3,12,1,19,0,6,,,0,,,,,,,,,,,,,,,,,,
N?lson Semedo,Portugal,Portugal,"DF,MF",32,1993,Fenerbah?e,4,0,127,1.4,0,0,0,0,0,0,1,0,0,0,0,0,0,0,0,,0,0,,,32,28.2,,0,4,32,1,1.75,4,1,3,2.13,1.57,0,2,2,0,3,0,0,,,0,,,,,,,,,,,,,,,,,,
Pedro Neto,Portugal,Portugal,MF,26,2000,Chelsea,5,5,350,3.9,0,1,1,0,0,0,0,0,0,0.26,0.26,0,0.26,1,0,0,0.26,0,0,,70,77.8,70,1,0,,0,1.6,4,2,2,0.51,-2.19,0,4,4,0,13,0,2,,,0,,,,,,,,,,,,,,,,,,
Rafael Le?o,Portugal,Portugal,MF,27,1999,Milan,5,1,158,1.8,1,1,2,1,0,0,0,0,0.57,0.57,1.14,0.57,1.14,4,1,25,2.28,0.57,0.25,1,32,35.1,90,1,4,17,0,1.6,3,2,1,0.57,-0.66,0,1,2,0,7,2,0,,,0,,,,,,,,,,,,,,,,,,
Renato Veiga,Portugal,Portugal,DF,22,2003,Villarreal,5,5,450,5,0,0,0,0,0,0,2,0,0,0,0,0,0,2,0,0,0.4,0,0,,90,100,90,5,0,,0,1.6,8,3,5,1,,0,5,3,0,0,6,1,,,0,,,,,,,,,,,,,,,,,,
Rui Silva,Portugal,Portugal,GK,32,1994,,0,0,,,,,,,,,,,,,,,,,,,,,,,,,,0,0,,5,,,,,,,,,,,,,,,,,,,,,,,,,,,,,,,,,,
R?ben Dias,Portugal,Portugal,DF,29,1997,Manchester City,4,4,360,4,0,0,0,0,0,0,1,0,0,0,0,0,0,0,0,,0,0,,,90,80,90,4,0,,1,1.75,7,2,5,1.25,1.25,0,6,3,0,0,5,3,,,0,,,,,,,,,,,,,,,,,,
R?ben Neves,Portugal,Portugal,MF,29,1997,Al-Hilal,2,1,55,0.6,0,0,0,0,0,0,0,0,0,0,0,0,0,2,0,0,3.27,0,0,,28,12.2,45,0,1,10,3,2,1,0,1,1.64,0.72,0,0,0,0,0,0,0,,,0,,,,,,,,,,,,,,,,,,
Samu Costa,Portugal,Portugal,MF,25,2000,Mallorca,1,0,21,0.2,0,0,0,0,0,0,0,0,0,0,0,0,0,0,0,,0,0,,,21,4.7,,0,1,21,4,1,0,0,0,0,-1.05,0,0,0,0,0,0,1,,,0,,,,,,,,,,,,,,,,,,
Tom?s Ara?jo,Portugal,Portugal,DF,24,2002,Benfica,1,1,90,1,0,0,0,0,0,0,1,0,0,0,0,0,0,0,0,,0,0,,,90,20,90,1,0,,4,1,1,1,0,0,-1.25,0,1,0,0,0,1,0,,,0,,,,,,,,,,,,,,,,,,
Vitinha,Portugal,Portugal,MF,26,2000,PSG,5,5,376,4.2,0,0,0,0,0,0,0,0,0,0,0,0,0,4,0,0,0.96,0,0,,75,83.6,75,0,0,,0,1.6,5,2,3,0.72,-1.71,0,4,5,0,1,2,0,,,0,,,,,,,,,,,,,,,,,,
Abdulaziz Hatem,Qatar,Qatar,MF,36,1990,,1,0,45,0.5,0,0,0,0,0,0,0,0,0,0,0,0,0,0,0,,0,0,,,45,16.7,,0,1,45,2,0,0,1,-1,-2,0.8,0,1,0,0,0,0,0,,,0,,,,,,,,,,,,,,,,,,
Ahmed Al-Ganehi,Qatar,Qatar,FW,25,2000,,1,0,36,0.4,0,0,0,0,0,0,0,0,0,0,0,0,0,1,0,0,2.5,0,0,,36,13.3,,0,1,36,2,0,0,1,-1,-2.5,0.19,0,1,0,0,1,0,1,,,0,,,,,,,,,,,,,,,,,,
Ahmed Alaaeldin,Qatar,Qatar,FW,33,1993,,2,0,43,0.5,0,0,0,0,0,0,0,0,0,0,0,0,0,1,1,100,2.09,2.09,0,0,22,15.9,,0,2,22,1,0.5,1,1,0,0,3.17,0,1,1,0,0,0,1,,,0,,,,,,,,,,,,,,,,,,
Ahmed Fathy,Qatar,Qatar,MF,33,1993,,3,1,150,1.7,0,0,0,0,0,0,2,0,0,0,0,0,0,0,0,,0,0,,,50,55.6,78,0,2,36,0,0.33,2,4,-2,-1.2,3.3,0,2,1,0,0,3,3,,,0,,,,,,,,,,,,,,,,,,
Akram Afif,Qatar,Qatar,"FW,MF",29,1996,,3,3,238,2.6,0,0,0,0,0,0,0,0,0,0,0,0,0,2,0,0,0.76,0,0,,79,88.1,79,2,0,,0,0.33,2,7,-5,-1.89,6.55,0,0,4,2,11,0,1,,,0,,,,,,,,,,,,,,,,,,
Al-Hashmi Al-Hussain,Qatar,Qatar,MF,22,2003,,1,0,32,0.4,0,0,0,0,0,0,0,0,0,0,0,0,0,0,0,,0,0,,,32,11.9,,0,1,32,2,0,0,3,-3,-8.44,-6.55,0,2,2,0,0,1,2,,,0,,,,,,,,,,,,,,,,,,
Almoez Ali,Qatar,Qatar,FW,29,1996,,1,0,19,0.2,0,0,0,0,0,0,0,0,0,0,0,0,0,1,1,100,4.74,4.74,0,0,19,7,,0,1,19,2,0,0,1,-1,-4.74,-2.23,0,0,0,0,0,0,0,,,0,,,,,,,,,,,,,,,,,,
Assim Madibo,Qatar,Qatar,MF,29,1996,,2,2,131,1.5,0,0,0,0,0,0,0,1,0,0,0,0,0,0,0,,0,0,,,66,48.5,66,0,0,,0,0.5,0,4,-4,-2.75,-0.16,0,2,1,0,0,4,1,,,0,,,,,,,,,,,,,,,,,,
Ayoub Al-Oui,Qatar,Qatar,DF,21,2005,,2,2,149,1.7,0,0,0,0,0,0,0,0,0,0,0,0,0,0,0,,0,0,,,75,55.2,75,1,0,,1,0.5,0,7,-7,-4.23,-3.48,0,1,0,0,0,2,0,,,0,,,,,,,,,,,,,,,,,,
Boualem Khoukhi,Qatar,Qatar,DF,35,1990,,3,3,270,3,1,0,1,1,0,0,0,0,0.33,0,0.33,0.33,0.33,3,1,33.3,1,0.33,0.33,1,90,100,90,3,0,,0,0.33,2,10,-8,-2.67,,0,2,1,0,2,3,3,,,0,,,,,,,,,,,,,,,,,,
Edmilson Junior,Qatar,Qatar,"MF,FW",31,1994,,3,3,210,2.3,0,1,1,0,0,0,0,0,0,0.43,0.43,0,0.43,3,2,66.7,1.29,0.86,0,0,70,77.8,70,0,0,,0,0.33,1,6,-5,-2.14,2.36,0,4,2,1,4,0,1,,,0,,,,,,,,,,,,,,,,,,
Hassan Al-Haydos,Qatar,Qatar,MF,35,1990,,2,1,57,0.6,1,0,1,1,0,0,0,0,1.58,0,1.58,1.58,1.58,1,1,100,1.58,1.58,1,1,29,21.1,54,0,1,3,1,0.5,2,2,0,0,3.38,0,1,1,0,0,0,0,,,0,,,,,,,,,,,,,,,,,,
Homam Ahmed,Qatar,Qatar,DF,26,1999,Cultural Leonesa,2,2,122,1.4,0,1,1,0,0,0,0,1,0,0.74,0.74,0,0.74,1,0,0,0.74,0,0,,61,45.2,61,1,0,,0,0.5,1,3,-2,-1.48,2.17,0,4,0,0,3,3,1,,,0,,,,,,,,,,,,,,,,,,
Issa Laye,Qatar,Qatar,"MF,DF",28,1997,,3,3,270,3,0,0,0,0,0,0,0,0,0,0,0,0,0,1,0,0,0.33,0,0,,90,100,90,3,0,,0,0.33,2,10,-8,-2.67,,0,0,3,0,0,1,1,,,0,,,,,,,,,,,,,,,,,,
Jassem Gaber,Qatar,Qatar,MF,24,2002,,3,3,149,1.7,0,0,0,0,0,0,1,0,0,0,0,0,0,0,0,,0,0,,,50,55.2,50,0,0,,0,0.33,1,6,-5,-3.02,-0.79,0,7,0,0,0,0,2,,,0,,,,,,,,,,,,,,,,,,
Karim Boudiaf,Qatar,Qatar,MF,35,1990,,2,1,102,1.1,0,0,0,0,0,0,0,0,0,0,0,0,0,1,0,0,0.88,0,0,,51,37.8,71,0,1,31,1,0.5,2,2,0,0,4.29,0,0,2,0,0,0,0,,,0,,,,,,,,,,,,,,,,,,
Lucas Mendes,Qatar,Qatar,DF,35,1990,,1,0,4,0,0,0,0,0,0,0,0,0,0,0,0,0,0,0,0,,0,0,,,4,1.5,,0,1,4,2,0,0,1,-1,-22.5,-20.13,0,0,0,1,0,0,0,,,0,,,,,,,,,,,,,,,,,,
Mahmoud Abunada,Qatar,Qatar,GK,26,2000,,3,3,270,3,0,0,0,0,0,0,1,0,0,0,0,0,0,0,0,,0,0,,,90,100,90,3,0,,0,0.33,2,10,-8,-2.67,,0,1,1,0,0,0,0,,,1,3,3,270,10,3.33,22,12,54.5,0,1,2,0,0,1,1,0,0,0
Meshaal Barsham,Qatar,Qatar,GK,28,1998,,0,0,,,,,,,,,,,,,,,,,,,,,,,,,,0,0,,3,,,,,,,,,,,,,,,,,,,,,,,,,,,,,,,,,,
Mohamed Manai,Qatar,Qatar,DF,23,2002,,3,0,69,0.8,0,0,0,0,0,0,0,0,0,0,0,0,0,0,0,,0,0,,,23,25.6,,0,3,23,0,0.33,1,4,-3,-3.91,-1.67,0,3,0,0,0,2,0,,,1,,,,,,,,,,,,,,,,,,
Mohammed Muntari,Qatar,Qatar,FW,32,1993,,0,0,,,,,,,,,,,,,,,,,,,,,,,,,,0,0,,3,,,,,,,,,,,,,,,,,,,,,,,,,,,,,,,,,,
R?-R?,Qatar,Qatar,DF,35,1990,,3,3,270,3,0,0,0,0,0,0,0,0,0,0,0,0,0,3,1,33.3,1,0.33,0,0,90,100,90,3,0,,0,0.33,2,10,-8,-2.67,,0,1,7,0,2,3,4,,,0,,,,,,,,,,,,,,,,,,
Salah Zakaria,Qatar,Qatar,GK,27,1999,,0,0,,,,,,,,,,,,,,,,,,,,,,,,,,0,0,,3,,,,,,,,,,,,,,,,,,,,,,,,,,,,,,,,,,
Sultan Al-Brake,Qatar,Qatar,DF,30,1996,,2,1,141,1.6,0,0,0,0,0,0,0,0,0,0,0,0,0,0,0,,0,0,,,71,52.2,90,1,1,51,1,0,1,7,-6,-3.83,-2.43,0,2,0,0,5,2,1,,,0,,,,,,,,,,,,,,,,,,
Tahsin Jamshid,Qatar,Qatar,FW,19,2006,,0,0,,,,,,,,,,,,,,,,,,,,,,,,,,0,0,,3,,,,,,,,,,,,,,,,,,,,,,,,,,,,,,,,,,
Yusuf Abdurisag,Qatar,Qatar,FW,26,1999,,2,2,98,1.1,0,0,0,0,0,0,0,0,0,0,0,0,0,0,0,,0,0,,,49,36.3,49,0,0,,1,0.5,0,3,-3,-2.76,-0.14,0,1,2,0,0,1,2,,,0,,,,,,,,,,,,,,,,,,
Abdulelah Al-Amri,Saudi Arabia,Saudi Arabia,DF,29,1997,,3,3,239,2.7,1,0,1,1,0,0,1,0,0.38,0,0.38,0.38,0.38,4,2,50,1.51,0.75,0.25,0.5,80,88.5,80,2,0,,0,0.67,1,5,-4,-1.51,-1.51,0,1,0,0,1,4,2,,,0,,,,,,,,,,,,,,,,,,
Abdullah Al-Hamdan,Saudi Arabia,Saudi Arabia,FW,26,1999,Al-Nassr,3,0,71,0.8,0,0,0,0,0,0,0,0,0,0,0,0,0,2,2,100,2.54,2.54,0,0,24,26.3,,0,3,24,0,0.67,0,1,-1,-1.27,0.09,0,2,0,0,1,0,0,,,0,,,,,,,,,,,,,,,,,,
Abdullah Al-Khaibari,Saudi Arabia,Saudi Arabia,MF,29,1996,Al-Nassr,3,3,180,2,0,0,0,0,0,0,0,0,0,0,0,0,0,1,0,0,0.5,0,0,,60,66.7,60,1,0,,0,0.67,1,4,-3,-1.5,-0.5,0,0,2,0,0,1,1,,,0,,,,,,,,,,,,,,,,,,
Ahmed Al-Kassar,Saudi Arabia,Saudi Arabia,GK,35,1991,,0,0,,,,,,,,,,,,,,,,,,,,,,,,,,0,0,,3,,,,,,,,,,,,,,,,,,,,,,,,,,,,,,,,,,
Alaa Al Hejji,Saudi Arabia,Saudi Arabia,MF,30,1995,Neom,2,0,32,0.4,0,0,0,0,0,0,0,0,0,0,0,0,0,0,0,,0,0,,,16,11.9,,0,2,16,1,0.5,0,0,0,0,1.51,0,0,0,0,0,1,0,,,0,,,,,,,,,,,,,,,,,,
Ali Lajami,Saudi Arabia,Saudi Arabia,DF,30,1996,Al-Hilal,3,1,149,1.7,0,0,0,0,0,0,0,0,0,0,0,0,0,0,0,,0,0,,,50,55.2,90,1,2,30,0,0.67,0,4,-4,-2.42,-2.42,0,0,2,0,0,3,2,,,0,,,,,,,,,,,,,,,,,,
Ali Majrashi,Saudi Arabia,Saudi Arabia,DF,26,1999,,0,0,,,,,,,,,,,,,,,,,,,,,,,,,,0,0,,3,,,,,,,,,,,,,,,,,,,,,,,,,,,,,,,,,,
Ayman Yahya,Saudi Arabia,Saudi Arabia,MF,25,2001,,0,0,,,,,,,,,,,,,,,,,,,,,,,,,,0,0,,3,,,,,,,,,,,,,,,,,,,,,,,,,,,,,,,,,,
Firas Al-Buraikan,Saudi Arabia,Saudi Arabia,FW,26,2000,Al-Ahli,3,3,238,2.6,0,0,0,0,0,0,1,0,0,0,0,0,0,0,0,,0,0,,,79,88.1,79,1,0,,0,0.67,1,5,-4,-1.51,-1.51,0,2,3,0,0,1,0,,,0,,,,,,,,,,,,,,,,,,
Hassan Al Tambakti,Saudi Arabia,Saudi Arabia,DF,27,1999,Al-Hilal,3,3,212,2.4,0,0,0,0,0,0,0,0,0,0,0,0,0,0,0,,0,0,,,71,78.5,71,2,0,,0,0.67,1,5,-4,-1.7,-1.7,0,0,1,0,0,3,3,,,1,,,,,,,,,,,,,,,,,,
Hassan Kadesh,Saudi Arabia,Saudi Arabia,DF,33,1992,,0,0,,,,,,,,,,,,,,,,,,,,,,,,,,0,0,,3,,,,,,,,,,,,,,,,,,,,,,,,,,,,,,,,,,
Jehad Thakri,Saudi Arabia,Saudi Arabia,DF,24,2001,,0,0,,,,,,,,,,,,,,,,,,,,,,,,,,0,0,,3,,,,,,,,,,,,,,,,,,,,,,,,,,,,,,,,,,
Khalid Al Ghannam,Saudi Arabia,Saudi Arabia,MF,25,2000,Al-Ettifaq,1,0,1,0,0,0,0,0,0,0,0,0,0,0,0,0,0,0,0,,0,0,,,1,0.4,,0,1,1,2,0,0,0,0,0,1.34,0,0,0,0,0,0,0,,,0,,,,,,,,,,,,,,,,,,
Mohamed Kanno,Saudi Arabia,Saudi Arabia,MF,31,1994,Al-Hilal,3,2,225,2.5,0,0,0,0,0,0,1,0,0,0,0,0,0,3,2,66.7,1.2,0.8,0,0,75,83.3,90,2,1,45,0,0.67,1,2,-1,-0.4,5.6,0,5,0,0,0,2,4,,,0,,,,,,,,,,,,,,,,,,
Mohammed Abu Al-Shamat,Saudi Arabia,Saudi Arabia,MF,23,2002,Al-Qadsiah,3,1,136,1.5,0,0,0,0,0,0,0,0,0,0,0,0,0,1,1,100,0.66,0.66,0,0,45,50.4,80,0,2,28,0,0.67,1,1,0,0,2.69,0,2,1,0,3,1,3,,,0,,,,,,,,,,,,,,,,,,
Mohammed Al-Owais,Saudi Arabia,Saudi Arabia,GK,34,1991,Al-Ula,3,3,270,3,0,0,0,0,0,0,0,0,0,0,0,0,0,0,0,,0,0,,,90,100,90,3,0,,0,0.67,1,5,-4,-1.33,,0,0,1,0,0,0,0,,,0,3,3,270,5,1.67,21,16,76.2,0,2,1,1,33.3,0,0,0,0,
Moteb Al-Harbi,Saudi Arabia,Saudi Arabia,DF,26,2000,Al-Hilal,3,2,188,2.1,0,0,0,0,0,0,0,0,0,0,0,0,0,0,0,,0,0,,,63,69.6,90,1,1,9,0,0.67,1,5,-4,-1.91,-1.91,0,0,4,0,1,4,1,,,0,,,,,,,,,,,,,,,,,,
Musab Al Juwayr,Saudi Arabia,Saudi Arabia,"MF,FW",22,2003,Al-Qadsiah,3,2,152,1.7,0,0,0,0,0,0,0,0,0,0,0,0,0,0,0,,0,0,,,51,56.3,54,0,1,45,0,0.67,1,3,-2,-1.18,0.34,0,1,1,2,7,1,3,,,0,,,,,,,,,,,,,,,,,,
Nasser Al-Dawsari,Saudi Arabia,Saudi Arabia,MF,27,1998,Al-Hilal,3,2,207,2.3,0,0,0,0,0,0,1,0,0,0,0,0,0,1,0,0,0.43,0,0,,69,76.7,90,1,1,28,0,0.67,0,5,-5,-2.17,-3.6,0,7,2,0,1,4,4,,,0,,,,,,,,,,,,,,,,,,
Nawaf Al Aqidi,Saudi Arabia,Saudi Arabia,GK,26,2000,,0,0,,,,,,,,,,,,,,,,,,,,,,,,,,0,0,,3,,,,,,,,,,,,,,,,,,,,,,,,,,,,,,,,,,
Nawaf Boushal,Saudi Arabia,Saudi Arabia,DF,26,1999,Al-Nassr,2,1,91,1,0,0,0,0,0,0,0,0,0,0,0,0,0,0,0,,0,0,,,46,33.7,81,0,1,10,1,1,0,0,0,0,2.01,0,1,1,0,0,1,0,,,0,,,,,,,,,,,,,,,,,,
Saleh Al-Shehri,Saudi Arabia,Saudi Arabia,FW,32,1993,,0,0,,,,,,,,,,,,,,,,,,,,,,,,,,0,0,,3,,,,,,,,,,,,,,,,,,,,,,,,,,,,,,,,,,
Salem Al-Dawsari,Saudi Arabia,Saudi Arabia,MF,34,1991,Al-Hilal,3,3,245,2.7,0,0,0,0,0,0,1,0,0,0,0,0,0,3,0,0,1.1,0,0,,82,90.7,82,2,0,,0,0.67,1,5,-4,-1.47,-1.47,0,3,4,1,3,1,1,,,0,,,,,,,,,,,,,,,,,,
Saud Abdulhamid,Saudi Arabia,Saudi Arabia,DF,26,1999,Lens,3,3,269,3,0,0,0,0,0,0,1,0,0,0,0,0,0,2,0,0,0.67,0,0,,90,99.6,90,2,0,,0,0.67,1,5,-4,-1.34,-1.34,0,4,2,0,5,2,9,,,0,,,,,,,,,,,,,,,,,,
Sultan Mendash,Saudi Arabia,Saudi Arabia,MF,31,1994,Al-Hilal,1,1,65,0.7,0,0,0,0,0,0,0,0,0,0,0,0,0,0,0,,0,0,,,65,24.1,65,0,0,,2,1,0,0,0,0,1.76,0,1,2,0,0,0,3,,,0,,,,,,,,,,,,,,,,,,
Ziyad Al Johani,Saudi Arabia,Saudi Arabia,MF,24,2001,,0,0,,,,,,,,,,,,,,,,,,,,,,,,,,0,0,,3,,,,,,,,,,,,,,,,,,,,,,,,,,,,,,,,,,
Aaron Hickey,Scotland,Scotland,DF,24,2002,Brentford,1,1,74,0.8,0,0,0,0,0,0,1,0,0,0,0,0,0,0,0,,0,0,,,74,27.4,74,0,0,,2,3,1,0,1,1.22,3.05,0,2,4,0,1,1,0,,,0,,,,,,,,,,,,,,,,,,
Andy Robertson,Scotland,Scotland,DF,32,1994,Liverpool,3,3,225,2.5,0,0,0,0,0,0,1,0,0,0,0,0,0,0,0,,0,0,,,75,83.3,75,2,0,,0,1,1,3,-2,-0.8,1.2,0,3,1,0,10,2,1,,,0,,,,,,,,,,,,,,,,,,
Angus Gunn,Scotland,Scotland,GK,30,1996,Nottingham,3,3,270,3,0,0,0,0,0,0,0,0,0,0,0,0,0,0,0,,0,0,,,90,100,90,3,0,,0,1,1,4,-3,-1,,0,0,0,0,0,0,1,,,0,3,3,270,4,1.33,12,8,66.7,1,0,2,1,33.3,0,0,0,0,
Anthony Ralston,Scotland,Scotland,DF,27,1998,Celtic,2,0,11,0.1,0,0,0,0,0,0,0,0,0,0,0,0,0,1,1,100,8.18,8.18,0,0,6,4.1,,0,2,6,1,0,0,0,0,0,1.04,0,2,0,0,1,0,0,,,0,,,,,,,,,,,,,,,,,,
Ben Gannon-Doak,Scotland,Scotland,MF,20,2005,Bournemouth,3,2,186,2.1,0,0,0,0,0,0,0,0,0,0,0,0,0,4,0,0,1.94,0,0,,62,68.9,78,0,1,31,0,1,1,3,-2,-0.97,0.1,0,3,1,0,6,0,1,,,0,,,,,,,,,,,,,,,,,,
Ch? Adams,Scotland,Scotland,FW,29,1996,Torino,3,2,145,1.6,0,0,0,0,0,0,0,0,0,0,0,0,0,1,1,100,0.62,0.62,0,0,48,53.7,72,0,1,1,0,1,1,1,0,0,2.16,0,4,2,0,0,0,1,,,0,,,,,,,,,,,,,,,,,,
Craig Gordon,Scotland,Scotland,GK,43,1982,,0,0,,,,,,,,,,,,,,,,,,,,,,,,,,0,0,,3,,,,,,,,,,,,,,,,,,,,,,,,,,,,,,,,,,
Dominic Hyam,Scotland,Scotland,DF,30,1995,,0,0,,,,,,,,,,,,,,,,,,,,,,,,,,0,0,,3,,,,,,,,,,,,,,,,,,,,,,,,,,,,,,,,,,
Findlay Curtis,Scotland,Scotland,MF,19,2006,Kilmarnock,2,0,9,0.1,0,0,0,0,0,0,1,0,0,0,0,0,0,0,0,,0,0,,,5,3.3,,0,2,5,1,1.5,0,0,0,0,1.03,0,1,0,0,1,0,0,,,0,,,,,,,,,,,,,,,,,,
George Hirst,Scotland,Scotland,FW,27,1999,,0,0,,,,,,,,,,,,,,,,,,,,,,,,,,0,0,,3,,,,,,,,,,,,,,,,,,,,,,,,,,,,,,,,,,
Grant Hanley,Scotland,Scotland,DF,34,1991,Hibernian,2,2,180,2,0,0,0,0,0,0,0,0,0,0,0,0,0,0,0,,0,0,,,90,66.7,90,2,0,,1,1.5,1,1,0,0,3,0,1,0,1,0,1,2,,,0,,,,,,,,,,,,,,,,,,
Jack Hendry,Scotland,Scotland,DF,31,1995,Al-Ettifaq,3,3,270,3,0,0,0,0,0,0,0,0,0,0,0,0,0,0,0,,0,0,,,90,100,90,3,0,,0,1,1,4,-3,-1,,0,1,3,0,0,0,2,,,0,,,,,,,,,,,,,,,,,,
John McGinn,Scotland,Scotland,MF,31,1994,Aston Villa,3,3,259,2.9,1,0,1,1,0,0,0,0,0.35,0,0.35,0.35,0.35,3,1,33.3,1.04,0.35,0.33,1,86,95.9,86,0,0,,0,1,1,4,-3,-1.04,-1.04,0,2,11,0,10,0,0,,,0,,,,,,,,,,,,,,,,,,
John Souttar,Scotland,Scotland,DF,29,1996,,0,0,,,,,,,,,,,,,,,,,,,,,,,,,,0,0,,3,,,,,,,,,,,,,,,,,,,,,,,,,,,,,,,,,,
Kenny McLean,Scotland,Scotland,MF,34,1992,Norwich City,3,1,118,1.3,0,0,0,0,0,0,1,0,0,0,0,0,0,1,0,0,0.76,0,0,,39,43.7,90,1,2,14,0,1,0,3,-3,-2.29,-2.29,0,1,1,0,2,2,1,,,0,,,,,,,,,,,,,,,,,,
Kieran Tierney,Scotland,Scotland,MF,29,1997,Celtic,2,1,104,1.2,0,0,0,0,0,0,0,0,0,0,0,0,0,2,0,0,1.73,0,0,,52,38.5,59,0,1,45,1,0,0,2,-2,-1.73,-1.19,0,3,2,0,7,2,1,,,0,,,,,,,,,,,,,,,,,,
Lawrence Shankland,Scotland,Scotland,FW,30,1995,Hearts,2,2,171,1.9,0,0,0,0,0,0,0,0,0,0,0,0,0,4,0,0,2.11,0,0,,86,63.3,86,0,0,,1,1.5,1,3,-2,-1.05,-0.14,0,5,3,1,0,0,1,,,0,,,,,,,,,,,,,,,,,,
Lewis Ferguson,Scotland,Scotland,MF,26,1999,Bologna,3,3,270,3,0,0,0,0,0,0,0,0,0,0,0,0,0,2,1,50,0.67,0.33,0,0,90,100,90,3,0,,0,1,1,4,-3,-1,,0,5,10,0,9,4,7,,,0,,,,,,,,,,,,,,,,,,
Liam Kelly,Scotland,Scotland,GK,30,1996,,0,0,,,,,,,,,,,,,,,,,,,,,,,,,,0,0,,3,,,,,,,,,,,,,,,,,,,,,,,,,,,,,,,,,,
Lyndon Dykes,Scotland,Scotland,"FW,MF",30,1995,Charlton Athletic,2,0,36,0.4,0,0,0,0,0,0,0,0,0,0,0,0,0,1,0,0,2.5,0,0,,18,13.3,,0,2,18,1,1.5,0,0,0,0,1.15,0,2,0,0,1,0,0,,,0,,,,,,,,,,,,,,,,,,
Nathan Patterson,Scotland,Scotland,DF,24,2001,Everton,3,2,185,2.1,0,0,0,0,0,0,0,0,0,0,0,0,0,0,0,,0,0,,,62,68.5,85,0,1,16,0,1,0,4,-4,-1.95,-3,0,2,0,0,1,3,2,,,0,,,,,,,,,,,,,,,,,,
Ross Stewart,Scotland,Scotland,FW,29,1996,Southampton,1,0,2,0,0,0,0,0,0,0,0,0,0,0,0,0,0,0,0,,0,0,,,2,0.7,,0,1,2,2,0,0,0,0,0,1.01,0,0,0,0,0,0,0,,,0,,,,,,,,,,,,,,,,,,
Ryan Christie,Scotland,Scotland,MF,31,1995,Bournemouth,3,1,95,1.1,0,0,0,0,0,0,1,0,0,0,0,0,0,2,0,0,1.89,0,0,,32,35.2,70,0,2,13,0,1,0,1,-1,-0.95,0.08,0,2,1,0,1,2,3,,,0,,,,,,,,,,,,,,,,,,
Scott McKenna,Scotland,Scotland,DF,29,1996,Dinamo Zagreb,1,1,90,1,0,0,0,0,0,0,0,0,0,0,0,0,0,0,0,,0,0,,,90,33.3,90,1,0,,2,0,0,3,-3,-3,-3,0,0,0,0,0,0,0,,,0,,,,,,,,,,,,,,,,,,
Scott McTominay,Scotland,Scotland,MF,29,1996,Napoli,3,3,270,3,0,0,0,0,0,0,0,0,0,0,0,0,0,8,3,37.5,2.67,1,0,0,90,100,90,3,0,,0,1,1,4,-3,-1,,0,3,0,0,0,0,2,,,0,,,,,,,,,,,,,,,,,,
Tyler Fletcher,Scotland,Scotland,MF,19,2007,,0,0,,,,,,,,,,,,,,,,,,,,,,,,,,0,0,,3,,,,,,,,,,,,,,,,,,,,,,,,,,,,,,,,,,
Abdoulaye Seck,Senegal,Senegal,DF,34,1992,,1,1,57,0.6,0,1,1,0,0,0,1,0,0,1.58,1.58,0,1.58,2,0,0,3.16,0,0,,57,14.6,57,0,0,,3,3,2,0,2,3.16,3.43,0,1,1,0,0,0,0,,,0,,,,,,,,,,,,,,,,,,
Antoine Mendy,Senegal,Senegal,DF,22,2004,,0,0,,,,,,,,,,,,,,,,,,,,,,,,,,0,0,,4,,,,,,,,,,,,,,,,,,,,,,,,,,,,,,,,,,
Assane Diao,Senegal,Senegal,MF,20,2005,Como,1,0,10,0.1,0,0,0,0,0,0,0,0,0,0,0,0,0,0,0,,0,0,,,10,2.6,,0,1,10,3,3,1,0,1,9,9,0,0,0,0,0,0,1,,,0,,,,,,,,,,,,,,,,,,
Bamba Dieng,Senegal,Senegal,FW,26,2000,Lorient,1,0,8,0.1,0,0,0,0,0,0,0,0,0,0,0,0,0,0,0,,0,0,,,8,2.1,,0,1,8,3,0,1,1,0,0,-0.24,0,0,0,0,0,0,0,,,0,,,,,,,,,,,,,,,,,,
Bara Sapoko Ndiaye,Senegal,Senegal,MF,18,2007,Bayern Munich,1,0,26,0.3,0,0,0,0,0,0,0,0,0,0,0,0,0,1,1,100,3.46,3.46,0,0,26,6.7,,0,1,26,3,0,0,1,-1,-3.46,-3.96,0,0,2,0,0,0,0,,,0,,,,,,,,,,,,,,,,,,
Cherif Ndiaye,Senegal,Senegal,"FW,MF",30,1996,,0,0,,,,,,,,,,,,,,,,,,,,,,,,,,0,0,,4,,,,,,,,,,,,,,,,,,,,,,,,,,,,,,,,,,
El Hadji Malick Diouf,Senegal,Senegal,DF,21,2004,West Ham,3,2,171,1.9,0,0,0,0,0,0,0,0,0,0,0,0,0,0,0,,0,0,,,57,43.8,72,1,1,28,1,0,2,6,-4,-2.11,-4.16,0,2,0,0,8,1,1,,,0,,,,,,,,,,,,,,,,,,
Habib Diarra,Senegal,Senegal,MF,22,2004,Sunderland,3,2,143,1.6,2,0,2,2,0,0,0,0,1.26,0,1.26,1.26,1.26,4,2,50,2.52,1.26,0.5,1,48,36.7,64,0,1,15,1,1,5,2,3,1.89,2.62,0,2,2,0,1,1,2,,,0,,,,,,,,,,,,,,,,,,
Ibrahim Mbaye,Senegal,Senegal,MF,18,2008,PSG,4,1,157,1.7,1,0,1,1,0,0,0,0,0.57,0,0.57,0.57,0.57,4,1,25,2.29,0.57,0.25,1,39,40.3,56,0,3,34,0,0.75,4,6,-2,-1.15,-2.31,0,0,2,0,9,1,0,,,0,,,,,,,,,,,,,,,,,,
Idrissa Gueye,Senegal,Senegal,MF,36,1989,Everton,4,4,361,4,0,0,0,0,0,0,0,0,0,0,0,0,0,5,1,20,1.25,0.25,0,0,90,92.6,90,2,0,,0,0.75,9,7,2,0.5,3.6,0,2,2,0,1,2,4,,,0,,,,,,,,,,,,,,,,,,
Iliman Ndiaye,Senegal,Senegal,FW,26,2000,Everton,3,1,114,1.3,1,2,3,1,0,0,0,0,0.79,1.58,2.37,0.79,2.37,3,2,66.7,2.37,1.58,0.33,0.5,38,29.2,72,0,2,21,1,1,6,1,5,3.95,5.25,0,2,1,0,2,2,0,,,0,,,,,,,,,,,,,,,,,,
Ismail Jakobs,Senegal,Senegal,DF,26,1999,Galatasaray,3,2,219,2.4,0,0,0,0,0,0,0,0,0,0,0,0,0,1,0,0,0.41,0,0,,73,56.2,91,1,1,37,1,1,8,3,5,2.05,4.16,0,2,0,0,18,2,2,,,0,,,,,,,,,,,,,,,,,,
Ismaila Sarr,Senegal,Senegal,"MF,FW",28,1998,Crystal Palace,4,4,364,4,4,1,5,4,0,0,0,0,0.99,0.25,1.24,0.99,1.24,17,6,35.3,4.2,1.48,0.24,0.67,91,93.3,91,2,0,,0,0.75,8,7,1,0.25,0.25,0,1,9,2,2,2,1,,,0,,,,,,,,,,,,,,,,,,
Kalidou Koulibaly,Senegal,Senegal,DF,34,1991,Al-Hilal,2,2,161,1.8,0,0,0,0,0,0,0,0,0,0,0,0,0,0,0,,0,0,,,81,41.3,81,1,0,,2,0,2,6,-4,-2.24,-4.2,0,0,0,0,0,2,1,,,0,,,,,,,,,,,,,,,,,,
Kr?pin Diatta,Senegal,Senegal,DF,27,1999,Monaco,4,4,390,4.3,0,0,0,0,0,0,0,0,0,0,0,0,0,1,0,0,0.23,0,0,,98,100,98,4,0,,0,0.75,10,9,1,0.23,,0,4,6,0,12,3,10,,,0,,,,,,,,,,,,,,,,,,
Lamine Camara,Senegal,Senegal,MF,22,2004,Monaco,4,3,248,2.8,0,1,1,0,0,0,1,0,0,0.36,0.36,0,0.36,3,0,0,1.09,0,0,,62,63.6,64,0,1,55,0,0.75,3,7,-4,-1.45,-4.62,0,5,3,0,7,2,1,,,0,,,,,,,,,,,,,,,,,,
Mamadou Sarr,Senegal,Senegal,DF,20,2005,,0,0,,,,,,,,,,,,,,,,,,,,,,,,,,0,0,,4,,,,,,,,,,,,,,,,,,,,,,,,,,,,,,,,,,
Mory Diaw,Senegal,Senegal,GK,32,1993,Le Havre,3,2,238,2.6,0,0,0,0,0,0,0,0,0,0,0,0,0,0,0,,0,0,,,79,61,105,2,1,28,1,1,8,3,5,1.89,4.26,0,0,2,0,0,0,0,,,0,3,2,238,3,1.13,7,4,57.1,1,0,1,1,50,1,1,0,0,0
Moussa Niakhat?,Senegal,Senegal,DF,30,1996,Lyon,4,4,390,4.3,0,1,1,0,0,0,0,0,0,0.23,0.23,0,0.23,1,0,0,0.23,0,0,,98,100,98,4,0,,0,0.75,10,9,1,0.23,,0,3,6,0,2,4,1,,,0,,,,,,,,,,,,,,,,,,
Nicolas Jackson,Senegal,Senegal,FW,24,2001,Bayern Munich,4,2,234,2.6,0,1,1,0,0,0,0,0,0,0.38,0.38,0,0.38,7,3,42.9,2.69,1.15,0,0,59,60,86,1,2,31,0,0.75,5,6,-1,-0.38,-1.54,0,2,0,5,1,1,2,,,0,,,,,,,,,,,,,,,,,,
Pape Gueye,Senegal,Senegal,MF,27,1999,Villarreal,4,3,234,2.6,2,1,3,2,0,0,1,0,0.77,0.38,1.15,0.77,1.15,8,3,37.5,3.08,1.15,0.25,0.67,59,60,67,0,1,34,0,0.75,6,4,2,0.77,1.35,0,4,2,0,3,4,1,,,0,,,,,,,,,,,,,,,,,,
Pape Matar Sarr,Senegal,Senegal,MF,23,2002,Tottenham,2,0,67,0.7,0,0,0,0,0,0,0,0,0,0,0,0,0,4,0,0,5.37,0,0,,34,17.2,,0,2,34,2,0,1,3,-2,-2.69,-3.52,0,1,0,0,0,1,0,,,0,,,,,,,,,,,,,,,,,,
Path? Ciss,Senegal,Senegal,DF,32,1994,Rayo Vallecano,4,1,184,2,0,0,0,0,0,0,0,0,0,0,0,0,0,2,1,50,0.98,0.49,0,0,46,47.2,120,1,3,21,0,0.75,7,4,3,1.47,2.34,0,1,0,0,0,0,0,,,0,,,,,,,,,,,,,,,,,,
Sadio Man?,Senegal,Senegal,"MF,FW",34,1992,Al-Nassr,4,4,362,4,0,1,1,0,0,0,0,0,0,0.25,0.25,0,0.25,6,3,50,1.49,0.75,0,0,91,92.8,91,3,0,,0,0.75,10,8,2,0.5,3.71,0,4,10,3,13,3,2,,,0,,,,,,,,,,,,,,,,,,
Yehvann Diouf,Senegal,Senegal,GK,26,1999,,0,0,,,,,,,,,,,,,,,,,,,,,,,,,,0,0,,4,,,,,,,,,,,,,,,,,,,,,,,,,,,,,,,,,,
?douard Mendy,Senegal,Senegal,GK,34,1992,Al-Ahli,2,2,152,1.7,0,0,0,0,0,0,0,0,0,0,0,0,0,0,0,,0,0,,,76,39,76,1,0,,0,0,2,6,-4,-2.37,-4.26,0,0,0,0,0,0,0,,,0,2,2,152,6,3.55,14,8,57.1,0,0,2,0,0,0,0,0,0,
Aubrey Modiba,South Africa,South Africa,DF,30,1995,Sundowns,4,4,346,3.8,0,0,0,0,0,0,1,0,0,0,0,0,0,5,1,20,1.3,0.26,0,0,87,96.1,87,3,0,,0,1,2,4,-2,-0.52,-0.52,0,4,6,2,11,4,5,,,0,,,,,,,,,,,,,,,,,,
Bradley Cross,South Africa,South Africa,DF,25,2001,,0,0,,,,,,,,,,,,,,,,,,,,,,,,,,0,0,,4,,,,,,,,,,,,,,,,,,,,,,,,,,,,,,,,,,
Evidence Makgopa,South Africa,South Africa,FW,26,2000,Orlando Pirates,4,2,215,2.4,0,0,0,0,0,0,0,0,0,0,0,0,0,4,3,75,1.67,1.26,0,0,54,59.7,88,1,2,20,0,1,2,0,2,0.84,3.32,0,1,1,2,0,1,1,,,0,,,,,,,,,,,,,,,,,,
Ime Okon,South Africa,South Africa,DF,22,2004,Hannover 96,4,4,360,4,0,0,0,0,0,0,0,0,0,0,0,0,0,1,0,0,0.25,0,0,,90,100,90,4,0,,0,1,2,4,-2,-0.5,,0,1,0,0,0,5,2,,,0,,,,,,,,,,,,,,,,,,
Iqraam Rayners,South Africa,South Africa,FW,30,1995,Sundowns,4,2,161,1.8,0,0,0,0,0,0,0,0,0,0,0,0,0,1,0,0,0.56,0,0,,40,44.7,70,0,2,11,0,1,0,4,-4,-2.24,-3.14,0,1,1,2,2,0,0,,,0,,,,,,,,,,,,,,,,,,
Jayden Adams,South Africa,South Africa,MF,25,2001,Sundowns,3,2,116,1.3,0,0,0,0,0,0,0,0,0,0,0,0,0,0,0,,0,0,,,39,32.2,53,0,1,11,1,1.33,0,2,-2,-1.55,-1.55,0,0,0,0,0,2,0,,,0,,,,,,,,,,,,,,,,,,
Kamogelo Sebelebele,South Africa,South Africa,"DF,MF",23,2002,Orlando Pirates,1,0,7,0.1,0,0,0,0,0,0,0,0,0,0,0,0,0,0,0,,0,0,,,7,1.9,,0,1,7,3,1,0,0,0,0,0.51,0,1,0,0,1,0,0,,,0,,,,,,,,,,,,,,,,,,
Khuliso Mudau,South Africa,South Africa,DF,31,1995,Sundowns,4,4,360,4,0,0,0,0,0,0,0,0,0,0,0,0,0,0,0,,0,0,,,90,100,90,4,0,,0,1,2,4,-2,-0.5,,0,4,10,1,3,11,8,,,0,,,,,,,,,,,,,,,,,,
Khulumani Ndamane,South Africa,South Africa,DF,22,2004,,0,0,,,,,,,,,,,,,,,,,,,,,,,,,,0,0,,4,,,,,,,,,,,,,,,,,,,,,,,,,,,,,,,,,,
Lyle Foster,South Africa,South Africa,FW,25,2000,Burnley,1,1,55,0.6,0,0,0,0,0,0,0,0,0,0,0,0,0,1,0,0,1.64,0,0,,55,15.3,55,0,0,,3,0,0,1,-1,-1.64,-1.34,0,0,1,0,0,0,0,,,0,,,,,,,,,,,,,,,,,,
Mbekezeli Mbokazi,South Africa,South Africa,DF,20,2005,Chicago Fire,4,4,360,4,0,0,0,0,0,0,0,0,0,0,0,0,0,4,1,25,1,0.25,0,0,90,100,90,4,0,,0,1,2,4,-2,-0.5,,0,3,5,1,3,4,5,,,0,,,,,,,,,,,,,,,,,,
Nkosinathi Sibisi,South Africa,South Africa,DF,30,1995,Orlando Pirates,1,1,90,1,0,0,0,0,0,0,1,0,0,0,0,0,0,0,0,,0,0,,,90,25,90,1,0,,3,0,0,2,-2,-2,-2,0,1,0,0,0,1,0,,,0,,,,,,,,,,,,,,,,,,
Olwethu Makhanya,South Africa,South Africa,DF,22,2004,,0,0,,,,,,,,,,,,,,,,,,,,,,,,,,0,0,,4,,,,,,,,,,,,,,,,,,,,,,,,,,,,,,,,,,
Oswin Appollis,South Africa,South Africa,"MF,FW",24,2001,Orlando Pirates,4,3,255,2.8,0,0,0,0,0,0,0,0,0,0,0,0,0,4,1,25,1.41,0.35,0,0,64,70.8,80,2,1,14,0,1,1,2,-1,-0.35,0.5,0,1,2,0,8,1,3,,,0,,,,,,,,,,,,,,,,,,
Relebohile Mofokeng,South Africa,South Africa,MF,21,2004,Orlando Pirates,3,2,169,1.9,0,0,0,0,0,0,0,0,0,0,0,0,0,3,1,33.3,1.6,0.53,0,0,56,46.9,62,0,1,45,1,1.33,2,0,2,1.07,2.95,0,3,2,0,2,0,2,,,0,,,,,,,,,,,,,,,,,,
Ricardo Goss,South Africa,South Africa,GK,32,1994,,0,0,,,,,,,,,,,,,,,,,,,,,,,,,,0,0,,4,,,,,,,,,,,,,,,,,,,,,,,,,,,,,,,,,,
Ronwen Williams,South Africa,South Africa,GK,34,1992,Sundowns,4,4,360,4,0,0,0,0,0,0,0,0,0,0,0,0,0,0,0,,0,0,,,90,100,90,4,0,,0,1,2,4,-2,-0.5,,0,0,0,0,0,1,0,,,0,4,4,360,4,1,15,11,73.3,1,1,2,1,25,0,0,0,0,
Samukele Kabini,South Africa,South Africa,DF,22,2004,,0,0,,,,,,,,,,,,,,,,,,,,,,,,,,0,0,,4,,,,,,,,,,,,,,,,,,,,,,,,,,,,,,,,,,
Sipho Chaine,South Africa,South Africa,GK,29,1996,,0,0,,,,,,,,,,,,,,,,,,,,,,,,,,0,0,,4,,,,,,,,,,,,,,,,,,,,,,,,,,,,,,,,,,
Sphephelo Sithole,South Africa,South Africa,MF,27,1999,Tondela,3,3,229,2.5,0,0,0,0,0,0,0,1,0,0,0,0,0,0,0,,0,0,,,76,63.6,76,2,0,,0,1,1,2,-1,-0.39,0.29,0,5,1,0,0,5,5,,,0,,,,,,,,,,,,,,,,,,
Teboho Mokoena,South Africa,South Africa,MF,29,1997,Sundowns,3,3,270,3,1,0,1,0,1,1,2,0,0.33,0,0.33,0,0,4,2,50,1.33,0.67,0,0,90,75,90,3,0,,0,0.33,1,4,-3,-1,-2,0,3,6,0,5,5,3,,,0,,,,,,,,,,,,,,,,,,
Thabang Matuludi,South Africa,South Africa,DF,27,1999,,0,0,,,,,,,,,,,,,,,,,,,,,,,,,,0,0,,4,,,,,,,,,,,,,,,,,,,,,,,,,,,,,,,,,,
Thalente Mbatha,South Africa,South Africa,MF,26,2000,Orlando Pirates,4,2,260,2.9,0,0,0,0,0,0,1,0,0,0,0,0,0,4,1,25,1.38,0.35,0,0,65,72.2,90,2,2,40,0,1,2,3,-1,-0.35,0.55,0,4,0,0,4,5,2,,,0,,,,,,,,,,,,,,,,,,
Thapelo Maseko,South Africa,South Africa,"MF,FW",22,2003,,3,3,242,2.7,1,0,1,1,0,0,0,0,0.37,0,0.37,0.37,0.37,8,1,12.5,2.98,0.37,0.13,1,81,67.2,81,0,0,,1,1.33,2,1,1,0.37,2.66,0,4,10,0,2,2,1,,,0,,,,,,,,,,,,,,,,,,
Themba Zwane,South Africa,South Africa,"FW,MF",36,1989,Sundowns,1,0,23,0.3,0,0,0,0,0,0,0,1,0,0,0,0,0,0,0,,0,0,,,23,6.4,,0,1,23,0,0,0,1,-1,-3.91,-3.65,0,1,0,0,0,0,0,,,0,,,,,,,,,,,,,,,,,,
Tshepang Moremi,South Africa,South Africa,MF,25,2000,Orlando Pirates,2,0,34,0.4,0,1,1,0,0,0,0,0,0,2.65,2.65,0,2.65,0,0,,0,0,,,17,9.4,,0,2,17,2,1.5,1,1,0,0,0.55,0,1,1,0,0,0,1,,,0,,,,,,,,,,,,,,,,,,
Aymeric Laporte,Spain,Spain,DF,32,1994,Athletic Club,8,8,727,8.1,0,1,1,0,0,0,1,0,0,0.12,0.12,0,0.12,5,2,40,0.62,0.25,0,0,91,96.9,91,6,0,,0,2.75,13,1,12,1.49,-2.43,0,5,4,0,1,14,3,,,0,,,,,,,,,,,,,,,,,,
Borja Iglesias,Spain,Spain,FW,33,1993,Celta Vigo,1,0,1,0,0,0,0,0,0,0,0,0,0,0,0,0,0,0,0,,0,0,,,1,0.1,,0,1,1,7,3,0,0,0,0,-1.56,0,0,0,0,0,0,0,,,0,,,,,,,,,,,,,,,,,,
Dani Olmo,Spain,Spain,MF,28,1998,Barcelona,8,6,491,5.5,0,2,2,0,0,0,0,0,0,0.37,0.37,0,0.37,13,2,15.4,2.38,0.37,0,0,61,65.5,75,0,2,21,0,2.75,9,1,8,1.47,-0.27,0,6,10,0,1,1,5,,,0,,,,,,,,,,,,,,,,,,
David Raya,Spain,Spain,GK,30,1995,,0,0,,,,,,,,,,,,,,,,,,,,,,,,,,0,0,,8,,,,,,,,,,,,,,,,,,,,,,,,,,,,,,,,,,
Eric Garc?a,Spain,Spain,"DF,MF",25,2001,Barcelona,1,0,22,0.2,0,0,0,0,0,0,0,0,0,0,0,0,0,0,0,,0,0,,,22,2.9,,0,1,22,7,3,1,0,1,4.09,2.61,0,1,0,0,0,1,0,,,0,,,,,,,,,,,,,,,,,,
Fabi?n Ruiz Pe?a,Spain,Spain,MF,30,1996,PSG,8,4,321,3.6,1,0,1,1,0,0,0,0,0.28,0,0.28,0.28,0.28,8,2,25,2.24,0.56,0.13,0.5,40,42.8,66,0,4,15,0,2.75,4,1,3,0.84,-1.26,0,1,3,0,9,4,3,,,0,,,,,,,,,,,,,,,,,,
Ferran Torres,Spain,Spain,FW,26,2000,Barcelona,8,1,288,3.2,1,1,2,1,0,0,1,0,0.31,0.31,0.62,0.31,0.62,14,4,28.6,4.37,1.25,0.07,0.25,36,38.4,80,0,7,30,0,2.75,5,0,5,1.56,0,0,6,4,3,4,0,0,,,0,,,,,,,,,,,,,,,,,,
Gavi,Spain,Spain,FW,21,2004,Barcelona,2,1,76,0.8,0,0,0,0,0,0,0,0,0,0,0,0,0,1,0,0,1.18,0,0,,38,10.1,70,0,1,6,6,2,1,0,1,1.18,-0.42,0,2,1,0,2,1,2,,,0,,,,,,,,,,,,,,,,,,
Joan Garc?a,Spain,Spain,GK,25,2001,,0,0,,,,,,,,,,,,,,,,,,,,,,,,,,0,0,,8,,,,,,,,,,,,,,,,,,,,,,,,,,,,,,,,,,
Lamine Yamal,Spain,Spain,"MF,FW",18,2007,Barcelona,8,7,614,6.8,1,0,1,1,0,0,0,0,0.15,0,0.15,0.15,0.15,27,12,44.4,3.96,1.76,0.04,0.08,77,81.9,85,4,1,20,0,2.75,12,1,11,1.61,0.29,0,14,9,7,34,2,9,,,0,,,,,,,,,,,,,,,,,,
Marc Cucurella,Spain,Spain,DF,27,1998,Chelsea,8,8,750,8.3,0,2,2,0,0,0,1,0,0,0.24,0.24,0,0.24,5,3,60,0.6,0.36,0,0,94,100,94,8,0,,0,2.75,14,1,13,1.56,,0,8,5,4,13,7,4,,,0,,,,,,,,,,,,,,,,,,
Marc Pubill,Spain,Spain,DF,22,2003,Atl?tico Madrid,1,0,1,0,0,0,0,0,0,0,0,0,0,0,0,0,0,0,0,,0,0,,,1,0.1,,0,1,1,7,3,0,0,0,0,-1.56,0,0,0,0,0,0,0,,,0,,,,,,,,,,,,,,,,,,
Marcos Llorente,Spain,Spain,DF,31,1995,Atl?tico Madrid,3,2,187,2.1,0,1,1,0,0,0,0,0,0,0.48,0.48,0,0.48,0,0,,0,0,,,62,24.9,90,2,1,7,5,2.33,1,0,1,0.48,-1.44,0,2,1,0,4,1,6,,,0,,,,,,,,,,,,,,,,,,
Mart?n Zubimendi,Spain,Spain,MF,27,1999,Arsenal,1,0,22,0.2,0,0,0,0,0,0,0,0,0,0,0,0,0,0,0,,0,0,,,22,2.9,,0,1,22,7,3,1,0,1,4.09,2.61,0,0,0,0,0,1,0,,,0,,,,,,,,,,,,,,,,,,
Mikel Merino,Spain,Spain,MF,29,1996,Arsenal,8,1,199,2.2,2,0,2,2,0,0,0,0,0.9,0,0.9,0.9,0.9,5,3,60,2.26,1.36,0.4,0.67,25,26.5,59,0,7,20,0,2.75,5,0,5,2.26,0.95,0,6,8,0,1,3,2,,,0,,,,,,,,,,,,,,,,,,
Mikel Oyarzabal,Spain,Spain,FW,29,1997,Real Sociedad,8,8,601,6.7,5,1,6,4,1,1,0,0,0.75,0.15,0.9,0.6,0.75,23,12,52.2,3.44,1.8,0.17,0.33,75,80.1,75,2,0,,0,2.75,10,1,9,1.35,-1.07,0,4,5,1,3,1,5,,,0,,,,,,,,,,,,,,,,,,
Nico Williams,Spain,Spain,MF,23,2002,Athletic Club,6,0,113,1.3,0,1,1,0,0,0,0,0,0,0.8,0.8,0,0.8,4,2,50,3.19,1.59,0,0,19,15.1,,0,6,19,2,2.67,2,0,2,1.59,0.04,0,2,1,1,9,1,1,,,0,,,,,,,,,,,,,,,,,,
Pau Cubars?,Spain,Spain,DF,19,2007,Barcelona,8,8,750,8.3,0,0,0,0,0,0,1,0,0,0,0,0,0,4,2,50,0.48,0.24,0,0,94,100,94,8,0,,0,2.75,14,1,13,1.56,,0,4,5,0,1,4,4,,,0,,,,,,,,,,,,,,,,,,
Pedri,Spain,Spain,MF,23,2002,Barcelona,8,5,499,5.5,0,0,0,0,0,0,1,0,0,0,0,0,0,5,2,40,0.9,0.36,0,0,62,66.5,78,1,3,36,0,2.75,10,0,10,1.8,0.73,0,4,5,1,13,10,8,,,0,,,,,,,,,,,,,,,,,,
Pedro Porro,Spain,Spain,DF,26,1999,Tottenham,6,6,563,6.3,2,0,2,2,0,0,0,0,0.32,0,0.32,0.32,0.32,7,3,42.9,1.12,0.48,0.29,0.67,94,75.1,94,5,0,,2,3,13,1,12,1.92,1.44,0,10,9,0,24,8,11,,,0,,,,,,,,,,,,,,,,,,
Rodri,Spain,Spain,MF,29,1996,Manchester City,8,8,724,8,0,0,0,0,0,0,0,0,0,0,0,0,0,7,0,0,0.87,0,0,,91,96.5,91,6,0,,0,2.75,13,1,12,1.49,-1.97,0,11,9,1,4,3,20,,,0,,,,,,,,,,,,,,,,,,
Unai Sim?n,Spain,Spain,GK,29,1997,Athletic Club,8,8,750,8.3,0,0,0,0,0,0,0,0,0,0,0,0,0,0,0,,0,0,,,94,100,94,8,0,,0,2.75,14,1,13,1.56,,0,0,3,0,0,0,0,,,0,8,8,750,1,0.12,11,9,90.9,7,1,0,7,87.5,0,0,0,0,
V?ctor Mu?oz,Spain,Spain,MF,22,2003,,0,0,,,,,,,,,,,,,,,,,,,,,,,,,,0,0,,8,,,,,,,,,,,,,,,,,,,,,,,,,,,,,,,,,,
Y?remy Pino,Spain,Spain,"FW,MF",23,2002,Crystal Palace,2,0,70,0.8,0,0,0,0,0,0,0,0,0,0,0,0,0,0,0,,0,0,,,35,9.3,,0,2,35,6,3,1,0,1,1.29,-0.3,0,2,0,1,1,0,0,,,0,,,,,,,,,,,,,,,,,,
?lex Baena,Spain,Spain,"MF,FW",24,2001,Atl?tico Madrid,7,7,481,5.3,1,1,2,1,0,0,1,0,0.19,0.19,0.37,0.19,0.37,12,5,41.7,2.25,0.94,0.08,0.2,69,64.1,69,0,0,,1,3,10,1,9,1.68,0.35,0,13,7,2,41,2,5,,,0,,,,,,,,,,,,,,,,,,
?lex Grimaldo,Spain,Spain,"DF,MF",30,1995,,0,0,,,,,,,,,,,,,,,,,,,,,,,,,,0,0,,8,,,,,,,,,,,,,,,,,,,,,,,,,,,,,,,,,,
Alexander Bernhardsson,Sweden,Sweden,MF,27,1998,Holstein Kiel,3,3,217,2.4,0,0,0,0,0,0,0,0,0,0,0,0,0,1,1,100,0.41,0.41,0,0,72,60.3,72,0,0,,1,1.33,5,6,-1,-0.41,0.84,0,2,4,0,3,2,2,,,0,,,,,,,,,,,,,,,,,,
Alexander Isak,Sweden,Sweden,FW,26,1999,Liverpool,4,4,357,4,1,3,4,1,0,0,0,0,0.25,0.76,1.01,0.25,1.01,8,6,75,2.02,1.51,0.13,0.17,89,99.2,89,2,0,,0,1,6,10,-4,-1.01,-31.01,0,4,1,5,3,0,2,,,0,,,,,,,,,,,,,,,,,,
Anthony Elanga,Sweden,Sweden,"MF,FW",24,2002,Newcastle,4,2,217,2.4,2,0,2,2,0,0,0,0,0.83,0,0.83,0.83,0.83,3,3,100,1.24,1.24,0.67,0.67,54,60.3,90,2,2,19,0,1,3,5,-2,-0.83,-0.2,0,0,7,1,12,2,0,,,0,,,,,,,,,,,,,,,,,,
Benjamin Nygren,Sweden,Sweden,MF,24,2001,Celtic,4,2,130,1.4,0,0,0,0,0,0,0,0,0,0,0,0,0,1,0,0,0.69,0,0,,33,36.1,59,0,2,6,0,1,3,5,-2,-1.38,-0.99,0,3,0,0,5,0,0,,,0,,,,,,,,,,,,,,,,,,
Besfort Zeneli,Sweden,Sweden,MF,23,2002,Union SG,2,0,60,0.7,0,0,0,0,0,0,0,0,0,0,0,0,0,1,1,100,1.5,1.5,0,0,30,16.7,,0,2,30,2,0,1,2,-1,-1.5,-0.9,0,1,0,0,1,1,0,,,0,,,,,,,,,,,,,,,,,,
Carl Starfelt,Sweden,Sweden,DF,31,1995,Celta Vigo,1,0,4,0,0,0,0,0,0,0,0,0,0,0,0,0,0,0,0,,0,0,,,4,1.1,,0,1,4,3,1,0,0,0,0,0.76,0,0,0,0,0,0,0,,,0,,,,,,,,,,,,,,,,,,
Daniel Svensson,Sweden,Sweden,DF,24,2002,Dortmund,3,1,98,1.1,0,0,0,0,0,0,0,0,0,0,0,0,0,1,0,0,0.92,0,0,,33,27.2,81,0,2,9,1,1.33,1,3,-2,-1.84,-1.49,0,0,0,1,2,1,2,,,0,,,,,,,,,,,,,,,,,,
Elliot Stroud,Sweden,Sweden,MF,23,2002,Mj?llby,4,2,166,1.8,0,0,0,0,0,0,0,0,0,0,0,0,0,1,0,0,0.54,0,0,,42,46.1,70,0,2,14,0,1,3,3,0,0,1.39,0,3,1,0,4,3,0,,,0,,,,,,,,,,,,,,,,,,
Eric Smith,Sweden,Sweden,"DF,MF",29,1997,,0,0,,,,,,,,,,,,,,,,,,,,,,,,,,0,0,,4,,,,,,,,,,,,,,,,,,,,,,,,,,,,,,,,,,
Gabriel Gudmundsson,Sweden,Sweden,"MF,DF",27,1999,Leeds United,4,4,330,3.7,0,0,0,0,0,0,1,0,0,0,0,0,0,0,0,,0,0,,,83,91.7,83,1,0,,0,1,5,10,-5,-1.36,-7.36,0,5,7,0,4,5,3,,,0,,,,,,,,,,,,,,,,,,
Gustaf Lagerbielke,Sweden,Sweden,DF,26,2000,Braga,4,4,360,4,0,0,0,0,0,0,0,0,0,0,0,0,0,3,1,33.3,0.75,0.25,0,0,90,100,90,4,0,,0,1,7,10,-3,-0.75,,0,1,3,1,1,5,5,,,0,,,,,,,,,,,,,,,,,,
Gustaf Nilsson,Sweden,Sweden,FW,29,1997,Club Brugge,1,0,2,0,0,0,0,0,0,0,0,0,0,0,0,0,0,1,0,0,45,0,0,,2,0.6,,0,1,2,3,0,0,0,0,0,0.75,0,0,0,0,0,0,0,,,0,,,,,,,,,,,,,,,,,,
Herman Johansson,Sweden,Sweden,MF,28,1997,,0,0,,,,,,,,,,,,,,,,,,,,,,,,,,0,0,,4,,,,,,,,,,,,,,,,,,,,,,,,,,,,,,,,,,
Hjalmar Ekdal,Sweden,Sweden,DF,27,1998,,0,0,,,,,,,,,,,,,,,,,,,,,,,,,,0,0,,4,,,,,,,,,,,,,,,,,,,,,,,,,,,,,,,,,,
Isak Hien,Sweden,Sweden,DF,27,1999,Atalanta,3,3,216,2.4,0,0,0,0,0,0,1,0,0,0,0,0,0,0,0,,0,0,,,72,60,72,2,0,,0,1.33,6,6,0,0,1.87,0,3,3,0,0,1,3,,,0,,,,,,,,,,,,,,,,,,
Jacob Widell Zetterstr?m,Sweden,Sweden,GK,27,1998,Derby County,2,2,180,2,0,0,0,0,0,0,0,0,0,0,0,0,0,0,0,,0,0,,,90,50,90,2,0,,2,0.5,1,4,-3,-1.5,-1.5,0,0,0,0,0,0,0,,,0,2,2,180,4,2,15,11,73.3,0,1,1,0,0,0,0,0,0,
Jesper Karlstr?m,Sweden,Sweden,MF,30,1995,Udinese,2,2,138,1.5,0,0,0,0,0,0,0,0,0,0,0,0,0,1,0,0,0.65,0,0,,69,38.3,69,0,0,,2,1.5,4,5,-1,-0.65,0.16,0,3,0,0,0,1,3,,,0,,,,,,,,,,,,,,,,,,
Ken Sema,Sweden,Sweden,"FW,MF",32,1993,,1,0,16,0.2,0,0,0,0,0,0,0,0,0,0,0,0,0,1,0,0,5.63,0,0,,16,4.4,,0,1,16,3,1,0,0,0,0,0.78,0,0,1,0,0,0,1,,,0,,,,,,,,,,,,,,,,,,
Kristoffer Nordfeldt,Sweden,Sweden,GK,36,1989,AIK Stockholm,2,2,180,2,0,0,0,0,0,0,0,0,0,0,0,0,0,0,0,,0,0,,,90,50,90,2,0,,2,1.5,6,6,0,0,1.5,0,0,0,0,0,0,0,,,0,2,2,180,6,3,9,3,33.3,1,0,1,0,0,0,0,0,0,
Lucas Bergvall,Sweden,Sweden,MF,20,2006,Tottenham,4,1,181,2,0,1,1,0,0,0,1,0,0,0.5,0.5,0,0.5,2,0,0,0.99,0,0,,45,50.3,65,0,3,39,0,1,4,4,0,0,1.51,0,7,4,0,3,2,2,,,0,,,,,,,,,,,,,,,,,,
Mattias Svanberg,Sweden,Sweden,MF,27,1999,Wolfsburg,2,0,16,0.2,1,0,1,1,0,0,0,0,5.63,0,5.63,5.63,5.63,3,2,66.7,16.88,11.25,0.33,0.5,8,4.4,,0,2,8,2,1.5,1,0,1,5.63,6.67,0,0,1,0,0,1,1,,,0,,,,,,,,,,,,,,,,,,
Taha Ali,Sweden,Sweden,"FW,MF",27,1998,Malm?,2,0,37,0.4,0,0,0,0,0,0,0,0,0,0,0,0,0,0,0,,0,0,,,19,10.3,,0,2,19,2,0,0,2,-2,-4.86,-4.59,0,0,2,0,1,0,0,,,0,,,,,,,,,,,,,,,,,,
Victor Lindel?f,Sweden,Sweden,"DF,MF",31,1994,Aston Villa,4,4,356,4,0,0,0,0,0,0,0,0,0,0,0,0,0,2,0,0,0.51,0,0,,89,98.9,89,3,0,,0,1,7,10,-3,-0.76,-0.76,0,3,0,0,0,4,1,,,0,,,,,,,,,,,,,,,,,,
Viktor Gy?keres,Sweden,Sweden,FW,28,1998,Arsenal,4,4,360,4,1,2,3,1,0,0,1,0,0.25,0.5,0.75,0.25,0.75,12,6,50,3,1.5,0.08,0.17,90,100,90,4,0,,0,1,7,10,-3,-0.75,,0,4,7,1,1,0,1,,,0,,,,,,,,,,,,,,,,,,
Viktor Johansson,Sweden,Sweden,GK,27,1998,,0,0,,,,,,,,,,,,,,,,,,,,,,,,,,0,0,,4,,,,,,,,,,,,,,,,,,,,,,,,,,,,,,,,,,
Yasin Ayari,Sweden,Sweden,MF,22,2003,Brighton,4,4,339,3.8,2,0,2,2,0,0,1,0,0.53,0,0.53,0.53,0.53,7,3,42.9,1.86,0.8,0.29,0.67,85,94.2,85,2,0,,0,1,7,9,-2,-0.53,3.75,0,4,8,0,19,3,4,,,0,,,,,,,,,,,,,,,,,,
Ardon Jashari,Switzerland,Switzerland,MF,23,2002,Milan,3,1,72,0.8,0,0,0,0,0,0,0,0,0,0,0,0,0,2,0,0,2.5,0,0,,24,12,45,0,2,14,3,0.67,0,3,-3,-3.75,-4.94,0,2,1,0,1,0,0,,,0,,,,,,,,,,,,,,,,,,
Aur?le Amenda,Switzerland,Switzerland,DF,22,2003,,0,0,,,,,,,,,,,,,,,,,,,,,,,,,,0,0,,6,,,,,,,,,,,,,,,,,,,,,,,,,,,,,,,,,,
Breel Embolo,Switzerland,Switzerland,FW,29,1997,Rennes,6,6,501,5.6,2,2,4,1,1,1,2,1,0.36,0.36,0.72,0.18,0.54,10,5,50,1.8,0.9,0.1,0.2,84,83.5,84,1,0,,0,1.83,8,3,5,0.9,1.81,1,9,11,4,1,2,0,,,0,,,,,,,,,,,,,,,,,,
Cedric Itten,Switzerland,Switzerland,"FW,MF",29,1996,D?sseldorf,3,0,42,0.5,0,0,0,0,0,0,0,0,0,0,0,0,0,0,0,,0,0,,,14,7,,0,3,14,3,2.33,2,1,1,2.14,1.66,0,4,2,0,1,0,0,,,0,,,,,,,,,,,,,,,,,,
Christian Fassnacht,Switzerland,Switzerland,"FW,MF",32,1993,Young Boys,1,0,6,0.1,0,0,0,0,0,0,0,0,0,0,0,0,0,0,0,,0,0,,,6,1,,0,1,6,5,3,0,0,0,0,-0.61,0,0,0,0,0,0,1,,,0,,,,,,,,,,,,,,,,,,
Dan Ndoye,Switzerland,Switzerland,"MF,FW",25,2000,Nottingham,6,5,406,4.5,2,0,2,2,0,0,0,0,0.44,0,0.44,0.44,0.44,16,8,50,3.55,1.77,0.13,0.25,68,67.7,79,0,1,11,0,1.83,4,1,3,0.67,0.2,0,5,16,4,11,4,5,,,0,,,,,,,,,,,,,,,,,,
Denis Zakaria,Switzerland,Switzerland,DF,29,1996,Monaco,4,4,357,4,0,0,0,0,0,0,2,0,0,0,0,0,0,5,2,40,1.26,0.5,0,0,89,59.5,89,1,0,,2,1.25,4,2,2,0.5,-0.24,0,4,0,1,13,9,5,,,0,,,,,,,,,,,,,,,,,,
Djibril Sow,Switzerland,Switzerland,MF,29,1997,Sevilla,4,2,253,2.8,0,0,0,0,0,0,0,0,0,0,0,0,0,2,1,50,0.71,0.36,0,0,63,42.2,79,0,2,48,2,1.75,7,2,5,1.78,2.04,0,5,4,0,3,2,1,,,0,,,,,,,,,,,,,,,,,,
Eray C?mert,Switzerland,Switzerland,DF,28,1998,Valencia,1,0,31,0.3,0,0,0,0,0,0,0,0,0,0,0,0,0,0,0,,0,0,,,31,5.2,,0,1,31,5,0,0,2,-2,-5.81,-6.76,0,0,0,0,0,0,0,,,0,,,,,,,,,,,,,,,,,,
Fabian Rieder,Switzerland,Switzerland,"MF,FW",24,2002,Augsburg,5,3,302,3.4,0,0,0,0,0,0,0,0,0,0,0,0,0,7,2,28.6,2.09,0.6,0,0,60,50.3,86,0,2,23,1,1.6,1,2,-1,-0.3,-1.81,0,3,6,0,13,1,3,,,0,,,,,,,,,,,,,,,,,,
Granit Xhaka,Switzerland,Switzerland,MF,33,1992,Sunderland,6,6,600,6.7,1,0,1,0,1,1,2,0,0.15,0,0.15,0,0,9,2,22.2,1.35,0.3,0,0,100,100,100,6,0,,0,1.83,10,6,4,0.6,,0,4,12,0,4,4,4,,,0,,,,,,,,,,,,,,,,,,
Gregor Kobel,Switzerland,Switzerland,GK,28,1997,Dortmund,6,6,600,6.7,0,0,0,0,0,0,0,0,0,0,0,0,0,0,0,,0,0,,,100,100,100,6,0,,0,1.83,10,6,4,0.6,,0,0,3,0,0,0,0,,,0,6,6,600,6,0.9,26,20,76.9,3,2,1,2,33.3,0,0,0,0,
Johan Manzambi,Switzerland,Switzerland,"MF,FW",20,2005,Freiburg,4,2,199,2.2,3,2,5,3,0,0,0,0,1.36,0.9,2.26,1.36,2.26,6,3,50,2.71,1.36,0.5,1,50,33.2,77,0,2,23,0,2.5,8,3,5,2.26,2.49,0,3,3,1,3,0,0,,,0,,,,,,,,,,,,,,,,,,
Luca Jaquez,Switzerland,Switzerland,DF,23,2003,Stuttgart,2,1,78,0.9,0,0,0,0,0,0,0,0,0,0,0,0,0,0,0,,0,0,,,39,13,73,0,1,5,2,3,4,1,3,3.46,3.29,0,3,1,0,2,1,0,,,0,,,,,,,,,,,,,,,,,,
Manuel Akanji,Switzerland,Switzerland,DF,30,1995,Inter,6,6,600,6.7,0,0,0,0,0,0,0,0,0,0,0,0,0,1,1,100,0.15,0.15,0,0,100,100,100,6,0,,0,1.83,10,6,4,0.6,,0,4,4,0,0,6,9,,,0,,,,,,,,,,,,,,,,,,
Marvin Keller,Switzerland,Switzerland,GK,23,2002,,0,0,,,,,,,,,,,,,,,,,,,,,,,,,,0,0,,6,,,,,,,,,,,,,,,,,,,,,,,,,,,,,,,,,,
Michel Aebischer,Switzerland,Switzerland,"MF,FW",29,1997,Pisa,4,2,156,1.7,0,0,0,0,0,0,0,0,0,0,0,0,0,2,1,50,1.15,0.58,0,0,39,26,68,0,2,11,1,2.5,1,1,0,0,-0.81,0,3,2,0,6,0,1,,,0,,,,,,,,,,,,,,,,,,
Miro Muheim,Switzerland,Switzerland,"DF,MF",28,1998,Hamburger SV,3,0,87,1,0,0,0,0,0,0,1,0,0,0,0,0,0,0,0,,0,0,,,29,14.5,,0,3,29,1,0.67,0,3,-3,-3.1,-4.33,0,1,3,0,2,2,1,,,0,,,,,,,,,,,,,,,,,,
Nico Elvedi,Switzerland,Switzerland,DF,29,1996,Gladbach,6,6,600,6.7,0,0,0,0,0,0,1,0,0,0,0,0,0,3,0,0,0.45,0,0,,100,100,100,6,0,,0,1.83,10,6,4,0.6,,0,5,6,0,0,6,2,,,0,,,,,,,,,,,,,,,,,,
Noah Okafor,Switzerland,Switzerland,"FW,MF",26,2000,Leeds United,1,0,20,0.2,0,0,0,0,0,0,0,0,0,0,0,0,0,1,0,0,4.5,0,0,,20,3.3,,0,1,20,5,3,0,0,0,0,-0.62,0,0,0,0,0,0,1,,,0,,,,,,,,,,,,,,,,,,
Remo Freuler,Switzerland,Switzerland,MF,34,1992,Bologna,6,6,592,6.6,0,0,0,0,0,0,0,0,0,0,0,0,0,2,1,50,0.3,0.15,0,0,99,98.7,99,4,0,,0,1.83,10,4,6,0.91,23.41,0,8,3,1,5,8,5,,,0,,,,,,,,,,,,,,,,,,
Ricardo Rodr?guez,Switzerland,Switzerland,DF,33,1992,Real Betis,6,6,517,5.7,0,1,1,0,0,0,0,0,0,0.17,0.17,0,0.17,1,0,0,0.17,0,0,,86,86.2,86,3,0,,0,1.83,10,3,7,1.22,4.47,0,11,2,0,19,4,7,,,0,,,,,,,,,,,,,,,,,,
Ruben Vargas,Switzerland,Switzerland,MF,27,1998,Sevilla,6,3,284,3.2,2,1,3,2,0,0,0,0,0.63,0.32,0.95,0.63,0.95,6,4,66.7,1.9,1.27,0.33,0.5,47,47.3,76,0,3,19,0,1.83,9,3,6,1.9,2.47,0,6,6,2,23,2,2,,,0,,,,,,,,,,,,,,,,,,
Silvan Widmer,Switzerland,Switzerland,DF,33,1993,Mainz 05,5,1,175,1.9,0,0,0,0,0,0,0,0,0,0,0,0,0,0,0,,0,0,,,35,29.2,85,0,4,23,1,2,2,3,-1,-0.51,-1.57,0,2,0,0,4,1,4,,,0,,,,,,,,,,,,,,,,,,
Yvon Mvogo,Switzerland,Switzerland,GK,32,1994,,0,0,,,,,,,,,,,,,,,,,,,,,,,,,,0,0,,6,,,,,,,,,,,,,,,,,,,,,,,,,,,,,,,,,,
Zeki Amdouni,Switzerland,Switzerland,"FW,MF",25,2000,Burnley,4,0,73,0.8,0,0,0,0,0,0,0,0,0,0,0,0,0,1,0,0,1.23,0,0,,18,12.2,,0,4,18,2,1.25,0,3,-3,-3.7,-4.89,0,5,4,0,0,0,1,,,0,,,,,,,,,,,,,,,,,,
Adem Arous,Tunisia,Tunisia,DF,21,2004,,0,0,,,,,,,,,,,,,,,,,,,,,,,,,,0,0,,2,,,,,,,,,,,,,,,,,,,,,,,,,,,,,,,,,,
Ali Abdi,Tunisia,Tunisia,DF,32,1993,Nice,3,3,269,3,0,0,0,0,0,0,0,0,0,0,0,0,0,1,0,0,0.33,0,0,,90,99.6,90,2,0,,0,0,2,12,-10,-3.35,-3.35,0,4,1,0,4,4,8,,,0,,,,,,,,,,,,,,,,,,
Anis Ben Slimane,Tunisia,Tunisia,"MF,FW",25,2001,Norwich City,3,3,240,2.7,0,0,0,0,0,0,0,0,0,0,0,0,0,1,1,100,0.37,0.37,0,0,80,88.9,80,1,0,,0,0,2,11,-9,-3.38,-0.38,0,0,0,2,6,2,2,,,0,,,,,,,,,,,,,,,,,,
Aymen Dahmen,Tunisia,Tunisia,GK,29,1997,,2,2,180,2,0,0,0,0,0,0,0,0,0,0,0,0,0,0,0,,0,0,,,90,66.7,90,2,0,,1,0,1,7,-6,-3,1,0,0,1,0,0,0,0,,,0,2,2,180,7,3.5,12,5,41.7,0,0,2,0,0,0,0,0,0,
Dylan Bronn,Tunisia,Tunisia,DF,30,1995,Servette FC,1,1,45,0.5,0,0,0,0,0,0,0,0,0,0,0,0,0,0,0,,0,0,,,45,16.7,45,0,0,,2,0,0,2,-2,-4,-0.8,0,1,0,0,0,1,0,,,0,,,,,,,,,,,,,,,,,,
Elias Achouri,Tunisia,Tunisia,"FW,MF",27,1999,FC Copenhagen,3,0,43,0.5,0,0,0,0,0,0,0,0,0,0,0,0,0,3,1,33.3,6.28,2.09,0,0,14,15.9,,0,3,14,0,0,0,2,-2,-4.19,-1.01,0,0,1,1,0,0,2,,,0,,,,,,,,,,,,,,,,,,
Elias Saad,Tunisia,Tunisia,"MF,FW",26,1999,Hannover 96,2,2,116,1.3,0,0,0,0,0,0,0,0,0,0,0,0,0,1,0,0,0.78,0,0,,58,43,58,0,0,,1,0,1,5,-4,-3.1,0.4,0,1,3,1,2,0,1,,,0,,,,,,,,,,,,,,,,,,
Ellyes Skhiri,Tunisia,Tunisia,"MF,DF",31,1995,Frankfurt,3,3,250,2.8,0,0,0,0,0,0,0,0,0,0,0,0,0,0,0,,0,0,,,83,92.6,83,1,0,,0,0,2,10,-8,-2.88,6.12,0,0,1,0,0,2,1,,,1,,,,,,,,,,,,,,,,,,
Firas Chaouat,Tunisia,Tunisia,FW,30,1996,,3,0,49,0.5,0,0,0,0,0,0,0,0,0,0,0,0,0,0,0,,0,0,,,16,18.1,,0,3,16,0,0,0,3,-3,-5.51,-2.66,0,1,2,3,0,0,0,,,0,,,,,,,,,,,,,,,,,,
Hadj Mahmoud,Tunisia,Tunisia,MF,26,2000,Lugano,2,0,43,0.5,0,0,0,0,0,0,0,0,0,0,0,0,0,0,0,,0,0,,,22,15.9,,0,2,22,1,0,0,2,-2,-4.19,-1.01,0,2,0,0,0,0,2,,,0,,,,,,,,,,,,,,,,,,
Hannibal Mejbri,Tunisia,Tunisia,MF,23,2003,Burnley,3,3,270,3,0,2,2,0,0,0,0,0,0,0.67,0.67,0,0.67,3,1,33.3,1,0.33,0,0,90,100,90,3,0,,0,0,2,12,-10,-3.33,,0,4,15,0,10,1,4,,,0,,,,,,,,,,,,,,,,,,
Hazem Mastouri,Tunisia,Tunisia,FW,28,1997,D. Makhachkala,1,1,89,1,1,0,1,1,0,0,0,0,1.01,0,1.01,1.01,1.01,3,2,66.7,3.03,2.02,0.33,0.5,89,33,89,0,0,,2,0,1,3,-2,-2.02,1.96,0,2,2,0,1,1,0,,,0,,,,,,,,,,,,,,,,,,
Isma?l Gharbi,Tunisia,Tunisia,MF,22,2004,Augsburg,3,1,127,1.4,0,0,0,0,0,0,0,0,0,0,0,0,0,3,0,0,2.13,0,0,,42,47,74,0,2,27,0,0,1,7,-6,-4.25,-1.73,0,0,2,0,1,1,1,,,0,,,,,,,,,,,,,,,,,,
Khalil Ayari,Tunisia,Tunisia,FW,21,2005,,0,0,,,,,,,,,,,,,,,,,,,,,,,,,,0,0,,3,,,,,,,,,,,,,,,,,,,,,,,,,,,,,,,,,,
Mohamed Amine Ben Hamida,Tunisia,Tunisia,DF,30,1995,,3,2,202,2.2,0,0,0,0,0,0,0,0,0,0,0,0,0,0,0,,0,0,,,67,74.8,79,1,1,45,0,0,2,10,-8,-3.56,-0.92,0,3,1,0,1,1,9,,,0,,,,,,,,,,,,,,,,,,
Montassar Talbi,Tunisia,Tunisia,DF,28,1998,Lorient,3,3,270,3,0,0,0,0,0,0,0,0,0,0,0,0,0,1,0,0,0.33,0,0,,90,100,90,3,0,,0,0,2,12,-10,-3.33,,0,1,1,0,0,5,2,,,0,,,,,,,,,,,,,,,,,,
Mortadha Ben Ouanes,Tunisia,Tunisia,"DF,MF",31,1994,Kas©¥mpa?a,1,0,23,0.3,0,0,0,0,0,0,0,0,0,0,0,0,0,0,0,,0,0,,,23,8.5,,0,1,23,2,0,0,0,0,0,3.64,0,0,1,0,0,0,0,,,0,,,,,,,,,,,,,,,,,,
Mouhib Chamakh,Tunisia,Tunisia,GK,24,2001,,1,1,90,1,0,0,0,0,0,0,0,0,0,0,0,0,0,0,0,,0,0,,,90,33.3,90,1,0,,2,0,1,5,-4,-4,-1,0,0,0,0,0,0,0,,,0,1,1,90,5,5,6,1,16.7,0,0,1,0,0,0,0,0,0,
Moutaz Neffati,Tunisia,Tunisia,DF,21,2004,,0,0,,,,,,,,,,,,,,,,,,,,,,,,,,0,0,,2,,,,,,,,,,,,,,,,,,,,,,,,,,,,,,,,,,
Omar Rekik,Tunisia,Tunisia,DF,24,2001,,2,2,180,2,1,0,1,1,0,0,0,0,0.5,0,0.5,0.5,0.5,1,1,100,0.5,0.5,1,1,90,66.7,90,2,0,,1,0,1,9,-8,-4,-2,0,0,1,1,1,3,2,,,0,,,,,,,,,,,,,,,,,,
Raed Chikhaoui,Tunisia,Tunisia,DF,22,2004,,0,0,,,,,,,,,,,,,,,,,,,,,,,,,,0,0,,3,,,,,,,,,,,,,,,,,,,,,,,,,,,,,,,,,,
Rani Khedira,Tunisia,Tunisia,MF,32,1994,Union Berlin,3,2,149,1.7,0,0,0,0,0,0,1,0,0,0,0,0,0,1,0,0,0.6,0,0,,50,55.2,74,0,1,1,0,0,2,6,-4,-2.42,2.05,0,3,0,0,0,2,1,,,0,,,,,,,,,,,,,,,,,,
Rayan Elloumi,Tunisia,Tunisia,FW,18,2007,,0,0,,,,,,,,,,,,,,,,,,,,,,,,,,0,0,,3,,,,,,,,,,,,,,,,,,,,,,,,,,,,,,,,,,
Sabri Ben Hassen,Tunisia,Tunisia,GK,30,1996,,0,0,,,,,,,,,,,,,,,,,,,,,,,,,,0,0,,3,,,,,,,,,,,,,,,,,,,,,,,,,,,,,,,,,,
Sebastian Tounekti,Tunisia,Tunisia,FW,23,2002,Celtic,3,1,84,0.9,0,0,0,0,0,0,0,0,0,0,0,0,0,0,0,,0,0,,,28,31.1,64,0,2,10,0,0,0,4,-4,-4.29,-1.38,0,1,0,0,3,0,0,,,0,,,,,,,,,,,,,,,,,,
Yan Valery,Tunisia,Tunisia,DF,27,1999,Young Boys,3,3,251,2.8,0,0,0,0,0,0,0,0,0,0,0,0,0,0,0,,0,0,,,84,93,84,2,0,,0,0,2,10,-8,-2.87,6.61,0,4,0,1,7,4,1,,,0,,,,,,,,,,,,,,,,,,
Abd?lkerim Bardakc©¥,T?rkiye,Turkey,DF,31,1994,Galatasaray,3,3,265,2.9,0,0,0,0,0,0,0,0,0,0,0,0,0,3,1,33.3,1.02,0.34,0,0,88,98.1,88,2,0,,0,1,3,5,-2,-0.68,-0.68,0,1,3,0,7,2,5,,,0,,,,,,,,,,,,,,,,,,
Altay Bay©¥nd©¥r,T?rkiye,Turkey,GK,28,1998,,0,0,,,,,,,,,,,,,,,,,,,,,,,,,,0,0,,3,,,,,,,,,,,,,,,,,,,,,,,,,,,,,,,,,,
Arda G?ler,T?rkiye,Turkey,MF,21,2005,Real Madrid,3,3,270,3,1,0,1,1,0,0,0,0,0.33,0,0.33,0.33,0.33,12,4,33.3,4,1.33,0.08,0.25,90,100,90,3,0,,0,1,3,5,-2,-0.67,,0,3,10,2,14,2,3,,,0,,,,,,,,,,,,,,,,,,
Bar©¥? Alper Y©¥lmaz,T?rkiye,Turkey,"MF,FW",26,2000,Galatasaray,3,2,179,2,1,1,2,1,0,0,0,0,0.5,0.5,1.01,0.5,1.01,2,1,50,1.01,0.5,0.5,1,60,66.3,67,0,1,45,0,1,2,3,-1,-0.5,0.49,0,4,1,2,15,0,0,,,0,,,,,,,,,,,,,,,,,,
Can Uzun,T?rkiye,Turkey,MF,20,2005,Frankfurt,2,0,38,0.4,0,1,1,0,0,0,0,0,0,2.37,2.37,0,2.37,4,1,25,9.47,2.37,0,0,19,14.1,,0,2,19,1,1.5,1,0,1,2.37,3.53,0,0,1,0,0,0,0,,,0,,,,,,,,,,,,,,,,,,
Deniz G?l,T?rkiye,Turkey,FW,21,2004,Porto,2,0,37,0.4,0,0,0,0,0,0,0,0,0,0,0,0,0,2,1,50,4.86,2.43,0,0,19,13.7,,0,2,19,1,0,0,0,0,0,0.77,0,2,0,0,0,0,0,,,0,,,,,,,,,,,,,,,,,,
Eren Elmal©¥,T?rkiye,Turkey,DF,25,2000,Galatasaray,2,1,111,1.2,0,0,0,0,0,0,1,0,0,0,0,0,0,0,0,,0,0,,,56,41.1,90,1,1,21,1,1.5,3,2,1,0.81,2.51,0,2,1,0,1,2,1,,,0,,,,,,,,,,,,,,,,,,
Ferdi Kadioglu,T?rkiye,Turkey,DF,26,1999,Brighton,2,2,159,1.8,0,0,0,0,0,0,0,0,0,0,0,0,0,1,0,0,0.57,0,0,,80,58.9,80,1,0,,1,0,0,3,-3,-1.7,-2.51,0,0,3,0,4,1,2,,,0,,,,,,,,,,,,,,,,,,
Hakan ?alhano?lu,T?rkiye,Turkey,MF,32,1994,Inter,2,2,180,2,0,0,0,0,0,0,0,0,0,0,0,0,0,11,2,18.2,5.5,1,0,0,90,66.7,90,2,0,,1,0,0,3,-3,-1.5,-2.5,0,2,1,0,10,1,3,,,0,,,,,,,,,,,,,,,,,,
Kaan Ayhan,T?rkiye,Turkey,"DF,MF",31,1994,Galatasaray,1,0,3,0,1,0,1,1,0,0,0,0,30,0,30,30,30,1,1,100,30,30,1,1,3,1.1,,0,1,3,2,3,1,0,1,30,31.01,0,0,0,0,0,0,0,,,0,,,,,,,,,,,,,,,,,,
Kenan Y©¥ld©¥z,T?rkiye,Turkey,MF,21,2005,Juventus,3,2,218,2.4,0,0,0,0,0,0,0,0,0,0,0,0,0,14,1,7.1,5.78,0.41,0,0,73,80.7,87,1,1,45,0,1,2,4,-2,-0.83,-0.83,0,2,4,0,6,1,2,,,0,,,,,,,,,,,,,,,,,,
Kerem Akt?rko?lu,T?rkiye,Turkey,FW,27,1998,Fenerbah?e,2,2,129,1.4,0,0,0,0,0,0,0,0,0,0,0,0,0,3,1,33.3,2.09,0.7,0,0,65,47.8,65,0,0,,1,0,0,3,-3,-2.09,-2.73,0,0,2,0,1,0,1,,,0,,,,,,,,,,,,,,,,,,
Merih Demiral,T?rkiye,Turkey,DF,28,1998,Al-Ahli,2,2,180,2,0,0,0,0,0,0,0,0,0,0,0,0,0,6,2,33.3,3,1,0,0,90,66.7,90,2,0,,1,0,0,3,-3,-1.5,-2.5,0,2,1,3,1,1,1,,,0,,,,,,,,,,,,,,,,,,
Mert G?nok,T?rkiye,Turkey,GK,37,1989,,0,0,,,,,,,,,,,,,,,,,,,,,,,,,,0,0,,3,,,,,,,,,,,,,,,,,,,,,,,,,,,,,,,,,,
Mert M?ld?r,T?rkiye,Turkey,DF,27,1999,Fenerbah?e,3,1,101,1.1,0,0,0,0,0,0,0,0,0,0,0,0,0,3,0,0,2.67,0,0,,34,37.4,90,1,2,6,0,1,1,1,0,0,1.07,0,1,2,0,6,1,2,,,0,,,,,,,,,,,,,,,,,,
Orkun K?k??,T?rkiye,Turkey,MF,25,2000,Be?ikta?,3,2,153,1.7,0,1,1,0,0,0,0,0,0,0.59,0.59,0,0.59,3,0,0,1.76,0,0,,51,56.7,74,0,1,5,0,1,2,3,-1,-0.59,0.18,0,2,4,0,6,0,1,,,0,,,,,,,,,,,,,,,,,,
Ozan Kabak,T?rkiye,Turkey,DF,26,2000,Hoffenheim,1,1,90,1,0,0,0,0,0,0,0,0,0,0,0,0,0,0,0,,0,0,,,90,33.3,90,1,0,,2,3,3,2,1,1,2.5,0,3,0,0,1,0,2,,,0,,,,,,,,,,,,,,,,,,
O?uz Ayd©¥n,T?rkiye,Turkey,DF,25,2000,Fenerbah?e,1,1,89,1,0,0,0,0,0,0,0,0,0,0,0,0,0,0,0,,0,0,,,89,33,89,0,0,,2,3,2,2,0,0,0.99,0,0,2,0,3,0,6,,,0,,,,,,,,,,,,,,,,,,
Salih ?zcan,T?rkiye,Turkey,MF,28,1998,Dortmund,2,1,100,1.1,0,0,0,0,0,0,0,0,0,0,0,0,0,0,0,,0,0,,,50,37,90,1,1,10,1,1.5,3,2,1,0.9,2.49,0,2,2,0,1,4,1,,,0,,,,,,,,,,,,,,,,,,
Samet Akayd©¥n,T?rkiye,Turkey,DF,32,1994,,0,0,,,,,,,,,,,,,,,,,,,,,,,,,,0,0,,3,,,,,,,,,,,,,,,,,,,,,,,,,,,,,,,,,,
U?urcan ?ak©¥r,T?rkiye,Turkey,GK,30,1996,Galatasaray,3,3,270,3,0,0,0,0,0,0,0,0,0,0,0,0,0,0,0,,0,0,,,90,100,90,3,0,,0,1,3,5,-2,-0.67,,0,0,0,0,0,0,0,,,0,3,3,270,5,1.67,13,8,61.5,1,0,2,0,0,0,0,0,0,
Yunus Akg?n,T?rkiye,Turkey,MF,25,2000,Galatasaray,2,1,88,1,0,0,0,0,0,0,1,0,0,0,0,0,0,0,0,,0,0,,,44,32.6,59,0,1,29,1,0,0,2,-2,-2.05,-2.05,0,2,1,0,2,0,0,,,0,,,,,,,,,,,,,,,,,,
Zeki ?elik,T?rkiye,Turkey,DF,29,1997,Roma,2,2,163,1.8,0,0,0,0,0,0,0,0,0,0,0,0,0,1,1,100,0.55,0.55,0,0,82,60.4,82,0,0,,1,1.5,2,4,-2,-1.1,-1.1,0,1,0,0,1,1,3,,,0,,,,,,,,,,,,,,,,,,
?a?lar S?y?nc?,T?rkiye,Turkey,DF,30,1996,Fenerbah?e,1,0,7,0.1,0,0,0,0,0,0,0,0,0,0,0,0,0,0,0,,0,0,,,7,2.6,,0,1,7,2,3,1,0,1,12.86,13.88,0,0,0,0,0,0,0,,,0,,,,,,,,,,,,,,,,,,
?rfan Can Kahveci,T?rkiye,Turkey,MF,30,1995,Kas©¥mpa?a,1,0,1,0,0,0,0,0,0,0,0,0,0,0,0,0,0,0,0,,0,0,,,1,0.4,,0,1,1,2,3,1,0,1,90,91,0,0,0,0,0,0,1,,,0,,,,,,,,,,,,,,,,,,
?smail Y?ksek,T?rkiye,Turkey,MF,27,1999,Fenerbah?e,2,2,139,1.5,0,0,0,0,0,0,0,0,0,0,0,0,0,5,0,0,3.24,0,0,,70,51.5,70,0,0,,1,0,0,3,-3,-1.94,-2.63,0,2,0,0,0,2,5,,,0,,,,,,,,,,,,,,,,,,
Alejandro Zendejas,United States,United States,"FW,MF",28,1998,Am?rica,1,0,14,0.2,0,0,0,0,0,0,0,0,0,0,0,0,0,1,0,0,6.43,0,0,,14,3.1,,0,1,14,4,0,0,1,-1,-6.43,-7.25,0,1,0,0,1,0,1,,,0,,,,,,,,,,,,,,,,,,
Alex Freeman,United States,United States,DF,21,2004,Villarreal,5,4,374,4.2,1,1,2,1,0,0,0,0,0.24,0.24,0.48,0.24,0.48,4,1,25,0.96,0.24,0.25,1,75,83.1,90,4,1,14,0,1.8,9,6,3,0.72,0.72,0,1,1,0,4,7,6,,,0,,,,,,,,,,,,,,,,,,
Antonee Robinson,United States,United States,"DF,MF",28,1997,Fulham,4,4,348,3.9,0,0,0,0,0,0,1,0,0,0,0,0,0,0,0,,0,0,,,87,77.3,87,2,0,,1,2.25,9,4,5,1.29,3.06,0,4,1,0,18,6,4,,,0,,,,,,,,,,,,,,,,,,
Auston Trusty,United States,United States,DF,27,1998,Celtic,2,1,101,1.1,1,0,1,1,0,0,0,0,0.89,0,0.89,0.89,0.89,3,2,66.7,2.67,1.78,0.33,0.5,51,22.4,90,1,1,11,3,1.5,2,3,-1,-0.89,-1.92,0,2,0,0,2,4,1,,,0,,,,,,,,,,,,,,,,,,
Brenden Aaronson,United States,United States,MF,25,2000,Leeds United,1,1,76,0.8,0,0,0,0,0,0,0,0,0,0,0,0,0,3,1,33.3,3.55,1.18,0,0,76,16.9,76,0,0,,4,0,2,2,0,0,-0.72,0,2,1,0,1,0,1,,,0,,,,,,,,,,,,,,,,,,
Chris Brady,United States,United States,GK,22,2004,,0,0,,,,,,,,,,,,,,,,,,,,,,,,,,0,0,,5,,,,,,,,,,,,,,,,,,,,,,,,,,,,,,,,,,
Chris Richards,United States,United States,DF,26,2000,Crystal Palace,4,4,360,4,0,0,0,0,0,0,1,0,0,0,0,0,0,1,0,0,0.25,0,0,,90,80,90,4,0,,1,2.25,9,5,4,1,2,0,8,3,0,0,4,3,,,0,,,,,,,,,,,,,,,,,,
Christian Pulisic,United States,United States,MF,27,1998,Milan,4,3,223,2.5,0,1,1,0,0,0,0,0,0,0.4,0.4,0,0.4,4,2,50,1.61,0.81,0,0,56,49.6,63,0,1,33,0,1.5,6,4,2,0.81,0.41,0,1,8,2,4,0,1,,,0,,,,,,,,,,,,,,,,,,
Cristian Roldan,United States,United States,MF,31,1995,,0,0,,,,,,,,,,,,,,,,,,,,,,,,,,0,0,,2,,,,,,,,,,,,,,,,,,,,,,,,,,,,,,,,,,
Folarin Balogun,United States,United States,FW,24,2001,Monaco,4,4,312,3.5,3,0,3,3,0,0,1,1,0.87,0,0.87,0.87,0.87,14,5,35.7,4.04,1.44,0.21,0.6,78,69.3,78,0,0,,1,2.25,7,3,4,1.15,1.81,0,3,8,3,0,1,0,,,0,,,,,,,,,,,,,,,,,,
Gio Reyna,United States,United States,MF,23,2002,Gladbach,5,1,131,1.5,1,0,1,1,0,0,0,0,0.69,0,0.69,0.69,0.69,2,1,50,1.37,0.69,0.5,1,26,29.1,75,0,4,14,0,1.8,3,4,-1,-0.69,-1.82,0,1,3,0,1,0,0,,,0,,,,,,,,,,,,,,,,,,
Haji Wright,United States,United States,"FW,MF",28,1998,Coventry City,2,0,2,0,0,0,0,0,0,0,0,0,0,0,0,0,0,0,0,,0,0,,,1,0.4,,0,2,1,3,1.5,0,1,-1,-45,-45.8,0,0,0,1,0,0,0,,,0,,,,,,,,,,,,,,,,,,
Joe Scally,United States,United States,DF,23,2002,Gladbach,2,1,87,1,0,0,0,0,0,0,0,0,0,0,0,0,0,0,0,,0,0,,,44,19.3,76,0,1,11,3,1.5,2,2,0,0,-0.74,0,0,2,1,4,1,1,,,0,,,,,,,,,,,,,,,,,,
Malik Tillman,United States,United States,MF,24,2002,Leverkusen,5,4,356,4,2,1,3,2,0,0,1,0,0.51,0.25,0.76,0.51,0.76,8,4,50,2.02,1.01,0.25,0.5,71,79.1,88,3,1,5,0,1.8,8,6,2,0.51,-0.45,0,3,13,0,14,5,7,,,0,,,,,,,,,,,,,,,,,,
Mark McKenzie,United States,United States,DF,27,1999,Toulouse,1,1,90,1,0,0,0,0,0,0,0,0,0,0,0,0,0,0,0,,0,0,,,90,20,90,1,0,,3,0,2,3,-1,-1,-2,0,1,1,0,0,1,1,,,0,,,,,,,,,,,,,,,,,,
Matt Freese,United States,United States,GK,27,1998,NYCFC,4,4,360,4,0,0,0,0,0,0,0,0,0,0,0,0,0,0,0,,0,0,,,90,80,90,4,0,,1,2.25,9,5,4,1,2,0,0,2,0,0,0,0,,,0,4,4,360,5,1.25,13,8,61.5,3,0,1,2,50,0,0,0,0,
Matt Turner,United States,United States,GK,31,1994,NE Revolution,1,1,90,1,0,0,0,0,0,0,0,0,0,0,0,0,0,0,0,,0,0,,,90,20,90,1,0,,4,0,2,3,-1,-1,-2,0,0,0,0,0,0,0,,,0,1,1,90,3,3,3,0,0,0,0,1,0,0,0,0,0,0,
Max Arfsten,United States,United States,MF,25,2001,Columbus Crew,1,0,1,0,0,0,0,0,0,0,0,0,0,0,0,0,0,0,0,,0,0,,,1,0.2,,0,1,1,4,0,0,1,-1,-90,-90.8,0,0,0,0,0,0,0,,,0,,,,,,,,,,,,,,,,,,
Miles Robinson,United States,United States,DF,29,1997,FC Cincinnati,1,1,90,1,0,0,0,0,0,0,0,0,0,0,0,0,0,1,0,0,1,0,0,,90,20,90,1,0,,4,0,2,3,-1,-1,-2,0,2,0,0,0,1,1,,,0,,,,,,,,,,,,,,,,,,
Ricardo Pepi,United States,United States,FW,23,2003,PSV,5,2,204,2.3,0,0,0,0,0,0,0,0,0,0,0,0,0,5,0,0,2.21,0,0,,41,45.3,82,1,3,14,0,1.8,5,5,0,0,-1.1,0,5,3,2,0,1,1,,,0,,,,,,,,,,,,,,,,,,
Sebastian Berhalter,United States,United States,MF,25,2001,Vancouver,5,1,187,2.1,1,1,2,1,0,0,1,0,0.48,0.48,0.96,0.48,0.96,3,1,33.3,1.44,0.48,0.33,1,37,41.6,90,1,4,24,0,1.8,3,5,-2,-0.96,-2.67,0,5,6,0,11,3,0,,,0,,,,,,,,,,,,,,,,,,
Sergi?o Dest,United States,United States,MF,25,2000,PSV,5,4,297,3.3,0,0,0,0,0,0,0,0,0,0,0,0,0,3,1,33.3,0.91,0.3,0,0,59,66,71,0,1,15,0,1.8,8,3,5,1.52,2.69,0,2,4,0,3,5,1,,,0,,,,,,,,,,,,,,,,,,
Tim Ream,United States,United States,DF,38,1987,Charlotte,4,4,360,4,0,0,0,0,0,0,0,0,0,0,0,0,0,0,0,,0,0,,,90,80,90,4,0,,1,2.25,9,5,4,1,2,0,0,2,0,0,6,1,,,0,,,,,,,,,,,,,,,,,,
Timothy Weah,United States,United States,MF,26,2000,Marseille,2,1,76,0.8,0,0,0,0,0,0,0,0,0,0,0,0,0,2,0,0,2.37,0,0,,38,16.9,57,0,1,19,3,1.5,3,3,0,0,-0.72,0,2,0,2,0,0,0,,,0,,,,,,,,,,,,,,,,,,
Tyler Adams,United States,United States,MF,27,1999,Bournemouth,4,4,341,3.8,0,0,0,0,0,0,1,0,0,0,0,0,0,0,0,,0,0,,,85,75.8,85,3,0,,1,2.25,9,4,5,1.32,2.97,0,5,6,0,0,8,5,,,0,,,,,,,,,,,,,,,,,,
Weston McKennie,United States,United States,MF,27,1998,Juventus,5,5,443,4.9,0,0,0,0,0,0,1,0,0,0,0,0,0,5,1,20,1.02,0.2,0,0,89,98.4,89,2,0,,0,1.8,11,7,4,0.81,13.67,0,8,2,0,11,7,7,,,0,,,,,,,,,,,,,,,,,,
Agust?n Canobbio,Uruguay,Uruguay,FW,27,1998,Fluminense,3,2,224,2.5,1,0,1,1,0,0,0,1,0.4,0,0.4,0.4,0.4,4,1,25,1.61,0.4,0.25,1,75,83,90,1,1,45,0,0.67,3,3,0,0,1.96,0,7,5,1,8,2,3,,,0,,,,,,,,,,,,,,,,,,
Brian Rodr?guez,Uruguay,Uruguay,"FW,MF",26,2000,Am?rica,3,0,41,0.5,0,0,0,0,0,0,0,0,0,0,0,0,0,3,1,33.3,6.59,2.2,0,0,14,15.2,,0,3,14,0,0.67,0,0,0,0,0.39,0,0,1,0,13,0,0,,,0,,,,,,,,,,,,,,,,,,
Darwin N??ez,Uruguay,Uruguay,FW,26,1999,Al-Hilal,3,2,156,1.7,0,0,0,0,0,0,0,0,0,0,0,0,0,2,0,0,1.15,0,0,,52,57.8,68,1,1,21,0,0.67,0,2,-2,-1.15,-1.94,0,1,1,2,1,2,1,,,0,,,,,,,,,,,,,,,,,,
Emiliano Mart?nez,Uruguay,Uruguay,MF,26,1999,,0,0,,,,,,,,,,,,,,,,,,,,,,,,,,0,0,,3,,,,,,,,,,,,,,,,,,,,,,,,,,,,,,,,,,
Facundo Pellistri,Uruguay,Uruguay,"FW,MF",24,2001,,0,0,,,,,,,,,,,,,,,,,,,,,,,,,,0,0,,3,,,,,,,,,,,,,,,,,,,,,,,,,,,,,,,,,,
Federico Valverde,Uruguay,Uruguay,MF,27,1998,Real Madrid,3,3,236,2.6,0,0,0,0,0,0,0,0,0,0,0,0,0,10,2,20,3.81,0.76,0,0,79,87.4,79,2,0,,0,0.67,3,4,-1,-0.38,-0.38,0,1,0,0,11,3,2,,,0,,,,,,,,,,,,,,,,,,
Federico Vi?as,Uruguay,Uruguay,FW,27,1998,Oviedo,3,2,192,2.1,0,0,0,0,0,0,0,0,0,0,0,0,0,6,3,50,2.81,1.41,0,0,64,71.1,79,0,1,34,0,0.67,3,3,0,0,1.15,0,3,3,3,0,1,2,,,0,,,,,,,,,,,,,,,,,,
Fernando Muslera,Uruguay,Uruguay,GK,39,1986,Galatasaray,3,3,225,2.5,0,0,0,0,0,0,0,0,0,0,0,0,0,0,0,,0,0,,,75,83.3,75,2,0,,0,0.67,3,4,-1,-0.4,-0.4,0,0,0,0,0,0,0,,,0,3,3,225,4,1.6,8,4,50,0,2,1,0,0,0,0,0,0,
Giorgian de Arrascaeta,Uruguay,Uruguay,"FW,MF",32,1994,,0,0,,,,,,,,,,,,,,,,,,,,,,,,,,0,0,,1,,,,,,,,,,,,,,,,,,,,,,,,,,,,,,,,,,
Guillermo Varela,Uruguay,Uruguay,DF,33,1993,Flamengo,3,3,270,3,0,0,0,0,0,0,1,0,0,0,0,0,0,2,0,0,0.67,0,0,,90,100,90,3,0,,0,0.67,3,4,-1,-0.33,,0,1,1,0,9,7,1,,,0,,,,,,,,,,,,,,,,,,
Joaqu?n Piquerez,Uruguay,Uruguay,"DF,MF",27,1998,,0,0,,,,,,,,,,,,,,,,,,,,,,,,,,0,0,,3,,,,,,,,,,,,,,,,,,,,,,,,,,,,,,,,,,
Jos? Mar?a Gim?nez,Uruguay,Uruguay,DF,31,1995,,0,0,,,,,,,,,,,,,,,,,,,,,,,,,,0,0,,3,,,,,,,,,,,,,,,,,,,,,,,,,,,,,,,,,,
Juan Manuel Sanabria,Uruguay,Uruguay,DF,26,2000,Atl?tico San Luis,3,2,204,2.3,0,0,0,0,0,0,1,0,0,0,0,0,0,3,0,0,1.32,0,0,,68,75.6,80,1,1,45,0,0.67,3,3,0,0,1.36,0,1,0,1,15,1,4,,,0,,,,,,,,,,,,,,,,,,
Manuel Ugarte,Uruguay,Uruguay,MF,25,2001,Manchester Utd,3,3,184,2,0,0,0,0,0,0,0,0,0,0,0,0,0,3,1,33.3,1.47,0.49,0,0,61,68.1,61,0,0,,0,0.67,2,4,-2,-0.98,-2.02,0,1,0,0,0,3,1,,,0,,,,,,,,,,,,,,,,,,
Math?as Olivera,Uruguay,Uruguay,DF,28,1997,Napoli,3,3,270,3,0,0,0,0,0,0,1,0,0,0,0,0,0,1,0,0,0.33,0,0,,90,100,90,3,0,,0,0.67,3,4,-1,-0.33,,0,3,0,0,5,2,4,,,0,,,,,,,,,,,,,,,,,,
Mat?as Vi?a,Uruguay,Uruguay,DF,28,1997,Flamengo,1,1,45,0.5,0,0,0,0,0,0,0,0,0,0,0,0,0,0,0,,0,0,,,45,16.7,45,0,0,,2,1,0,1,-1,-2,-2,0,0,1,1,2,0,0,,,0,,,,,,,,,,,,,,,,,,
Maxi Ara?jo,Uruguay,Uruguay,"FW,MF",26,2000,Sporting CP,3,3,250,2.8,2,1,3,2,0,0,0,0,0.72,0.36,1.08,0.72,1.08,4,3,75,1.44,1.08,0.5,0.67,83,92.6,83,1,0,,0,0.67,3,4,-1,-0.36,-0.36,0,2,7,6,18,0,0,,,0,,,,,,,,,,,,,,,,,,
Nicol?s De La Cruz,Uruguay,Uruguay,MF,29,1997,Flamengo,3,0,86,1,0,0,0,0,0,0,1,0,0,0,0,0,0,4,2,50,4.19,2.09,0,0,29,31.9,,0,3,29,0,0.67,1,0,1,1.05,2.02,0,2,3,0,5,2,1,,,0,,,,,,,,,,,,,,,,,,
Rodrigo Aguirre,Uruguay,Uruguay,FW,31,1994,Am?rica,1,0,1,0,0,0,0,0,0,0,0,0,0,0,0,0,0,0,0,,0,0,,,1,0.4,,0,1,1,2,1,0,0,0,0,0.33,0,0,0,0,0,0,0,,,0,,,,,,,,,,,,,,,,,,
Rodrigo Bentancur,Uruguay,Uruguay,MF,28,1997,Tottenham,3,3,270,3,0,0,0,0,0,0,1,0,0,0,0,0,0,4,0,0,1.33,0,0,,90,100,90,3,0,,0,0.67,3,4,-1,-0.33,,0,7,5,0,4,7,5,,,0,,,,,,,,,,,,,,,,,,
Rodrigo Zalazar,Uruguay,Uruguay,"FW,MF",26,1999,,0,0,,,,,,,,,,,,,,,,,,,,,,,,,,0,0,,3,,,,,,,,,,,,,,,,,,,,,,,,,,,,,,,,,,
Ronald Ara?jo,Uruguay,Uruguay,DF,27,1999,,0,0,,,,,,,,,,,,,,,,,,,,,,,,,,0,0,,1,,,,,,,,,,,,,,,,,,,,,,,,,,,,,,,,,,
Santiago Bueno,Uruguay,Uruguay,DF,27,1998,,0,0,,,,,,,,,,,,,,,,,,,,,,,,,,0,0,,3,,,,,,,,,,,,,,,,,,,,,,,,,,,,,,,,,,
Santiago Mele,Uruguay,Uruguay,GK,28,1997,,0,0,,,,,,,,,,,,,,,,,,,,,,,,,,0,0,,3,,,,,,,,,,,,,,,,,,,,,,,,,,,,,,,,,,
Sebasti?n C?ceres,Uruguay,Uruguay,DF,26,1999,Am?rica,3,3,270,3,0,0,0,0,0,0,0,0,0,0,0,0,0,3,0,0,1,0,0,,90,100,90,3,0,,0,0.67,3,4,-1,-0.33,,0,2,2,0,1,2,1,,,0,,,,,,,,,,,,,,,,,,
Sergio Rochet,Uruguay,Uruguay,GK,33,1993,Internacional,1,0,45,0.5,0,0,0,0,0,0,0,0,0,0,0,0,0,0,0,,0,0,,,45,16.7,,0,1,45,2,0,0,0,0,0,0.4,0,0,0,0,0,0,0,,,0,1,0,45,0,0,0,0,,0,0,0,0,,0,0,0,0,
Abbosbek Fayzullayev,Uzbekistan,Uzbekistan,MF,22,2003,Ba?ak?ehir,3,3,220,2.4,1,0,1,1,0,0,0,0,0.41,0,0.41,0.41,0.41,3,2,66.7,1.23,0.82,0.33,0.5,73,81.5,73,0,0,,0,0,2,7,-5,-2.05,5.15,0,6,4,0,10,1,6,,,0,,,,,,,,,,,,,,,,,,
Abdukodir Khusanov,Uzbekistan,Uzbekistan,DF,22,2004,Manchester City,3,3,270,3,0,0,0,0,0,0,2,0,0,0,0,0,0,0,0,,0,0,,,90,100,90,3,0,,0,0,2,11,-9,-3,,0,6,0,0,0,5,3,,,0,,,,,,,,,,,,,,,,,,
Abdulla Abdullaev,Uzbekistan,Uzbekistan,DF,28,1997,,2,2,180,2,0,0,0,0,0,0,0,0,0,0,0,0,0,0,0,,0,0,,,90,66.7,90,2,0,,1,0,1,8,-7,-3.5,-1.5,0,5,1,0,0,3,2,,,0,,,,,,,,,,,,,,,,,,
Abduvohid Nematov,Uzbekistan,Uzbekistan,GK,25,2001,,2,2,180,2,0,0,0,0,0,0,0,0,0,0,0,0,0,0,0,,0,0,,,90,66.7,90,2,0,,1,0,1,8,-7,-3.5,-1.5,0,0,0,0,0,0,0,,,1,2,2,180,8,4,13,5,38.5,0,0,2,0,0,1,1,0,0,0
Akmal Mozgovoy,Uzbekistan,Uzbekistan,MF,27,1999,,3,2,216,2.4,0,1,1,0,0,0,0,0,0,0.42,0.42,0,0.42,1,0,0,0.42,0,0,,72,80,86,1,1,45,0,0,2,7,-5,-2.08,4.58,0,0,3,0,0,2,0,,,0,,,,,,,,,,,,,,,,,,
Avazbek Ulmasaliev,Uzbekistan,Uzbekistan,DF,26,2000,,0,0,,,,,,,,,,,,,,,,,,,,,,,,,,0,0,,3,,,,,,,,,,,,,,,,,,,,,,,,,,,,,,,,,,
Aziz G?aniyev,Uzbekistan,Uzbekistan,MF,28,1998,,2,1,122,1.4,0,0,0,0,0,0,0,0,0,0,0,0,0,1,0,0,0.74,0,0,,61,45.2,90,1,1,32,1,0,0,8,-8,-5.9,-5.29,0,2,1,0,6,0,6,,,0,,,,,,,,,,,,,,,,,,
Azizbek Amonov,Uzbekistan,Uzbekistan,FW,28,1997,,1,0,14,0.2,0,0,0,0,0,0,0,0,0,0,0,0,0,1,0,0,6.43,0,0,,14,5.2,,0,1,14,2,0,0,1,-1,-6.43,-3.62,0,0,0,0,1,0,0,,,0,,,,,,,,,,,,,,,,,,
Bekhruz Karimov,Uzbekistan,Uzbekistan,DF,18,2007,,2,2,179,2,0,0,0,0,0,0,0,0,0,0,0,0,0,2,0,0,1.01,0,0,,90,66.3,90,1,0,,1,0,1,8,-7,-3.52,-1.54,0,8,4,0,2,3,5,,,0,,,,,,,,,,,,,,,,,,
Botirali Ergashev,Uzbekistan,Uzbekistan,GK,30,1995,,0,0,,,,,,,,,,,,,,,,,,,,,,,,,,0,0,,3,,,,,,,,,,,,,,,,,,,,,,,,,,,,,,,,,,
Dostonbek Khamdamov,Uzbekistan,Uzbekistan,MF,29,1996,,2,1,103,1.1,0,0,0,0,0,0,0,0,0,0,0,0,0,2,0,0,1.75,0,0,,52,38.1,58,0,1,45,1,0,2,2,0,0,4.85,0,1,0,1,5,2,4,,,0,,,,,,,,,,,,,,,,,,
Eldor Shomurodov,Uzbekistan,Uzbekistan,FW,30,1995,Ba?ak?ehir,3,3,269,3,1,0,1,1,0,0,0,0,0.33,0,0.33,0.33,0.33,4,2,50,1.34,0.67,0.25,0.5,90,99.6,90,2,0,,0,0,2,10,-8,-2.68,87.32,0,8,4,1,1,0,4,,,0,,,,,,,,,,,,,,,,,,
Farrukh Sayfiev,Uzbekistan,Uzbekistan,"DF,MF",35,1991,,1,0,45,0.5,0,0,0,0,0,0,0,0,0,0,0,0,0,0,0,,0,0,,,45,16.7,,0,1,45,2,0,1,2,-1,-2,1.2,0,0,2,0,2,0,0,,,0,,,,,,,,,,,,,,,,,,
Igor Sergeev,Uzbekistan,Uzbekistan,FW,33,1993,Persepolis,3,0,28,0.3,0,0,0,0,0,0,0,0,0,0,0,0,0,0,0,,0,0,,,9,10.4,,0,3,9,0,0,0,3,-3,-9.64,-7.41,0,0,0,1,0,0,0,,,0,,,,,,,,,,,,,,,,,,
Jakhongir Urozov,Uzbekistan,Uzbekistan,DF,22,2004,,2,1,95,1.1,0,0,0,0,0,0,0,0,0,0,0,0,0,0,0,,0,0,,,48,35.2,81,0,1,14,1,0,1,3,-2,-1.89,1.71,0,0,0,0,0,1,0,,,0,,,,,,,,,,,,,,,,,,
Jamshid Iskanderov,Uzbekistan,Uzbekistan,"FW,MF",32,1993,,1,0,9,0.1,0,0,0,0,0,0,0,0,0,0,0,0,0,0,0,,0,0,,,9,3.3,,0,1,9,2,0,0,1,-1,-10,-7.24,0,0,0,0,1,0,0,,,0,,,,,,,,,,,,,,,,,,
Khojiakbar Alijonov,Uzbekistan,Uzbekistan,MF,29,1997,,2,1,135,1.5,0,0,0,0,0,0,0,0,0,0,0,0,0,0,0,,0,0,,,68,50,90,1,1,45,1,0,1,5,-4,-2.67,0.67,0,2,1,0,5,5,2,,,0,,,,,,,,,,,,,,,,,,
Odiljon Hamrobekov,Uzbekistan,Uzbekistan,MF,30,1996,Tractor,2,1,77,0.9,0,0,0,0,0,0,1,0,0,0,0,0,0,1,0,0,1.17,0,0,,39,28.5,45,0,1,32,1,0,0,6,-6,-7.01,-5.61,0,1,1,0,0,0,0,,,0,,,,,,,,,,,,,,,,,,
Oston Urunov,Uzbekistan,Uzbekistan,MF,25,2000,Persepolis,2,1,63,0.7,0,0,0,0,0,0,0,0,0,0,0,0,0,0,0,,0,0,,,32,23.3,45,0,1,18,1,0,0,3,-3,-4.29,-1.68,0,0,0,0,0,1,0,,,0,,,,,,,,,,,,,,,,,,
Otabek Shukurov,Uzbekistan,Uzbekistan,MF,29,1996,,3,3,237,2.6,0,0,0,0,0,0,0,0,0,0,0,0,0,2,0,0,0.76,0,0,,79,87.8,79,1,0,,0,0,2,8,-6,-2.28,5.9,0,2,5,0,1,0,2,,,0,,,,,,,,,,,,,,,,,,
Ruslanbek Jiyanov,Uzbekistan,Uzbekistan,FW,25,2001,,1,0,1,0,0,0,0,0,0,0,0,0,0,0,0,0,0,0,0,,0,0,,,1,0.4,,0,1,1,2,0,0,0,0,0,3.01,0,0,0,0,0,0,1,,,0,,,,,,,,,,,,,,,,,,
Rustam Ashurmatov,Uzbekistan,Uzbekistan,DF,29,1996,Esteghlal,3,3,256,2.8,0,0,0,0,0,0,0,0,0,0,0,0,0,0,0,,0,0,,,85,94.8,85,2,0,,0,0,2,10,-8,-2.81,3.62,0,1,0,0,0,7,2,,,0,,,,,,,,,,,,,,,,,,
Sherzod Esanov,Uzbekistan,Uzbekistan,MF,23,2003,,1,0,1,0,0,0,0,0,0,0,0,0,0,0,0,0,0,0,0,,0,0,,,1,0.4,,0,1,1,2,0,0,0,0,0,3.01,0,0,0,0,0,1,0,,,0,,,,,,,,,,,,,,,,,,
Sherzod Nasrullaev,Uzbekistan,Uzbekistan,"DF,MF",27,1998,,3,3,180,2,0,0,0,0,0,0,1,0,0,0,0,0,0,1,1,100,0.5,0.5,0,0,60,66.7,60,1,0,,0,0,1,7,-6,-3,0,0,3,2,0,3,2,2,,,0,,,,,,,,,,,,,,,,,,
Umar Eshmurodov,Uzbekistan,Uzbekistan,DF,33,1992,,0,0,,,,,,,,,,,,,,,,,,,,,,,,,,0,0,,3,,,,,,,,,,,,,,,,,,,,,,,,,,,,,,,,,,
Utkir Yusupov,Uzbekistan,Uzbekistan,GK,35,1991,,1,1,90,1,0,0,0,0,0,0,0,0,0,0,0,0,0,0,0,,0,0,,,90,33.3,90,1,0,,2,0,1,3,-2,-2,1.5,0,0,1,0,0,0,0,,,0,1,1,90,3,3,4,1,25,0,0,1,0,0,0,0,0,0,
