player,team,team_country,position,age,birth_year,club,games,games_starts,minutes,minutes_90s,goals,assists,goals_assists,goals_pens,pens_made,pens_att,cards_yellow,cards_red,goals_per90,assists_per90,goals_assists_per90,goals_pens_per90,goals_assists_pens_per90,shots,shots_on_target,shots_on_target_pct,shots_per90,shots_on_target_per90,goals_per_shot,goals_per_shot_on_target,minutes_per_game,minutes_pct,minutes_per_start,games_complete,games_subs,minutes_per_sub,unused_subs,points_per_game,on_goals_for,on_goals_against,plus_minus,plus_minus_per90,plus_minus_wowy,cards_yellow_red,fouls,fouled,offsides,crosses,interceptions,tackles_won,pens_won,pens_conceded,own_goals,gk_games,gk_games_starts,gk_minutes,gk_goals_against,gk_goals_against_per90,gk_shots_on_target_against,gk_saves,gk_save_pct,gk_wins,gk_ties,gk_losses,gk_clean_sheets,gk_clean_sheets_pct,gk_pens_att,gk_pens_allowed,gk_pens_saved,gk_pens_missed,gk_pens_save_pct
아치레프 아바다,알제리,알제리,DF,26,1999,,0,0,,,,,,,,,,,,,,,,,,,,,,,,,,0,0,,4,,,,,,,,,,,,,,,,,,,,,,,,,,,,,,,,,,
아딜 볼이비나,알제리,알제리,FW,23,2003,,2,0,19.0,0.2,0.0,0.0,0.0,0.0,0.0,0.0,0.0,0.0,0.0,0.0,0.0,0.0,0.0,0.0,0.0,,0.0,0.0,,,10.0,5.3,,0,2,10.0,2,0.0,0.0,0.0,0.0,0.0,1.06,0.0,0.0,0.0,1.0,0.0,0.0,0.0,,,0.0,,,,,,,,,,,,,,,,,,
아미네 고리,알제리,알제리,FW,26,2000,마르세유,4,3,251.0,2.8,1.0,0.0,1.0,1.0,0.0,0.0,0.0,0.0,0.36,0.0,0.36,0.36,0.36,3.0,2.0,66.7,1.08,0.72,0.33,0.5,63.0,69.7,73.0,0,1,33.0,0,1.0,4.0,5.0,-1.0,-0.36,2.12,0.0,1.0,1.0,0.0,1.0,0.0,1.0,,,0.0,,,,,,,,,,,,,,,,,,
아니스 하드즈 모이스사,알제리,알제리,MF,24,2002,페예노르트,3,1,98.0,1.1,0.0,0.0,0.0,0.0,0.0,0.0,0.0,0.0,0.0,0.0,0.0,0.0,0.0,2.0,0.0,0.0,1.84,0.0,0.0,,33.0,27.2,63.0,0,2,18.0,1,1.0,1.0,2.0,-1.0,-0.92,0.11,0.0,0.0,2.0,0.0,5.0,1.0,0.0,,,0.0,,,,,,,,,,,,,,,,,,
아이스사 만디,알제리,알제리,DF,34,1991,릴,4,4,360.0,4.0,0.0,0.0,0.0,0.0,0.0,0.0,0.0,0.0,0.0,0.0,0.0,0.0,0.0,0.0,0.0,,0.0,0.0,,,90.0,100.0,90.0,4,0,,0,1.0,5.0,9.0,-4.0,-1.0,,0.0,0.0,5.0,0.0,0.0,4.0,3.0,,,0.0,,,,,,,,,,,,,,,,,,
파레스 차이비,알제리,알제리,MF,23,2002,프랑크푸르트,4,4,360.0,4.0,0.0,0.0,0.0,0.0,0.0,0.0,1.0,0.0,0.0,0.0,0.0,0.0,0.0,9.0,3.0,33.3,2.25,0.75,0.0,0.0,90.0,100.0,90.0,4,0,,0,1.0,5.0,9.0,-4.0,-1.0,,0.0,3.0,2.0,1.0,6.0,3.0,5.0,,,0.0,,,,,,,,,,,,,,,,,,
파레스 게드제미스,알제리,알제리,"FW,MF",23,2002,프로시노네,1,0,1.0,0.0,0.0,0.0,0.0,0.0,0.0,0.0,0.0,0.0,0.0,0.0,0.0,0.0,0.0,0.0,0.0,,0.0,0.0,,,1.0,0.3,,0,1,1.0,3,1.0,0.0,1.0,-1.0,-90.0,-89.25,0.0,0.0,0.0,0.0,0.0,0.0,0.0,,,0.0,,,,,,,,,,,,,,,,,,
히크함 보이다,알제리,알제리,MF,26,1999,니스,3,2,128.0,1.4,0.0,0.0,0.0,0.0,0.0,0.0,1.0,0.0,0.0,0.0,0.0,0.0,0.0,0.0,0.0,,0.0,0.0,,,43.0,35.6,54.0,0,1,20.0,1,1.0,0.0,3.0,-3.0,-2.11,-1.72,0.0,4.0,1.0,0.0,1.0,2.0,1.0,,,0.0,,,,,,,,,,,,,,,,,,
호이스셈 알,알제리,알제리,MF,27,1998,알이티하드,3,2,173.0,1.9,0.0,2.0,2.0,0.0,0.0,0.0,0.0,0.0,0.0,1.04,1.04,0.0,1.04,3.0,1.0,33.3,1.56,0.52,0.0,0.0,58.0,48.1,73.0,0,1,27.0,1,0.33,2.0,5.0,-3.0,-1.56,-1.08,0.0,1.0,2.0,0.0,0.0,0.0,1.0,,,0.0,,,,,,,,,,,,,,,,,,
입라힘 마자,알제리,알제리,"MF,FW",20,2005,레버쿠젠,4,4,351.0,3.9,0.0,0.0,0.0,0.0,0.0,0.0,0.0,0.0,0.0,0.0,0.0,0.0,0.0,11.0,3.0,27.3,2.82,0.77,0.0,0.0,88.0,97.5,88.0,3,0,,0,1.0,5.0,9.0,-4.0,-1.03,-1.03,0.0,1.0,5.0,0.0,1.0,0.0,2.0,,,0.0,,,,,,,,,,,,,,,,,,
잔 하드잠,알제리,알제리,DF,23,2003,영 보이스,3,1,109.0,1.2,0.0,0.0,0.0,0.0,0.0,0.0,0.0,0.0,0.0,0.0,0.0,0.0,0.0,1.0,0.0,0.0,0.83,0.0,0.0,,36.0,30.3,70.0,0,2,20.0,1,1.33,2.0,2.0,0.0,0.0,1.43,0.0,0.0,0.0,0.0,1.0,1.0,1.0,,,0.0,,,,,,,,,,,,,,,,,,
루카 지다네,알제리,알제리,GK,28,1998,그라나다,3,3,270.0,3.0,0.0,0.0,0.0,0.0,0.0,0.0,0.0,0.0,0.0,0.0,0.0,0.0,0.0,0.0,0.0,,0.0,0.0,,,90.0,75.0,90.0,3,0,,1,1.0,2.0,6.0,-4.0,-1.33,-1.33,0.0,0.0,0.0,0.0,0.0,0.0,0.0,,,0.0,3.0,3.0,270.0,6.0,2.0,14.0,8.0,57.1,1.0,0.0,2.0,0.0,0.0,0.0,0.0,0.0,0.0,
멜빈 마스틸,알제리,알제리,GK,26,2000,,0,0,,,,,,,,,,,,,,,,,,,,,,,,,,0,0,,4,,,,,,,,,,,,,,,,,,,,,,,,,,,,,,,,,,
모하메드 아미네 토이가이,알제리,알제리,DF,26,2000,,0,0,,,,,,,,,,,,,,,,,,,,,,,,,,0,0,,4,,,,,,,,,,,,,,,,,,,,,,,,,,,,,,,,,,
모하메드 아모이라,알제리,알제리,"FW,MF",26,2000,볼프스부르크,1,0,27.0,0.3,0.0,0.0,0.0,0.0,0.0,0.0,0.0,0.0,0.0,0.0,0.0,0.0,0.0,0.0,0.0,,0.0,0.0,,,27.0,7.5,,0,1,27.0,0,0.0,0.0,1.0,-1.0,-3.33,-2.52,0.0,1.0,0.0,0.0,0.0,0.0,0.0,,,0.0,,,,,,,,,,,,,,,,,,
나빌 벤타렙,알제리,알제리,MF,31,1994,릴,4,3,285.0,3.2,0.0,0.0,0.0,0.0,0.0,0.0,0.0,0.0,0.0,0.0,0.0,0.0,0.0,1.0,0.0,0.0,0.32,0.0,0.0,,71.0,79.2,80.0,1,1,45.0,0,1.0,5.0,8.0,-3.0,-0.95,0.25,0.0,2.0,3.0,0.0,3.0,3.0,4.0,,,0.0,,,,,,,,,,,,,,,,,,
나드힐 벤보리,알제리,알제리,FW,26,2000,죄르,1,0,45.0,0.5,1.0,0.0,1.0,1.0,0.0,0.0,0.0,0.0,2.0,0.0,2.0,2.0,2.0,2.0,2.0,100.0,4.0,4.0,0.5,0.5,45.0,12.5,,0,1,45.0,2,3.0,2.0,0.0,2.0,4.0,5.71,0.0,0.0,0.0,0.0,0.0,0.0,1.0,,,0.0,,,,,,,,,,,,,,,,,,
오이스사마 벤보트,알제리,알제리,GK,31,1994,,1,1,90.0,1.0,0.0,0.0,0.0,0.0,0.0,0.0,0.0,0.0,0.0,0.0,0.0,0.0,0.0,0.0,0.0,,0.0,0.0,,,90.0,25.0,90.0,1,0,,3,1.0,3.0,3.0,0.0,0.0,1.33,0.0,0.0,1.0,0.0,0.0,0.0,0.0,,,0.0,1.0,1.0,90.0,3.0,3.0,3.0,0.0,0.0,0.0,1.0,0.0,0.0,0.0,0.0,0.0,0.0,0.0,
라픽 벡르하리,알제리,알제리,DF,24,2002,엘라스 베로나,4,4,331.0,3.7,1.0,0.0,1.0,1.0,0.0,0.0,0.0,0.0,0.27,0.0,0.27,0.27,0.27,3.0,1.0,33.3,0.82,0.27,0.33,1.0,83.0,91.9,83.0,2,0,,0,1.0,4.0,8.0,-4.0,-1.09,-1.09,0.0,4.0,2.0,0.0,4.0,1.0,3.0,,,0.0,,,,,,,,,,,,,,,,,,
라미즈 젤로이키,알제리,알제리,MF,28,1998,트벤테,3,2,111.0,1.2,0.0,0.0,0.0,0.0,0.0,0.0,1.0,0.0,0.0,0.0,0.0,0.0,0.0,0.0,0.0,,0.0,0.0,,,37.0,30.8,51.0,0,1,9.0,1,1.0,0.0,3.0,-3.0,-2.43,-2.07,0.0,4.0,0.0,0.0,0.0,2.0,1.0,,,0.0,,,,,,,,,,,,,,,,,,
라미 벤세바이니,알제리,알제리,DF,31,1995,도르트문트,4,4,360.0,4.0,0.0,0.0,0.0,0.0,0.0,0.0,0.0,0.0,0.0,0.0,0.0,0.0,0.0,2.0,0.0,0.0,0.5,0.0,0.0,,90.0,100.0,90.0,4,0,,0,1.0,5.0,9.0,-4.0,-1.0,,0.0,1.0,5.0,0.0,0.0,7.0,6.0,,,0.0,,,,,,,,,,,,,,,,,,
란 아이트-노이리,알제리,알제리,DF,25,2001,맨체스터 시티,4,3,284.0,3.2,0.0,0.0,0.0,0.0,0.0,0.0,0.0,0.0,0.0,0.0,0.0,0.0,0.0,1.0,0.0,0.0,0.32,0.0,0.0,,71.0,78.9,88.0,2,1,20.0,0,1.0,3.0,7.0,-4.0,-1.27,-1.27,0.0,6.0,4.0,0.0,8.0,5.0,13.0,,,0.0,,,,,,,,,,,,,,,,,,
리드 마레즈,알제리,알제리,MF,35,1991,알아흘리,4,3,262.0,2.9,2.0,1.0,3.0,2.0,0.0,0.0,0.0,0.0,0.69,0.34,1.03,0.69,1.03,6.0,3.0,50.0,2.06,1.03,0.33,0.67,66.0,72.8,78.0,1,1,27.0,0,1.0,4.0,7.0,-3.0,-1.03,-0.11,0.0,1.0,7.0,1.0,10.0,1.0,2.0,,,0.0,,,,,,,,,,,,,,,,,,
사밀 첼구,알제리,알제리,DF,27,1999,파리 FC,1,0,20.0,0.2,0.0,0.0,0.0,0.0,0.0,0.0,0.0,0.0,0.0,0.0,0.0,0.0,0.0,0.0,0.0,,0.0,0.0,,,20.0,5.6,,0,1,20.0,3,1.0,1.0,1.0,0.0,0.0,1.06,0.0,0.0,0.0,0.0,0.0,0.0,0.0,,,0.0,,,,,,,,,,,,,,,,,,
이스시네 티트라,알제리,알제리,MF,22,2003,,0,0,,,,,,,,,,,,,,,,,,,,,,,,,,0,0,,4,,,,,,,,,,,,,,,,,,,,,,,,,,,,,,,,,,
지네드디네 베라이드,알제리,알제리,DF,27,1999,,2,0,25.0,0.3,0.0,0.0,0.0,0.0,0.0,0.0,0.0,0.0,0.0,0.0,0.0,0.0,0.0,0.0,0.0,,0.0,0.0,,,13.0,6.9,,0,2,13.0,2,2.0,1.0,1.0,0.0,0.0,1.07,0.0,0.0,0.0,1.0,0.0,0.0,0.0,,,0.0,,,,,,,,,,,,,,,,,,
아레크시스 마크 알리스텔,아르헨티나,아르헨티나,MF,27,1998,리버풀,8,7,750.0,8.3,1.0,1.0,2.0,1.0,0.0,0.0,1.0,0.0,0.12,0.12,0.24,0.12,0.24,13.0,4.0,30.8,1.56,0.48,0.08,0.25,94.0,92.6,103.0,7,1,30.0,0,2.63,17.0,7.0,10.0,1.2,-0.3,0.0,9.0,12.0,0.0,2.0,9.0,12.0,,,0.0,,,,,,,,,,,,,,,,,,
크리스틴 로메로,아르헨티나,아르헨티나,DF,28,1998,토트넘 홋스퍼,7,7,608.0,6.8,1.0,0.0,1.0,1.0,0.0,0.0,2.0,0.0,0.15,0.0,0.15,0.15,0.15,3.0,1.0,33.3,0.44,0.15,0.33,1.0,87.0,75.1,87.0,2,0,,1,2.57,12.0,6.0,6.0,0.89,-1.34,0.0,9.0,3.0,0.0,0.0,11.0,10.0,,,0.0,,,,,,,,,,,,,,,,,,
에미리노 말티네즈,아르헨티나,아르헨티나,GK,33,1992,아스톤 빌라,8,8,810.0,9.0,0.0,0.0,0.0,0.0,0.0,0.0,0.0,0.0,0.0,0.0,0.0,0.0,0.0,0.0,0.0,,0.0,0.0,,,101.0,100.0,101.0,8,0,,0,2.63,19.0,8.0,11.0,1.22,,0.0,0.0,1.0,0.0,0.0,0.0,0.0,,,0.0,8.0,8.0,810.0,8.0,0.89,28.0,20.0,71.4,7.0,0.0,1.0,2.0,25.0,0.0,0.0,0.0,0.0,
엔조 펠난데즈,아르헨티나,아르헨티나,MF,25,2001,첼시,7,7,659.0,7.3,2.0,0.0,2.0,2.0,0.0,0.0,2.0,1.0,0.27,0.0,0.27,0.27,0.27,12.0,4.0,33.3,1.64,0.55,0.17,0.5,94.0,81.4,94.0,5,0,,1,2.57,14.0,6.0,8.0,1.09,-0.7,1.0,12.0,6.0,1.0,5.0,6.0,7.0,,,0.0,,,,,,,,,,,,,,,,,,
에크세쿨 파라키스,아르헨티나,아르헨티나,DF,27,1998,레버쿠젠,1,1,90.0,1.0,0.0,0.0,0.0,0.0,0.0,0.0,0.0,0.0,0.0,0.0,0.0,0.0,0.0,0.0,0.0,,0.0,0.0,,,90.0,11.1,90.0,1,0,,7,3.0,3.0,1.0,2.0,2.0,0.87,0.0,1.0,1.0,0.0,0.0,5.0,0.0,,,0.0,,,,,,,,,,,,,,,,,,
파쿤도 메디나,아르헨티나,아르헨티나,DF,27,1999,마르세유,5,3,308.0,3.4,0.0,1.0,1.0,0.0,0.0,0.0,1.0,0.0,0.0,0.29,0.29,0.0,0.29,0.0,0.0,,0.0,0.0,,,62.0,38.0,85.0,1,2,26.0,3,2.4,5.0,2.0,3.0,0.88,-0.56,0.0,3.0,2.0,1.0,1.0,2.0,7.0,,,0.0,,,,,,,,,,,,,,,,,,
프라코 로페즈,아르헨티나,아르헨티나,FW,25,2000,팔메이라스,2,0,20.0,0.2,0.0,1.0,1.0,0.0,0.0,0.0,1.0,0.0,0.0,4.5,4.5,0.0,4.5,1.0,0.0,0.0,4.5,0.0,0.0,,10.0,2.5,,0,2,10.0,6,3.0,2.0,0.0,2.0,9.0,7.97,0.0,1.0,0.0,0.0,0.0,0.0,1.0,,,0.0,,,,,,,,,,,,,,,,,,
게로니모 룰리,아르헨티나,아르헨티나,GK,34,1992,,0,0,,,,,,,,,,,,,,,,,,,,,,,,,,0,0,,8,,,,,,,,,,,,,,,,,,,,,,,,,,,,,,,,,,
기바니 로 켈소,아르헨티나,아르헨티나,MF,30,1996,레알 베티스,1,1,59.0,0.7,1.0,0.0,1.0,1.0,0.0,0.0,0.0,0.0,1.53,0.0,1.53,1.53,1.53,1.0,1.0,100.0,1.53,1.53,1.0,1.0,59.0,7.3,59.0,0,0,,7,3.0,2.0,1.0,1.0,1.53,0.33,0.0,1.0,1.0,1.0,1.0,1.0,0.0,,,0.0,,,,,,,,,,,,,,,,,,
기리노 시메네,아르헨티나,아르헨티나,FW,23,2002,아틀레티코 마드리드,3,2,192.0,2.1,0.0,0.0,0.0,0.0,0.0,0.0,0.0,0.0,0.0,0.0,0.0,0.0,0.0,1.0,0.0,0.0,0.47,0.0,0.0,,64.0,23.7,71.0,0,1,51.0,5,2.0,2.0,3.0,-1.0,-0.47,-2.22,0.0,9.0,1.0,1.0,2.0,1.0,3.0,,,0.0,,,,,,,,,,,,,,,,,,
곤자로 몬틸,아르헨티나,아르헨티나,DF,29,1997,리버 플레이트,6,2,192.0,2.1,0.0,1.0,1.0,0.0,0.0,0.0,1.0,0.0,0.0,0.47,0.47,0.0,0.47,1.0,0.0,0.0,0.47,0.0,0.0,,32.0,23.7,51.0,0,4,23.0,2,2.5,9.0,0.0,9.0,4.22,3.93,0.0,4.0,2.0,0.0,4.0,3.0,3.0,,,0.0,,,,,,,,,,,,,,,,,,
준 무스소,아르헨티나,아르헨티나,GK,32,1994,,0,0,,,,,,,,,,,,,,,,,,,,,,,,,,0,0,,8,,,,,,,,,,,,,,,,,,,,,,,,,,,,,,,,,,
주린 알바레즈,아르헨티나,아르헨티나,FW,26,2000,아틀레티코 마드리드,8,5,602.0,6.7,1.0,0.0,1.0,1.0,0.0,0.0,0.0,0.0,0.15,0.0,0.15,0.15,0.15,11.0,5.0,45.5,1.64,0.75,0.09,0.2,75.0,74.3,96.0,2,3,40.0,0,2.63,15.0,6.0,9.0,1.35,0.48,0.0,11.0,4.0,2.0,2.0,3.0,4.0,,,0.0,,,,,,,,,,,,,,,,,,
로타로 말티네즈,아르헨티나,아르헨티나,FW,28,1997,인터 밀란,7,4,310.0,3.4,3.0,1.0,4.0,2.0,1.0,1.0,1.0,0.0,0.87,0.29,1.16,0.58,0.87,10.0,4.0,40.0,2.9,1.16,0.2,0.5,44.0,38.3,60.0,0,3,24.0,1,3.0,12.0,3.0,9.0,2.61,2.25,0.0,8.0,5.0,2.0,1.0,1.0,1.0,,,0.0,,,,,,,,,,,,,,,,,,
리느드로 파레데스,아르헨티나,아르헨티나,MF,31,1994,보카 주니어스,7,4,473.0,5.3,0.0,0.0,0.0,0.0,0.0,0.0,2.0,0.0,0.0,0.0,0.0,0.0,0.0,4.0,1.0,25.0,0.76,0.19,0.0,0.0,68.0,58.4,88.0,2,3,40.0,1,2.57,10.0,7.0,3.0,0.57,-1.57,0.0,9.0,3.0,0.0,2.0,5.0,6.0,,,0.0,,,,,,,,,,,,,,,,,,
리오넬 메시,아르헨티나,아르헨티나,FW,38,1987,인터 마이애미,8,7,740.0,8.2,8.0,4.0,12.0,8.0,0.0,2.0,0.0,0.0,0.97,0.49,1.46,0.97,1.46,35.0,18.0,51.4,4.26,2.19,0.23,0.44,93.0,91.4,101.0,6,1,31.0,0,2.63,17.0,7.0,10.0,1.22,-0.07,0.0,3.0,20.0,5.0,54.0,0.0,10.0,,,0.0,,,,,,,,,,,,,,,,,,
리사느드로 말티네즈,아르헨티나,아르헨티나,DF,28,1998,맨체스터 유나이티드,7,7,624.0,6.9,1.0,1.0,2.0,1.0,0.0,0.0,2.0,0.0,0.14,0.14,0.29,0.14,0.29,4.0,2.0,50.0,0.58,0.29,0.25,0.5,89.0,77.0,89.0,5,0,,1,2.57,14.0,6.0,8.0,1.15,-0.3,0.0,7.0,4.0,0.0,2.0,6.0,7.0,,,0.0,,,,,,,,,,,,,,,,,,
말코스 세네시,아르헨티나,아르헨티나,DF,29,1997,본머스,2,1,109.0,1.2,0.0,0.0,0.0,0.0,0.0,0.0,0.0,0.0,0.0,0.0,0.0,0.0,0.0,1.0,0.0,0.0,0.83,0.0,0.0,,55.0,13.5,90.0,1,1,19.0,6,1.5,3.0,2.0,1.0,0.83,-0.46,0.0,0.0,3.0,0.0,0.0,2.0,0.0,,,0.0,,,,,,,,,,,,,,,,,,
나훌 모리나,아르헨티나,아르헨티나,DF,28,1998,아틀레티코 마드리드,7,5,528.0,5.9,0.0,0.0,0.0,0.0,0.0,0.0,0.0,0.0,0.0,0.0,0.0,0.0,0.0,1.0,0.0,0.0,0.17,0.0,0.0,,75.0,65.2,84.0,1,2,54.0,1,2.57,7.0,7.0,0.0,0.0,-3.51,0.0,3.0,0.0,1.0,5.0,8.0,3.0,,,0.0,,,,,,,,,,,,,,,,,,
니코라스 곤자레즈,아르헨티나,아르헨티나,MF,28,1998,아틀레티코 마드리드,7,1,259.0,2.9,0.0,1.0,1.0,0.0,0.0,0.0,0.0,0.0,0.0,0.35,0.35,0.0,0.35,7.0,1.0,14.3,2.43,0.35,0.0,0.0,37.0,32.0,45.0,0,6,36.0,1,2.57,12.0,2.0,10.0,3.47,3.31,0.0,4.0,3.0,2.0,6.0,1.0,3.0,,,0.0,,,,,,,,,,,,,,,,,,
니코라스 오타멘디,아르헨티나,아르헨티나,DF,38,1988,벤피카,7,1,247.0,2.7,0.0,0.0,0.0,0.0,0.0,0.0,0.0,0.0,0.0,0.0,0.0,0.0,0.0,1.0,0.0,0.0,0.36,0.0,0.0,,35.0,30.5,90.0,1,6,26.0,1,2.57,8.0,2.0,6.0,2.19,1.39,0.0,4.0,4.0,1.0,0.0,6.0,2.0,,,0.0,,,,,,,,,,,,,,,,,,
니코라스 파즈,아르헨티나,아르헨티나,MF,21,2004,코모,2,1,71.0,0.8,0.0,0.0,0.0,0.0,0.0,0.0,0.0,0.0,0.0,0.0,0.0,0.0,0.0,1.0,0.0,0.0,1.27,0.0,0.0,,36.0,8.8,60.0,0,1,11.0,6,3.0,2.0,1.0,1.0,1.27,0.05,0.0,2.0,1.0,0.0,0.0,0.0,2.0,,,0.0,,,,,,,,,,,,,,,,,,
니코라스 탁리피코,아르헨티나,아르헨티나,DF,33,1992,리옹,7,5,476.0,5.3,0.0,0.0,0.0,0.0,0.0,0.0,0.0,0.0,0.0,0.0,0.0,0.0,0.0,0.0,0.0,,0.0,0.0,,,68.0,58.8,86.0,2,2,22.0,1,2.57,7.0,6.0,1.0,0.19,-2.51,0.0,9.0,16.0,2.0,2.0,6.0,4.0,,,0.0,,,,,,,,,,,,,,,,,,
로드리고 데 폴,아르헨티나,아르헨티나,MF,32,1994,인터 마이애미,7,6,491.0,5.5,0.0,1.0,1.0,0.0,0.0,0.0,1.0,0.0,0.0,0.18,0.18,0.0,0.18,2.0,1.0,50.0,0.37,0.18,0.0,0.0,70.0,60.6,79.0,1,1,19.0,1,2.57,8.0,3.0,5.0,0.92,-0.78,0.0,2.0,5.0,1.0,14.0,6.0,4.0,,,0.0,,,,,,,,,,,,,,,,,,
시고 알마다,아르헨티나,아르헨티나,MF,25,2001,아틀레티코 마드리드,5,3,241.0,2.7,0.0,0.0,0.0,0.0,0.0,0.0,1.0,0.0,0.0,0.0,0.0,0.0,0.0,5.0,2.0,40.0,1.87,0.75,0.0,0.0,48.0,29.8,60.0,0,2,31.0,3,3.0,6.0,1.0,5.0,1.87,0.92,0.0,2.0,2.0,2.0,1.0,0.0,4.0,,,0.0,,,,,,,,,,,,,,,,,,
바렌틴 발코,아르헨티나,아르헨티나,"DF,MF",21,2004,스트라스부르,1,0,20.0,0.2,0.0,0.0,0.0,0.0,0.0,0.0,0.0,0.0,0.0,0.0,0.0,0.0,0.0,0.0,0.0,,0.0,0.0,,,20.0,2.5,,0,1,20.0,7,3.0,1.0,0.0,1.0,4.5,3.36,0.0,0.0,1.0,0.0,0.0,0.0,0.0,,,0.0,,,,,,,,,,,,,,,,,,
아이덴 오 넬르,호주,호주,MF,27,1998,뉴욕시티 FC,4,4,360.0,4.0,0.0,0.0,0.0,0.0,0.0,0.0,0.0,0.0,0.0,0.0,0.0,0.0,0.0,2.0,0.0,0.0,0.5,0.0,0.0,,90.0,92.3,90.0,3,0,,0,1.25,3.0,3.0,0.0,0.0,0.0,0.0,2.0,8.0,0.0,10.0,2.0,2.0,,,0.0,,,,,,,,,,,,,,,,,,
아즈딘 흐루스티크,호주,호주,MF,29,1996,헤라클레스 알멜로,2,0,80.0,0.9,0.0,0.0,0.0,0.0,0.0,0.0,0.0,0.0,0.0,0.0,0.0,0.0,0.0,3.0,0.0,0.0,3.38,0.0,0.0,,40.0,20.5,,0,2,40.0,2,1.0,0.0,0.0,0.0,0.0,0.0,0.0,1.0,0.0,0.0,5.0,0.0,0.0,,,0.0,,,,,,,,,,,,,,,,,,
아레스사느드로 킬카티,호주,호주,DF,22,2003,파르마,4,4,390.0,4.3,0.0,0.0,0.0,0.0,0.0,0.0,1.0,0.0,0.0,0.0,0.0,0.0,0.0,3.0,0.0,0.0,0.69,0.0,0.0,,98.0,100.0,98.0,4,0,,0,1.25,3.0,3.0,0.0,0.0,,0.0,5.0,4.0,0.0,2.0,2.0,7.0,,,0.0,,,,,,,,,,,,,,,,,,
아엘 마빌,호주,호주,"FW,MF",30,1995,카스테욘,1,0,30.0,0.3,0.0,0.0,0.0,0.0,0.0,0.0,0.0,0.0,0.0,0.0,0.0,0.0,0.0,1.0,0.0,0.0,3.0,0.0,0.0,,30.0,7.7,,0,1,30.0,3,1.0,0.0,0.0,0.0,0.0,0.0,0.0,0.0,1.0,0.0,1.0,0.0,0.0,,,0.0,,,,,,,,,,,,,,,,,,
아지즈 베히치,호주,호주,MF,35,1990,멜버른 시티,3,2,217.0,2.4,0.0,0.0,0.0,0.0,0.0,0.0,0.0,0.0,0.0,0.0,0.0,0.0,0.0,1.0,1.0,100.0,0.41,0.41,0.0,0.0,72.0,55.6,105.0,2,1,7.0,1,1.67,1.0,1.0,0.0,0.0,0.0,0.0,1.0,4.0,0.0,6.0,1.0,4.0,,,0.0,,,,,,,,,,,,,,,,,,
카메론 불게스스,호주,호주,DF,30,1995,스완지 시티,2,2,135.0,1.5,0.0,0.0,0.0,0.0,0.0,0.0,0.0,0.0,0.0,0.0,0.0,0.0,0.0,0.0,0.0,,0.0,0.0,,,68.0,34.6,68.0,1,0,,2,1.5,2.0,2.0,0.0,0.0,0.0,0.0,0.0,0.0,0.0,0.0,1.0,1.0,,,1.0,,,,,,,,,,,,,,,,,,
캄미 뎁린,호주,호주,MF,28,1998,,0,0,,,,,,,,,,,,,,,,,,,,,,,,,,0,0,,4,,,,,,,,,,,,,,,,,,,,,,,,,,,,,,,,,,
콘놀 메트칼페,호주,호주,MF,26,1999,FC 장크트파울리,4,3,315.0,3.5,1.0,0.0,1.0,1.0,0.0,0.0,0.0,0.0,0.29,0.0,0.29,0.29,0.29,5.0,2.0,40.0,1.43,0.57,0.2,0.5,79.0,80.8,90.0,2,1,45.0,0,1.25,3.0,1.0,2.0,0.57,2.97,0.0,1.0,0.0,0.0,8.0,2.0,5.0,,,0.0,,,,,,,,,,,,,,,,,,
크리스틴 볼파토,호주,호주,MF,22,2003,사수올로,3,2,160.0,1.8,0.0,0.0,0.0,0.0,0.0,0.0,0.0,0.0,0.0,0.0,0.0,0.0,0.0,4.0,1.0,25.0,2.25,0.56,0.0,0.0,53.0,41.0,65.0,0,1,30.0,1,0.67,1.0,1.0,0.0,0.0,0.0,0.0,1.0,2.0,0.0,11.0,0.0,1.0,,,0.0,,,,,,,,,,,,,,,,,,
할리 소이트탈,호주,호주,DF,27,1998,레스터 시티,4,4,390.0,4.3,0.0,0.0,0.0,0.0,0.0,0.0,1.0,0.0,0.0,0.0,0.0,0.0,0.0,1.0,1.0,100.0,0.23,0.23,0.0,0.0,98.0,100.0,98.0,4,0,,0,1.25,3.0,3.0,0.0,0.0,,0.0,8.0,1.0,0.0,0.0,4.0,0.0,,,0.0,,,,,,,,,,,,,,,,,,
작크손 일비네,호주,호주,MF,33,1993,FC 장크트파울리,4,2,223.0,2.5,0.0,0.0,0.0,0.0,0.0,0.0,1.0,0.0,0.0,0.0,0.0,0.0,0.0,3.0,1.0,33.3,1.21,0.4,0.0,0.0,56.0,57.2,102.0,1,2,10.0,0,1.25,1.0,1.0,0.0,0.0,0.0,0.0,3.0,3.0,0.0,2.0,1.0,1.0,,,0.0,,,,,,,,,,,,,,,,,,
자콥 이타리노,호주,호주,DF,24,2001,그라처 AK,2,2,163.0,1.8,0.0,0.0,0.0,0.0,0.0,0.0,1.0,0.0,0.0,0.0,0.0,0.0,0.0,1.0,0.0,0.0,0.55,0.0,0.0,,82.0,41.8,82.0,1,0,,0,1.5,1.0,2.0,-1.0,-0.55,-0.95,0.0,0.0,0.0,0.0,8.0,1.0,2.0,,,0.0,,,,,,,,,,,,,,,,,,
자손 게리,호주,호주,DF,33,1993,알비렉스 니가타,2,0,62.0,0.7,0.0,0.0,0.0,0.0,0.0,0.0,0.0,0.0,0.0,0.0,0.0,0.0,0.0,0.0,0.0,,0.0,0.0,,,31.0,15.9,,0,2,31.0,2,1.5,1.0,0.0,1.0,1.45,1.73,0.0,2.0,0.0,0.0,1.0,2.0,1.0,,,0.0,,,,,,,,,,,,,,,,,,
졸디 보스,호주,호주,"MF,DF",23,2002,페예노르트,4,4,308.0,3.4,0.0,0.0,0.0,0.0,0.0,0.0,1.0,0.0,0.0,0.0,0.0,0.0,0.0,5.0,2.0,40.0,1.46,0.58,0.0,0.0,77.0,79.0,77.0,2,0,,0,1.25,2.0,3.0,-1.0,-0.29,-1.39,0.0,4.0,4.0,0.0,8.0,3.0,3.0,,,0.0,,,,,,,,,,,,,,,,,,
카이 트레인,호주,호주,"DF,MF",25,2001,뉴욕시티 FC,1,0,75.0,0.8,0.0,0.0,0.0,0.0,0.0,0.0,0.0,0.0,0.0,0.0,0.0,0.0,0.0,1.0,0.0,0.0,1.2,0.0,0.0,,75.0,19.2,,0,1,75.0,3,1.0,1.0,0.0,1.0,1.2,1.49,0.0,0.0,1.0,0.0,2.0,2.0,0.0,,,0.0,,,,,,,,,,,,,,,,,,
루카스 헬링톤,호주,호주,DF,18,2007,콜로라도 래피즈,2,2,210.0,2.3,0.0,0.0,0.0,0.0,0.0,0.0,0.0,0.0,0.0,0.0,0.0,0.0,0.0,0.0,0.0,,0.0,0.0,,,105.0,53.8,105.0,2,0,,2,1.0,1.0,1.0,0.0,0.0,0.0,0.0,2.0,0.0,0.0,0.0,2.0,1.0,,,0.0,,,,,,,,,,,,,,,,,,
마트헤 레크키,호주,호주,MF,35,1991,멜버른 시티,1,1,60.0,0.7,0.0,0.0,0.0,0.0,0.0,0.0,0.0,0.0,0.0,0.0,0.0,0.0,0.0,1.0,0.0,0.0,1.5,0.0,0.0,,60.0,15.4,60.0,0,0,,1,0.0,0.0,2.0,-2.0,-3.0,-3.55,0.0,1.0,1.0,0.0,1.0,0.0,0.0,,,0.0,,,,,,,,,,,,,,,,,,
마트헤 린,호주,호주,GK,34,1992,레반테,1,0,2.0,0.0,0.0,0.0,0.0,0.0,0.0,0.0,0.0,0.0,0.0,0.0,0.0,0.0,0.0,0.0,0.0,,0.0,0.0,,,2.0,0.5,,0,1,2.0,3,1.0,0.0,0.0,0.0,0.0,0.0,0.0,0.0,0.0,0.0,0.0,0.0,0.0,,,0.0,1.0,0.0,2.0,0.0,0.0,0.0,0.0,,0.0,0.0,0.0,0.0,,0.0,0.0,0.0,0.0,
미로스 데게넥,호주,호주,"DF,MF",32,1994,,0,0,,,,,,,,,,,,,,,,,,,,,,,,,,0,0,,4,,,,,,,,,,,,,,,,,,,,,,,,,,,,,,,,,,
모 토이레,호주,호주,FW,22,2004,노리치 시티,3,2,165.0,1.8,0.0,0.0,0.0,0.0,0.0,0.0,0.0,0.0,0.0,0.0,0.0,0.0,0.0,4.0,1.0,25.0,2.18,0.55,0.0,0.0,55.0,42.3,59.0,0,1,47.0,1,1.33,1.0,2.0,-1.0,-0.55,-0.95,0.0,4.0,2.0,1.0,1.0,0.0,1.0,,,0.0,,,,,,,,,,,,,,,,,,
네스토리 이란쿤다,호주,호주,"FW,MF",20,2006,왓퍼드,4,3,261.0,2.9,1.0,0.0,1.0,1.0,0.0,0.0,0.0,0.0,0.34,0.0,0.34,0.34,0.34,6.0,2.0,33.3,2.07,0.69,0.17,0.5,65.0,66.9,72.0,0,1,45.0,0,1.25,2.0,1.0,1.0,0.34,1.04,0.0,4.0,5.0,0.0,1.0,1.0,0.0,,,0.0,,,,,,,,,,,,,,,,,,
니스한 베루필레이,호주,호주,MF,25,2001,멜버른 빅토리,2,1,75.0,0.8,0.0,0.0,0.0,0.0,0.0,0.0,0.0,0.0,0.0,0.0,0.0,0.0,0.0,0.0,0.0,,0.0,0.0,,,38.0,19.2,45.0,0,1,30.0,2,1.5,1.0,2.0,-1.0,-1.2,-1.49,0.0,1.0,0.0,0.0,0.0,0.0,1.0,,,0.0,,,,,,,,,,,,,,,,,,
파트릭크 비치,호주,호주,GK,22,2003,멜버른 시티,4,4,388.0,4.3,0.0,0.0,0.0,0.0,0.0,0.0,0.0,0.0,0.0,0.0,0.0,0.0,0.0,0.0,0.0,,0.0,0.0,,,97.0,99.5,97.0,3,0,,0,1.25,3.0,3.0,0.0,0.0,0.0,0.0,0.0,0.0,0.0,0.0,0.0,0.0,,,0.0,4.0,4.0,388.0,3.0,0.7,17.0,14.0,82.4,1.0,2.0,1.0,2.0,50.0,0.0,0.0,0.0,0.0,
폴 이즈조,호주,호주,GK,31,1995,,0,0,,,,,,,,,,,,,,,,,,,,,,,,,,0,0,,4,,,,,,,,,,,,,,,,,,,,,,,,,,,,,,,,,,
폴 오콘-에느그스트렐,호주,호주,MF,21,2005,시드니 FC,4,2,197.0,2.2,0.0,1.0,1.0,0.0,0.0,0.0,0.0,0.0,0.0,0.46,0.46,0.0,0.46,0.0,0.0,,0.0,0.0,,,49.0,50.5,80.0,0,2,19.0,0,1.25,2.0,2.0,0.0,0.0,0.0,0.0,3.0,2.0,0.0,2.0,5.0,2.0,,,0.0,,,,,,,,,,,,,,,,,,
테테 인기,호주,호주,FW,25,2000,FC마치다 젤비아,2,0,24.0,0.3,0.0,0.0,0.0,0.0,0.0,0.0,0.0,0.0,0.0,0.0,0.0,0.0,0.0,1.0,1.0,100.0,3.75,3.75,0.0,0.0,12.0,6.2,,0,2,12.0,2,2.0,1.0,0.0,1.0,3.75,4.0,0.0,3.0,0.0,0.0,1.0,0.0,2.0,,,0.0,,,,,,,,,,,,,,,,,,
아레스사느드로 스크호프프,오스트리아,오스트리아,MF,32,1994,,0,0,,,,,,,,,,,,,,,,,,,,,,,,,,0,0,,4,,,,,,,,,,,,,,,,,,,,,,,,,,,,,,,,,,
아레크산델 프라스스,오스트리아,오스트리아,"DF,MF",25,2001,호펜하임,2,0,29.0,0.3,0.0,0.0,0.0,0.0,0.0,0.0,0.0,0.0,0.0,0.0,0.0,0.0,0.0,0.0,0.0,,0.0,0.0,,,15.0,8.1,,0,2,15.0,2,0.0,0.0,2.0,-2.0,-6.21,-5.93,0.0,0.0,0.0,0.0,3.0,0.0,0.0,,,0.0,,,,,,,,,,,,,,,,,,
아레크산델 스크흐라겔,오스트리아,오스트리아,GK,30,1996,잘츠부르크,4,4,360.0,4.0,0.0,0.0,0.0,0.0,0.0,0.0,0.0,0.0,0.0,0.0,0.0,0.0,0.0,0.0,0.0,,0.0,0.0,,,90.0,100.0,90.0,4,0,,0,1.0,6.0,9.0,-3.0,-0.75,,0.0,0.0,1.0,0.0,0.0,0.0,0.0,,,0.0,4.0,4.0,360.0,9.0,2.25,22.0,13.0,59.1,1.0,1.0,2.0,0.0,0.0,1.0,0.0,0.0,1.0,
칼네이 축우메카,오스트리아,오스트리아,MF,22,2003,도르트문트,3,0,83.0,0.9,0.0,0.0,0.0,0.0,0.0,0.0,0.0,0.0,0.0,0.0,0.0,0.0,0.0,2.0,1.0,50.0,2.17,1.08,0.0,0.0,28.0,23.1,,0,3,28.0,1,1.0,2.0,3.0,-1.0,-1.08,-0.43,0.0,2.0,2.0,0.0,0.0,0.0,0.0,,,0.0,,,,,,,,,,,,,,,,,,
다비드 아프펭루벨,오스트리아,오스트리아,DF,25,2001,,0,0,,,,,,,,,,,,,,,,,,,,,,,,,,0,0,,4,,,,,,,,,,,,,,,,,,,,,,,,,,,,,,,,,,
다비드 아라바,오스트리아,오스트리아,DF,33,1992,레알 마드리드,4,4,275.0,3.1,0.0,1.0,1.0,0.0,0.0,0.0,0.0,0.0,0.0,0.33,0.33,0.0,0.33,2.0,0.0,0.0,0.65,0.0,0.0,,69.0,76.4,69.0,1,0,,0,1.0,3.0,7.0,-4.0,-1.31,-2.37,0.0,2.0,0.0,0.0,1.0,4.0,1.0,,,0.0,,,,,,,,,,,,,,,,,,
데잔 르주비키크,오스트리아,오스트리아,MF,28,1997,,0,0,,,,,,,,,,,,,,,,,,,,,,,,,,0,0,,4,,,,,,,,,,,,,,,,,,,,,,,,,,,,,,,,,,
프로린 그릴리트스크,오스트리아,오스트리아,"DF,MF",30,1995,브라가,2,0,90.0,1.0,0.0,0.0,0.0,0.0,0.0,0.0,0.0,0.0,0.0,0.0,0.0,0.0,0.0,0.0,0.0,,0.0,0.0,,,45.0,25.0,,0,2,45.0,2,0.5,2.0,4.0,-2.0,-2.0,-1.67,0.0,3.0,1.0,0.0,1.0,0.0,1.0,,,0.0,,,,,,,,,,,,,,,,,,
프로린 이게레,오스트리아,오스트리아,GK,25,2001,,0,0,,,,,,,,,,,,,,,,,,,,,,,,,,0,0,,4,,,,,,,,,,,,,,,,,,,,,,,,,,,,,,,,,,
케빈 단소,오스트리아,오스트리아,DF,27,1998,토트넘 홋스퍼,4,2,241.0,2.7,0.0,0.0,0.0,0.0,0.0,0.0,0.0,0.0,0.0,0.0,0.0,0.0,0.0,1.0,0.0,0.0,0.37,0.0,0.0,,60.0,66.9,90.0,2,2,31.0,0,1.0,3.0,6.0,-3.0,-1.12,-1.12,0.0,1.0,2.0,0.0,1.0,0.0,1.0,,,0.0,,,,,,,,,,,,,,,,,,
콘라드 라이멜,오스트리아,오스트리아,"MF,DF",29,1997,바이에른 뮌헨,4,4,360.0,4.0,0.0,1.0,1.0,0.0,0.0,0.0,1.0,0.0,0.0,0.25,0.25,0.0,0.25,1.0,0.0,0.0,0.25,0.0,0.0,,90.0,100.0,90.0,4,0,,0,1.0,6.0,9.0,-3.0,-0.75,,0.0,6.0,3.0,3.0,4.0,2.0,6.0,,,0.0,,,,,,,,,,,,,,,,,,
말켈 사비트젤,오스트리아,오스트리아,MF,32,1994,도르트문트,4,4,360.0,4.0,1.0,0.0,1.0,1.0,0.0,0.0,1.0,0.0,0.25,0.0,0.25,0.25,0.25,5.0,2.0,40.0,1.25,0.5,0.2,0.5,90.0,100.0,90.0,4,0,,0,1.0,6.0,9.0,-3.0,-0.75,,0.0,2.0,3.0,1.0,31.0,6.0,2.0,,,0.0,,,,,,,,,,,,,,,,,,
말코 프릴드,오스트리아,오스트리아,DF,28,1998,베르더 브레멘,1,0,24.0,0.3,0.0,0.0,0.0,0.0,0.0,0.0,0.0,0.0,0.0,0.0,0.0,0.0,0.0,0.0,0.0,,0.0,0.0,,,24.0,6.7,,0,1,24.0,3,0.0,0.0,1.0,-1.0,-3.75,-3.21,0.0,0.0,0.0,0.0,0.0,0.0,0.0,,,0.0,,,,,,,,,,,,,,,,,,
말코 알노토비크,오스트리아,오스트리아,FW,37,1989,츠르베나 즈베즈다,4,1,144.0,1.6,2.0,0.0,2.0,1.0,1.0,1.0,1.0,0.0,1.25,0.0,1.25,0.62,0.62,3.0,3.0,100.0,1.87,1.87,0.33,0.33,36.0,40.0,45.0,0,3,33.0,0,1.0,3.0,5.0,-2.0,-1.25,-0.83,0.0,3.0,1.0,5.0,0.0,0.0,0.0,,,0.0,,,,,,,,,,,,,,,,,,
미크할 그레고리트스크,오스트리아,오스트리아,FW,32,1994,아우크스부르크,3,2,188.0,2.1,0.0,1.0,1.0,0.0,0.0,0.0,0.0,0.0,0.0,0.48,0.48,0.0,0.48,1.0,0.0,0.0,0.48,0.0,0.0,,63.0,52.2,72.0,0,1,45.0,1,0.33,2.0,4.0,-2.0,-0.96,-0.43,0.0,1.0,1.0,2.0,0.0,0.0,0.0,,,0.0,,,,,,,,,,,,,,,,,,
미크할 스보보다,오스트리아,오스트리아,DF,27,1998,,0,0,,,,,,,,,,,,,,,,,,,,,,,,,,0,0,,4,,,,,,,,,,,,,,,,,,,,,,,,,,,,,,,,,,
니코라스 세아르드,오스트리아,오스트리아,MF,25,2001,라이프치히,4,4,315.0,3.5,0.0,0.0,0.0,0.0,0.0,0.0,0.0,0.0,0.0,0.0,0.0,0.0,0.0,3.0,0.0,0.0,0.86,0.0,0.0,,79.0,87.5,79.0,3,0,,0,1.0,6.0,7.0,-1.0,-0.29,3.71,0.0,1.0,1.0,0.0,3.0,4.0,5.0,,,0.0,,,,,,,,,,,,,,,,,,
파트릭크 페느트즈,오스트리아,오스트리아,GK,29,1997,,0,0,,,,,,,,,,,,,,,,,,,,,,,,,,0,0,,4,,,,,,,,,,,,,,,,,,,,,,,,,,,,,,,,,,
파트릭크 임멜,오스트리아,오스트리아,"FW,MF",25,2001,볼프스부르크,2,0,21.0,0.2,0.0,0.0,0.0,0.0,0.0,0.0,0.0,0.0,0.0,0.0,0.0,0.0,0.0,1.0,0.0,0.0,4.29,0.0,0.0,,11.0,5.8,,0,2,11.0,2,1.5,1.0,1.0,0.0,0.0,0.8,0.0,3.0,1.0,0.0,0.0,2.0,0.0,,,0.0,,,,,,,,,,,,,,,,,,
폴 안넬,오스트리아,오스트리아,MF,20,2005,PSV 에인트호번,4,2,234.0,2.6,0.0,0.0,0.0,0.0,0.0,0.0,0.0,0.0,0.0,0.0,0.0,0.0,0.0,1.0,0.0,0.0,0.38,0.0,0.0,,59.0,65.0,79.0,1,2,39.0,0,1.0,4.0,6.0,-2.0,-0.77,-0.05,0.0,4.0,2.0,0.0,1.0,2.0,1.0,,,0.0,,,,,,,,,,,,,,,,,,
피립프 린하르트,오스트리아,오스트리아,DF,29,1996,프라이부르크,2,2,180.0,2.0,0.0,0.0,0.0,0.0,0.0,0.0,0.0,0.0,0.0,0.0,0.0,0.0,0.0,1.0,0.0,0.0,0.5,0.0,0.0,,90.0,50.0,90.0,2,0,,2,2.0,6.0,4.0,2.0,1.0,3.5,0.0,0.0,0.0,0.0,0.0,1.0,1.0,,,0.0,,,,,,,,,,,,,,,,,,
필립프 므에네,오스트리아,오스트리아,DF,32,1994,마인츠,2,2,147.0,1.6,0.0,0.0,0.0,0.0,0.0,0.0,0.0,0.0,0.0,0.0,0.0,0.0,0.0,1.0,0.0,0.0,0.61,0.0,0.0,,74.0,40.8,74.0,0,0,,2,2.0,3.0,3.0,0.0,0.0,1.27,0.0,1.0,1.0,0.0,6.0,3.0,0.0,,,0.0,,,,,,,,,,,,,,,,,,
로마노 스크흐미드,오스트리아,오스트리아,"MF,FW",26,2000,베르더 브레멘,4,4,263.0,2.9,1.0,0.0,1.0,1.0,0.0,0.0,0.0,0.0,0.34,0.0,0.34,0.34,0.34,2.0,1.0,50.0,0.68,0.34,0.5,1.0,66.0,73.1,66.0,0,0,,0,1.0,3.0,4.0,-1.0,-0.34,1.51,0.0,3.0,4.0,0.0,3.0,0.0,4.0,,,0.0,,,,,,,,,,,,,,,,,,
사사 카라즈드지크,오스트리아,오스트리아,FW,28,1997,LASK,3,1,77.0,0.9,1.0,0.0,1.0,1.0,0.0,0.0,0.0,0.0,1.17,0.0,1.17,1.17,1.17,4.0,1.0,25.0,4.68,1.17,0.25,1.0,26.0,21.4,45.0,0,2,16.0,1,1.33,2.0,2.0,0.0,0.0,0.95,0.0,2.0,2.0,0.0,1.0,0.0,0.0,,,0.0,,,,,,,,,,,,,,,,,,
스테판 포스크,오스트리아,오스트리아,DF,29,1997,마인츠,4,4,331.0,3.7,0.0,0.0,0.0,0.0,0.0,0.0,2.0,0.0,0.0,0.0,0.0,0.0,0.0,3.0,0.0,0.0,0.82,0.0,0.0,,83.0,91.9,83.0,2,0,,0,1.0,6.0,7.0,-1.0,-0.27,5.93,0.0,7.0,3.0,0.0,3.0,10.0,4.0,,,0.0,,,,,,,,,,,,,,,,,,
크사벨 스크흐라겔,오스트리아,오스트리아,MF,28,1997,라이프치히,4,4,238.0,2.6,0.0,1.0,1.0,0.0,0.0,0.0,0.0,0.0,0.0,0.38,0.38,0.0,0.38,1.0,0.0,0.0,0.38,0.0,0.0,,60.0,66.1,60.0,1,0,,0,1.0,2.0,5.0,-3.0,-1.13,-1.13,0.0,6.0,0.0,0.0,1.0,7.0,3.0,,,0.0,,,,,,,,,,,,,,,,,,
아레크시스 사레마케르스,벨기에,벨기에,MF,26,1999,AC 밀란,4,1,83.0,0.9,1.0,0.0,1.0,1.0,0.0,0.0,0.0,0.0,1.08,0.0,1.08,1.08,1.08,4.0,1.0,25.0,4.34,1.08,0.25,1.0,21.0,14.6,57.0,0,3,9.0,2,1.75,3.0,2.0,1.0,1.08,-0.02,0.0,0.0,2.0,2.0,1.0,0.0,2.0,,,0.0,,,,,,,,,,,,,,,,,,
아마도이 오나나,벨기에,벨기에,MF,24,2001,아스톤 빌라,4,2,106.0,1.2,0.0,0.0,0.0,0.0,0.0,0.0,0.0,0.0,0.0,0.0,0.0,0.0,0.0,2.0,0.0,0.0,1.7,0.0,0.0,,27.0,18.6,38.0,0,2,16.0,1,2.5,4.0,2.0,2.0,1.7,0.73,0.0,1.0,3.0,0.0,0.0,2.0,2.0,,,0.0,,,,,,,,,,,,,,,,,,
아르트훌 시테,벨기에,벨기에,DF,26,2000,프랑크푸르트,3,2,228.0,2.5,0.0,0.0,0.0,0.0,0.0,0.0,0.0,0.0,0.0,0.0,0.0,0.0,0.0,5.0,1.0,20.0,1.97,0.39,0.0,0.0,76.0,40.0,105.0,2,1,18.0,3,2.33,8.0,3.0,5.0,1.97,1.45,0.0,1.0,0.0,0.0,0.0,3.0,0.0,,,0.0,,,,,,,,,,,,,,,,,,
아크셀 이트셀,벨기에,벨기에,"DF,MF",37,1989,지로나,2,0,33.0,0.4,0.0,0.0,0.0,0.0,0.0,0.0,1.0,0.0,0.0,0.0,0.0,0.0,0.0,0.0,0.0,,0.0,0.0,,,17.0,5.8,,0,2,17.0,4,1.5,1.0,1.0,0.0,0.0,-1.17,0.0,2.0,1.0,0.0,0.0,0.0,0.0,,,0.0,,,,,,,,,,,,,,,,,,
브란돈 메크헤레,벨기에,벨기에,DF,33,1993,클럽 브뤼헤,6,6,570.0,6.3,0.0,0.0,0.0,0.0,0.0,0.0,1.0,0.0,0.0,0.0,0.0,0.0,0.0,5.0,1.0,20.0,0.79,0.16,0.0,0.0,95.0,100.0,95.0,6,0,,0,1.83,14.0,7.0,7.0,1.11,,0.0,9.0,2.0,0.0,0.0,4.0,4.0,,,0.0,,,,,,,,,,,,,,,,,,
찰레스 데 케테라레,벨기에,벨기에,"FW,MF",25,2001,아탈란타,5,5,350.0,3.9,3.0,1.0,4.0,3.0,0.0,0.0,0.0,0.0,0.77,0.26,1.03,0.77,1.03,6.0,5.0,83.3,1.54,1.29,0.5,0.6,70.0,61.4,70.0,1,0,,1,2.0,8.0,6.0,2.0,0.51,-1.53,0.0,2.0,3.0,2.0,3.0,5.0,4.0,,,0.0,,,,,,,,,,,,,,,,,,
디고 모레라,벨기에,벨기에,MF,21,2004,스트라스부르,1,0,58.0,0.6,0.0,0.0,0.0,0.0,0.0,0.0,0.0,0.0,0.0,0.0,0.0,0.0,0.0,0.0,0.0,,0.0,0.0,,,58.0,10.2,,0,1,58.0,5,3.0,3.0,0.0,3.0,4.66,3.95,0.0,2.0,1.0,1.0,5.0,1.0,1.0,,,0.0,,,,,,,,,,,,,,,,,,
도디 루케바키,벨기에,벨기에,MF,28,1997,벤피카,3,1,164.0,1.8,0.0,0.0,0.0,0.0,0.0,0.0,0.0,0.0,0.0,0.0,0.0,0.0,0.0,7.0,1.0,14.3,3.84,0.55,0.0,0.0,55.0,28.8,66.0,0,2,49.0,3,2.33,6.0,1.0,5.0,2.74,2.3,0.0,1.0,2.0,0.0,6.0,0.0,1.0,,,0.0,,,,,,,,,,,,,,,,,,
하느스 바나켄,벨기에,벨기에,MF,33,1992,클럽 브뤼헤,6,3,319.0,3.5,1.0,2.0,3.0,1.0,0.0,0.0,0.0,0.0,0.28,0.56,0.85,0.28,0.85,5.0,1.0,20.0,1.41,0.28,0.2,1.0,53.0,56.0,70.0,1,3,36.0,0,1.83,9.0,5.0,4.0,1.13,0.05,0.0,0.0,6.0,0.0,2.0,1.0,1.0,,,0.0,,,,,,,,,,,,,,,,,,
제레미 도쿠,벨기에,벨기에,MF,24,2002,맨체스터 시티,5,4,309.0,3.4,0.0,0.0,0.0,0.0,0.0,0.0,0.0,0.0,0.0,0.0,0.0,0.0,0.0,3.0,1.0,33.3,0.87,0.29,0.0,0.0,62.0,54.2,71.0,1,1,24.0,0,2.0,5.0,5.0,0.0,0.0,-2.41,0.0,4.0,18.0,0.0,6.0,3.0,1.0,,,0.0,,,,,,,,,,,,,,,,,,
조쿤 세이스,벨기에,벨기에,DF,21,2005,클럽 브뤼헤,1,0,30.0,0.3,0.0,0.0,0.0,0.0,0.0,0.0,0.0,0.0,0.0,0.0,0.0,0.0,0.0,0.0,0.0,,0.0,0.0,,,30.0,5.3,,0,1,30.0,5,0.0,0.0,1.0,-1.0,-3.0,-4.33,0.0,0.0,0.0,0.0,0.0,0.0,1.0,,,0.0,,,,,,,,,,,,,,,,,,
케빈 더브라위너,벨기에,벨기에,MF,34,1991,나폴리,5,5,382.0,4.2,1.0,0.0,1.0,1.0,0.0,0.0,1.0,0.0,0.24,0.0,0.24,0.24,0.24,20.0,5.0,25.0,4.71,1.18,0.05,0.2,76.0,67.0,76.0,0,0,,1,1.6,5.0,4.0,1.0,0.24,-2.64,0.0,2.0,4.0,0.0,21.0,0.0,2.0,,,0.0,,,,,,,,,,,,,,,,,,
코니 데 인텔,벨기에,벨기에,DF,24,2002,,0,0,,,,,,,,,,,,,,,,,,,,,,,,,,0,0,,6,,,,,,,,,,,,,,,,,,,,,,,,,,,,,,,,,,
리느드로 트로스사르드,벨기에,벨기에,"MF,FW",31,1994,아스널,6,6,506.0,5.6,2.0,2.0,4.0,2.0,0.0,0.0,0.0,0.0,0.36,0.36,0.71,0.36,0.71,17.0,3.0,17.6,3.02,0.53,0.12,0.67,84.0,88.8,84.0,2,0,,0,1.83,10.0,5.0,5.0,0.89,-1.92,0.0,4.0,8.0,1.0,7.0,4.0,1.0,,,0.0,,,,,,,,,,,,,,,,,,
마티스 펠난데즈-팔도,벨기에,벨기에,"FW,MF",21,2005,릴,3,0,44.0,0.5,0.0,0.0,0.0,0.0,0.0,0.0,0.0,0.0,0.0,0.0,0.0,0.0,0.0,3.0,0.0,0.0,6.14,0.0,0.0,,15.0,7.7,,0,3,15.0,3,1.67,3.0,1.0,2.0,4.09,3.24,0.0,0.0,0.0,0.0,2.0,0.0,1.0,,,0.0,,,,,,,,,,,,,,,,,,
마크심 데 쿠펠,벨기에,벨기에,DF,25,2000,브라이턴,6,5,442.0,4.9,0.0,0.0,0.0,0.0,0.0,0.0,1.0,0.0,0.0,0.0,0.0,0.0,0.0,10.0,6.0,60.0,2.04,1.22,0.0,0.0,74.0,77.5,81.0,3,1,35.0,0,1.83,11.0,5.0,6.0,1.22,0.52,0.0,7.0,2.0,0.0,12.0,6.0,2.0,,,0.0,,,,,,,,,,,,,,,,,,
미케 펜데르스,벨기에,벨기에,GK,20,2005,,0,0,,,,,,,,,,,,,,,,,,,,,,,,,,0,0,,6,,,,,,,,,,,,,,,,,,,,,,,,,,,,,,,,,,
나트한 느고이,벨기에,벨기에,DF,23,2003,릴,4,4,335.0,3.7,0.0,0.0,0.0,0.0,0.0,0.0,0.0,1.0,0.0,0.0,0.0,0.0,0.0,1.0,0.0,0.0,0.27,0.0,0.0,,84.0,58.8,84.0,3,0,,1,1.25,6.0,4.0,2.0,0.54,-1.38,0.0,6.0,1.0,0.0,0.0,7.0,4.0,,,0.0,,,,,,,,,,,,,,,,,,
니코라스 라스킨,벨기에,벨기에,MF,25,2001,레인저스,6,3,341.0,3.8,0.0,2.0,2.0,0.0,0.0,0.0,0.0,0.0,0.0,0.53,0.53,0.0,0.53,2.0,1.0,50.0,0.53,0.26,0.0,0.0,57.0,59.8,78.0,1,3,35.0,0,1.83,10.0,3.0,7.0,1.85,1.85,0.0,12.0,3.0,0.0,7.0,2.0,5.0,,,0.0,,,,,,,,,,,,,,,,,,
로메루 루카쿠,벨기에,벨기에,FW,33,1993,나폴리,6,1,233.0,2.6,3.0,1.0,4.0,3.0,0.0,0.0,1.0,0.0,1.16,0.39,1.55,1.16,1.55,6.0,3.0,50.0,2.32,1.16,0.5,1.0,39.0,40.9,72.0,0,5,32.0,0,1.83,6.0,2.0,4.0,1.55,0.74,0.0,2.0,0.0,1.0,0.0,0.0,0.0,,,0.0,,,,,,,,,,,,,,,,,,
센네 람메느스,벨기에,벨기에,GK,23,2002,맨체스터 유나이티드,1,0,20.0,0.2,0.0,0.0,0.0,0.0,0.0,0.0,0.0,0.0,0.0,0.0,0.0,0.0,0.0,0.0,0.0,,0.0,0.0,,,20.0,3.5,,0,1,20.0,5,0.0,0.0,1.0,-1.0,-4.5,-5.81,0.0,0.0,0.0,0.0,0.0,0.0,0.0,,,0.0,1.0,0.0,20.0,1.0,4.5,3.0,2.0,66.7,0.0,0.0,0.0,0.0,,0.0,0.0,0.0,0.0,
티보 쿠르투아,벨기에,벨기에,GK,34,1992,레알 마드리드,6,6,550.0,6.1,0.0,0.0,0.0,0.0,0.0,0.0,0.0,0.0,0.0,0.0,0.0,0.0,0.0,0.0,0.0,,0.0,0.0,,,92.0,96.5,92.0,5,0,,0,1.83,14.0,6.0,8.0,1.31,5.81,0.0,0.0,0.0,0.0,0.0,0.0,0.0,,,0.0,6.0,6.0,550.0,6.0,0.98,20.0,14.0,70.0,3.0,2.0,1.0,1.0,16.7,0.0,0.0,0.0,0.0,
소마스 므닐,벨기에,벨기에,DF,34,1991,릴,3,2,190.0,2.1,0.0,1.0,1.0,0.0,0.0,0.0,0.0,0.0,0.0,0.47,0.47,0.0,0.47,2.0,1.0,50.0,0.95,0.47,0.0,0.0,63.0,33.3,74.0,1,1,43.0,3,1.67,4.0,1.0,3.0,1.42,0.47,0.0,9.0,0.0,0.0,7.0,2.0,2.0,,,0.0,,,,,,,,,,,,,,,,,,
티모트히 카스탁네,벨기에,벨기에,DF,30,1995,풀럼,6,5,478.0,5.3,0.0,1.0,1.0,0.0,0.0,0.0,1.0,0.0,0.0,0.19,0.19,0.0,0.19,3.0,1.0,33.3,0.56,0.19,0.0,0.0,80.0,83.9,89.0,4,1,33.0,0,1.83,13.0,7.0,6.0,1.13,0.15,0.0,7.0,2.0,0.0,20.0,8.0,7.0,,,0.0,,,,,,,,,,,,,,,,,,
이리 티레마느스,벨기에,벨기에,MF,29,1997,아스톤 빌라,5,5,474.0,5.3,2.0,0.0,2.0,1.0,1.0,1.0,0.0,0.0,0.38,0.0,0.38,0.19,0.19,11.0,3.0,27.3,2.09,0.57,0.09,0.33,95.0,83.2,95.0,4,0,,0,2.2,11.0,5.0,6.0,1.14,0.2,0.0,7.0,10.0,1.0,15.0,2.0,6.0,,,0.0,,,,,,,,,,,,,,,,,,
제노 데바스트,벨기에,벨기에,DF,22,2003,,0,0,,,,,,,,,,,,,,,,,,,,,,,,,,0,0,,1,,,,,,,,,,,,,,,,,,,,,,,,,,,,,,,,,,
아말 데디크,보스니아 헤르체고비나,보스니아 헤르체고비나,DF,23,2002,벤피카,3,3,270.0,3.0,0.0,0.0,0.0,0.0,0.0,0.0,1.0,0.0,0.0,0.0,0.0,0.0,0.0,2.0,1.0,50.0,0.67,0.33,0.0,0.0,90.0,75.0,90.0,3,0,,1,0.33,2.0,7.0,-5.0,-1.67,-3.67,0.0,6.0,3.0,0.0,0.0,1.0,7.0,,,0.0,,,,,,,,,,,,,,,,,,
아말 메미크,보스니아 헤르체고비나,보스니아 헤르체고비나,MF,25,2001,빅토리아 플젠,4,2,224.0,2.5,0.0,0.0,0.0,0.0,0.0,0.0,0.0,0.0,0.0,0.0,0.0,0.0,0.0,3.0,1.0,33.3,1.21,0.4,0.0,0.0,56.0,62.2,82.0,1,2,31.0,0,1.0,3.0,5.0,-2.0,-0.8,-0.14,0.0,4.0,3.0,0.0,5.0,2.0,2.0,,,0.0,,,,,,,,,,,,,,,,,,
아밀 하드지메토비크,보스니아 헤르체고비나,보스니아 헤르체고비나,MF,29,1997,헐 시티,1,0,6.0,0.1,0.0,0.0,0.0,0.0,0.0,0.0,0.0,0.0,0.0,0.0,0.0,0.0,0.0,0.0,0.0,,0.0,0.0,,,6.0,1.7,,0,1,6.0,3,0.0,1.0,2.0,-1.0,-15.0,-14.49,0.0,0.0,0.0,0.0,1.0,0.0,0.0,,,0.0,,,,,,,,,,,,,,,,,,
알잔 마리크,보스니아 헤르체고비나,보스니아 헤르체고비나,DF,20,2005,슈투름 그라츠,1,1,45.0,0.5,0.0,0.0,0.0,0.0,0.0,0.0,0.0,0.0,0.0,0.0,0.0,0.0,0.0,0.0,0.0,,0.0,0.0,,,45.0,12.5,45.0,0,0,,3,3.0,2.0,1.0,1.0,2.0,3.14,0.0,1.0,1.0,0.0,2.0,0.0,0.0,,,0.0,,,,,,,,,,,,,,,,,,
알민 기고비크,보스니아 헤르체고비나,보스니아 헤르체고비나,MF,24,2002,영 보이스,2,1,79.0,0.9,0.0,0.0,0.0,0.0,0.0,0.0,0.0,0.0,0.0,0.0,0.0,0.0,0.0,0.0,0.0,,0.0,0.0,,,40.0,21.9,50.0,0,1,29.0,2,0.5,0.0,2.0,-2.0,-2.28,-1.96,0.0,0.0,2.0,0.0,0.0,2.0,1.0,,,0.0,,,,,,,,,,,,,,,,,,
벤자민 타히로비크,보스니아 헤르체고비나,보스니아 헤르체고비나,MF,23,2003,브뢴비,4,2,237.0,2.6,0.0,0.0,0.0,0.0,0.0,0.0,0.0,0.0,0.0,0.0,0.0,0.0,0.0,1.0,0.0,0.0,0.38,0.0,0.0,,59.0,65.8,76.0,1,2,43.0,0,1.0,2.0,2.0,0.0,0.0,2.2,0.0,3.0,2.0,0.0,2.0,4.0,4.0,,,0.0,,,,,,,,,,,,,,,,,,
덴니스 하드지카두니크,보스니아 헤르체고비나,보스니아 헤르체고비나,DF,27,1998,삼프도리아,1,0,27.0,0.3,0.0,1.0,1.0,0.0,0.0,0.0,0.0,0.0,0.0,3.33,3.33,0.0,3.33,0.0,0.0,,0.0,0.0,,,27.0,7.5,,0,1,27.0,3,3.0,1.0,0.0,1.0,3.33,4.41,0.0,1.0,0.0,0.0,0.0,0.0,2.0,,,0.0,,,,,,,,,,,,,,,,,,
드제니스 불니크,보스니아 헤르체고비나,보스니아 헤르체고비나,MF,28,1998,카를스루에,2,0,16.0,0.2,0.0,0.0,0.0,0.0,0.0,0.0,0.0,0.0,0.0,0.0,0.0,0.0,0.0,1.0,0.0,0.0,5.63,0.0,0.0,,8.0,4.4,,0,2,8.0,2,2.0,0.0,0.0,0.0,0.0,0.78,0.0,0.0,0.0,0.0,0.0,0.0,0.0,,,0.0,,,,,,,,,,,,,,,,,,
에딘 드제코,보스니아 헤르체고비나,보스니아 헤르체고비나,FW,40,1986,샬케04,3,3,176.0,2.0,0.0,0.0,0.0,0.0,0.0,0.0,1.0,0.0,0.0,0.0,0.0,0.0,0.0,3.0,0.0,0.0,1.53,0.0,0.0,,59.0,48.9,59.0,0,0,,1,1.0,2.0,2.0,0.0,0.0,1.47,0.0,1.0,2.0,0.0,0.0,1.0,0.0,,,0.0,,,,,,,,,,,,,,,,,,
엘메딘 데미로비크,보스니아 헤르체고비나,보스니아 헤르체고비나,FW,28,1998,슈투트가르트,4,4,354.0,3.9,0.0,0.0,0.0,0.0,0.0,0.0,1.0,0.0,0.0,0.0,0.0,0.0,0.0,4.0,4.0,100.0,1.02,1.02,0.0,0.0,89.0,98.3,89.0,3,0,,0,1.0,4.0,6.0,-2.0,-0.51,14.49,0.0,11.0,3.0,1.0,0.0,1.0,1.0,,,0.0,,,,,,,,,,,,,,,,,,
엘민 마미크,보스니아 헤르체고비나,보스니아 헤르체고비나,MF,21,2005,슬로반 리베레츠,3,0,68.0,0.8,2.0,0.0,2.0,2.0,0.0,0.0,1.0,0.0,2.65,0.0,2.65,2.65,2.65,4.0,2.0,50.0,5.29,2.65,0.5,1.0,23.0,18.9,,0,3,23.0,1,1.0,2.0,2.0,0.0,0.0,0.92,0.0,1.0,1.0,0.0,1.0,0.0,1.0,,,0.0,,,,,,,,,,,,,,,,,,
에스밀 바즈락타레비크,보스니아 헤르체고비나,보스니아 헤르체고비나,MF,21,2005,PSV 에인트호번,4,2,230.0,2.6,0.0,0.0,0.0,0.0,0.0,0.0,0.0,0.0,0.0,0.0,0.0,0.0,0.0,3.0,2.0,66.7,1.17,0.78,0.0,0.0,58.0,63.9,82.0,1,2,34.0,0,1.0,5.0,6.0,-1.0,-0.39,0.99,0.0,1.0,2.0,0.0,8.0,3.0,0.0,,,0.0,,,,,,,,,,,,,,,,,,
하리스 타바코비크,보스니아 헤르체고비나,보스니아 헤르체고비나,FW,31,1994,샬케04,1,0,16.0,0.2,0.0,0.0,0.0,0.0,0.0,0.0,0.0,0.0,0.0,0.0,0.0,0.0,0.0,0.0,0.0,,0.0,0.0,,,16.0,4.4,,0,1,16.0,3,0.0,0.0,1.0,-1.0,-5.63,-5.1,0.0,0.0,0.0,0.0,0.0,0.0,0.0,,,0.0,,,,,,,,,,,,,,,,,,
이반 바시크,보스니아 헤르체고비나,보스니아 헤르체고비나,MF,24,2002,,3,2,179.0,2.0,0.0,1.0,1.0,0.0,0.0,0.0,0.0,0.0,0.0,0.5,0.5,0.0,0.5,4.0,0.0,0.0,2.01,0.0,0.0,,60.0,49.7,76.0,1,1,28.0,1,1.33,5.0,5.0,0.0,0.0,1.49,0.0,2.0,3.0,0.0,12.0,3.0,1.0,,,0.0,,,,,,,,,,,,,,,,,,
이반 순지크,보스니아 헤르체고비나,보스니아 헤르체고비나,MF,29,1996,,4,3,196.0,2.2,0.0,0.0,0.0,0.0,0.0,0.0,0.0,0.0,0.0,0.0,0.0,0.0,0.0,1.0,1.0,100.0,0.46,0.46,0.0,0.0,49.0,54.4,60.0,0,1,17.0,0,1.0,2.0,5.0,-3.0,-1.38,-1.38,0.0,7.0,0.0,0.0,1.0,0.0,3.0,,,0.0,,,,,,,,,,,,,,,,,,
조보 루키크,보스니아 헤르체고비나,보스니아 헤르체고비나,FW,27,1998,우니베르시타테아 클루지,2,1,67.0,0.7,1.0,0.0,1.0,1.0,0.0,0.0,1.0,0.0,1.34,0.0,1.34,1.34,1.34,3.0,2.0,66.7,4.03,2.69,0.33,0.5,34.0,18.6,61.0,0,1,6.0,2,0.5,2.0,2.0,0.0,0.0,0.92,0.0,1.0,0.0,0.0,0.0,0.0,1.0,,,0.0,,,,,,,,,,,,,,,,,,
케림 아라즈베고비크,보스니아 헤르체고비나,보스니아 헤르체고비나,MF,18,2007,잘츠부르크,4,3,277.0,3.1,1.0,0.0,1.0,1.0,0.0,0.0,0.0,0.0,0.32,0.0,0.32,0.32,0.32,4.0,1.0,25.0,1.3,0.32,0.25,1.0,69.0,76.9,87.0,1,1,17.0,0,1.0,3.0,7.0,-4.0,-1.3,-2.38,0.0,4.0,6.0,1.0,15.0,2.0,0.0,,,0.0,,,,,,,,,,,,,,,,,,
말틴 즈로미스리크,보스니아 헤르체고비나,보스니아 헤르체고비나,GK,27,1998,,0,0,,,,,,,,,,,,,,,,,,,,,,,,,,0,0,,4,,,,,,,,,,,,,,,,,,,,,,,,,,,,,,,,,,
므라덴 줄카스,보스니아 헤르체고비나,보스니아 헤르체고비나,GK,18,2007,,0,0,,,,,,,,,,,,,,,,,,,,,,,,,,0,0,,4,,,,,,,,,,,,,,,,,,,,,,,,,,,,,,,,,,
니하드 무자키크,보스니아 헤르체고비나,보스니아 헤르체고비나,DF,28,1998,,0,0,,,,,,,,,,,,,,,,,,,,,,,,,,0,0,,4,,,,,,,,,,,,,,,,,,,,,,,,,,,,,,,,,,
니코라 카티크,보스니아 헤르체고비나,보스니아 헤르체고비나,DF,29,1996,샬케04,4,4,317.0,3.5,0.0,0.0,0.0,0.0,0.0,0.0,1.0,0.0,0.0,0.0,0.0,0.0,0.0,2.0,0.0,0.0,0.57,0.0,0.0,,79.0,88.1,79.0,2,0,,0,1.0,4.0,7.0,-3.0,-0.85,-0.85,0.0,4.0,0.0,0.0,0.0,5.0,6.0,,,0.0,,,,,,,,,,,,,,,,,,
니코라 바시르즈,보스니아 헤르체고비나,보스니아 헤르체고비나,GK,30,1995,FC 장크트파울리,4,4,360.0,4.0,0.0,0.0,0.0,0.0,0.0,0.0,0.0,0.0,0.0,0.0,0.0,0.0,0.0,0.0,0.0,,0.0,0.0,,,90.0,100.0,90.0,4,0,,0,1.0,5.0,8.0,-3.0,-0.75,,0.0,0.0,0.0,0.0,0.0,0.0,0.0,,,0.0,4.0,4.0,360.0,8.0,2.0,14.0,6.0,42.9,1.0,1.0,2.0,0.0,0.0,1.0,1.0,0.0,0.0,0.0
사메드 바즈달,보스니아 헤르체고비나,보스니아 헤르체고비나,FW,22,2004,묀헨글라드바흐,1,0,29.0,0.3,0.0,0.0,0.0,0.0,0.0,0.0,0.0,0.0,0.0,0.0,0.0,0.0,0.0,0.0,0.0,,0.0,0.0,,,29.0,8.1,,0,1,29.0,3,1.0,0.0,1.0,-1.0,-3.1,-2.56,0.0,1.0,1.0,0.0,0.0,0.0,0.0,,,0.0,,,,,,,,,,,,,,,,,,
시드 코라시나크,보스니아 헤르체고비나,보스니아 헤르체고비나,DF,32,1993,아탈란타,4,4,337.0,3.7,0.0,1.0,1.0,0.0,0.0,0.0,0.0,0.0,0.0,0.27,0.27,0.0,0.27,0.0,0.0,,0.0,0.0,,,84.0,93.6,84.0,2,0,,0,1.0,5.0,7.0,-2.0,-0.53,3.38,0.0,6.0,4.0,0.0,9.0,2.0,6.0,,,0.0,,,,,,,,,,,,,,,,,,
스트제판 라델지크,보스니아 헤르체고비나,보스니아 헤르체고비나,DF,28,1997,리예카,2,2,180.0,2.0,0.0,0.0,0.0,0.0,0.0,0.0,1.0,0.0,0.0,0.0,0.0,0.0,0.0,1.0,0.0,0.0,0.5,0.0,0.0,,90.0,50.0,90.0,2,0,,2,1.5,3.0,3.0,0.0,0.0,1.5,0.0,1.0,3.0,0.0,0.0,0.0,1.0,,,0.0,,,,,,,,,,,,,,,,,,
타릭 무하레모비크,보스니아 헤르체고비나,보스니아 헤르체고비나,DF,23,2003,사수올로,3,3,259.0,2.9,0.0,0.0,0.0,0.0,0.0,0.0,0.0,1.0,0.0,0.0,0.0,0.0,0.0,1.0,0.0,0.0,0.35,0.0,0.0,,86.0,71.9,86.0,2,0,,0,0.33,1.0,4.0,-3.0,-1.04,-1.04,0.0,5.0,2.0,0.0,1.0,8.0,1.0,,,0.0,,,,,,,,,,,,,,,,,,
아레스 사느드로,브라질,브라질,"DF,MF",35,1991,플라멩구,1,0,9.0,0.1,0.0,0.0,0.0,0.0,0.0,0.0,0.0,0.0,0.0,0.0,0.0,0.0,0.0,0.0,0.0,,0.0,0.0,,,9.0,2.0,,0,1,9.0,4,3.0,0.0,0.0,0.0,0.0,-1.22,0.0,1.0,0.0,0.0,0.0,0.0,0.0,,,0.0,,,,,,,,,,,,,,,,,,
알리송,브라질,브라질,GK,33,1992,리버풀,5,5,450.0,5.0,0.0,0.0,0.0,0.0,0.0,0.0,0.0,0.0,0.0,0.0,0.0,0.0,0.0,0.0,0.0,,0.0,0.0,,,90.0,100.0,90.0,5,0,,0,2.0,10.0,4.0,6.0,1.2,,0.0,0.0,0.0,0.0,0.0,0.0,0.0,,,0.0,5.0,5.0,450.0,4.0,0.8,18.0,14.0,77.8,3.0,1.0,1.0,2.0,40.0,0.0,0.0,0.0,0.0,
브루누 기마랑이스,브라질,브라질,MF,28,1997,뉴캐슬,5,5,416.0,4.6,0.0,4.0,4.0,0.0,0.0,1.0,0.0,0.0,0.0,0.87,0.87,0.0,0.87,8.0,2.0,25.0,1.73,0.43,0.0,0.0,83.0,92.4,83.0,1,0,,0,2.0,8.0,3.0,5.0,1.08,-1.57,0.0,4.0,7.0,0.0,16.0,2.0,6.0,,,0.0,,,,,,,,,,,,,,,,,,
카세미루,브라질,브라질,MF,34,1992,맨체스터 유나이티드,5,5,379.0,4.2,1.0,0.0,1.0,1.0,0.0,0.0,2.0,0.0,0.24,0.0,0.24,0.24,0.24,4.0,2.0,50.0,0.95,0.47,0.25,0.5,76.0,84.2,76.0,2,0,,0,2.0,9.0,4.0,5.0,1.19,-0.08,0.0,6.0,6.0,0.0,5.0,6.0,5.0,,,0.0,,,,,,,,,,,,,,,,,,
다니로,브라질,브라질,DF,34,1991,플라멩구,5,4,405.0,4.5,0.0,0.0,0.0,0.0,0.0,0.0,2.0,0.0,0.0,0.0,0.0,0.0,0.0,1.0,0.0,0.0,0.22,0.0,0.0,,81.0,90.0,90.0,4,1,45.0,0,2.0,9.0,3.0,6.0,1.33,1.33,0.0,7.0,1.0,1.0,10.0,7.0,2.0,,,0.0,,,,,,,,,,,,,,,,,,
다니로 산토스,브라질,브라질,MF,25,2001,보타포구,4,0,46.0,0.5,0.0,0.0,0.0,0.0,0.0,0.0,0.0,0.0,0.0,0.0,0.0,0.0,0.0,2.0,1.0,50.0,3.91,1.96,0.0,0.0,12.0,10.2,,0,4,12.0,1,1.75,1.0,2.0,-1.0,-1.96,-3.52,0.0,0.0,0.0,0.0,0.0,1.0,2.0,,,0.0,,,,,,,,,,,,,,,,,,
독이라스 산토스,브라질,브라질,DF,32,1994,제니트,5,5,441.0,4.9,0.0,0.0,0.0,0.0,0.0,0.0,1.0,0.0,0.0,0.0,0.0,0.0,0.0,2.0,0.0,0.0,0.41,0.0,0.0,,88.0,98.0,88.0,4,0,,0,2.0,10.0,4.0,6.0,1.22,1.22,0.0,3.0,2.0,1.0,6.0,6.0,10.0,,,0.0,,,,,,,,,,,,,,,,,,
에데르송,브라질,브라질,GK,32,1993,,0,0,,,,,,,,,,,,,,,,,,,,,,,,,,0,0,,5,,,,,,,,,,,,,,,,,,,,,,,,,,,,,,,,,,
에느드릭크,브라질,브라질,FW,19,2006,리옹,4,0,114.0,1.3,0.0,0.0,0.0,0.0,0.0,0.0,0.0,0.0,0.0,0.0,0.0,0.0,0.0,3.0,0.0,0.0,2.37,0.0,0.0,,29.0,25.3,,0,4,29.0,1,2.25,3.0,2.0,1.0,0.79,-0.55,0.0,1.0,1.0,1.0,0.0,1.0,1.0,,,0.0,,,,,,,,,,,,,,,,,,
파빈호,브라질,브라질,"DF,MF",32,1993,알이티하드,3,0,71.0,0.8,0.0,0.0,0.0,0.0,0.0,0.0,1.0,0.0,0.0,0.0,0.0,0.0,0.0,1.0,0.0,0.0,1.27,0.0,0.0,,24.0,15.8,,0,3,24.0,2,2.33,1.0,0.0,1.0,1.27,0.08,0.0,4.0,0.0,0.0,0.0,2.0,1.0,,,0.0,,,,,,,,,,,,,,,,,,
갑릴 마갈하스,브라질,브라질,DF,28,1997,아스널,5,5,450.0,5.0,0.0,1.0,1.0,0.0,0.0,0.0,0.0,0.0,0.0,0.2,0.2,0.0,0.2,1.0,0.0,0.0,0.2,0.0,0.0,,90.0,100.0,90.0,5,0,,0,2.0,10.0,4.0,6.0,1.2,,0.0,1.0,3.0,0.0,3.0,4.0,2.0,,,0.0,,,,,,,,,,,,,,,,,,
갑릴 말티넬리,브라질,브라질,MF,24,2001,아스널,4,1,143.0,1.6,1.0,0.0,1.0,1.0,0.0,0.0,0.0,0.0,0.63,0.0,0.63,0.63,0.63,2.0,1.0,50.0,1.26,0.63,0.5,1.0,36.0,31.8,66.0,0,3,26.0,1,2.25,1.0,0.0,1.0,0.63,-0.84,0.0,4.0,3.0,0.0,2.0,2.0,0.0,,,0.0,,,,,,,,,,,,,,,,,,
그레손 브레멜,브라질,브라질,DF,29,1997,,0,0,,,,,,,,,,,,,,,,,,,,,,,,,,0,0,,5,,,,,,,,,,,,,,,,,,,,,,,,,,,,,,,,,,
이골 시고,브라질,브라질,FW,24,2001,브렌트포드,1,1,61.0,0.7,0.0,0.0,0.0,0.0,0.0,0.0,0.0,0.0,0.0,0.0,0.0,0.0,0.0,2.0,1.0,50.0,2.95,1.48,0.0,0.0,61.0,13.6,61.0,0,0,,4,1.0,1.0,1.0,0.0,0.0,-1.39,0.0,2.0,0.0,0.0,0.0,0.0,1.0,,,0.0,,,,,,,,,,,,,,,,,,
루카스 파쿠타,브라질,브라질,MF,28,1997,플라멩구,4,4,233.0,2.6,0.0,1.0,1.0,0.0,0.0,0.0,0.0,0.0,0.0,0.39,0.39,0.0,0.39,5.0,1.0,20.0,1.93,0.39,0.0,0.0,58.0,51.8,58.0,0,0,,0,2.5,7.0,2.0,5.0,1.93,1.52,0.0,3.0,6.0,0.0,5.0,5.0,4.0,,,0.0,,,,,,,,,,,,,,,,,,
루즈 헨리쿠,브라질,브라질,"FW,MF",25,2001,제니트,1,0,29.0,0.3,0.0,0.0,0.0,0.0,0.0,0.0,0.0,0.0,0.0,0.0,0.0,0.0,0.0,0.0,0.0,,0.0,0.0,,,29.0,6.4,,0,1,29.0,4,1.0,0.0,0.0,0.0,0.0,-1.28,0.0,0.0,1.0,0.0,0.0,0.0,0.0,,,0.0,,,,,,,,,,,,,,,,,,
레 페레라,브라질,브라질,DF,30,1996,,0,0,,,,,,,,,,,,,,,,,,,,,,,,,,0,0,,5,,,,,,,,,,,,,,,,,,,,,,,,,,,,,,,,,,
말쿤호스,브라질,브라질,DF,32,1994,파리 생제르맹,5,5,450.0,5.0,0.0,0.0,0.0,0.0,0.0,0.0,0.0,0.0,0.0,0.0,0.0,0.0,0.0,2.0,0.0,0.0,0.4,0.0,0.0,,90.0,100.0,90.0,5,0,,0,2.0,10.0,4.0,6.0,1.2,,0.0,0.0,2.0,1.0,1.0,3.0,2.0,,,0.0,,,,,,,,,,,,,,,,,,
마트흐스 쿤하,브라질,브라질,FW,27,1999,맨체스터 유나이티드,5,4,290.0,3.2,3.0,0.0,3.0,3.0,0.0,0.0,0.0,0.0,0.93,0.0,0.93,0.93,0.93,11.0,5.0,45.5,3.41,1.55,0.27,0.6,58.0,64.4,65.0,0,1,30.0,0,2.0,7.0,1.0,6.0,1.86,1.86,0.0,1.0,3.0,1.0,4.0,3.0,3.0,,,0.0,,,,,,,,,,,,,,,,,,
네이마르,브라질,브라질,"FW,MF",34,1992,산투스,2,0,39.0,0.4,1.0,0.0,1.0,0.0,1.0,1.0,1.0,0.0,2.31,0.0,2.31,0.0,0.0,3.0,2.0,66.7,6.92,4.62,0.0,0.0,20.0,8.7,,0,2,20.0,1,1.5,1.0,2.0,-1.0,-2.31,-3.84,0.0,1.0,1.0,0.0,7.0,0.0,0.0,,,0.0,,,,,,,,,,,,,,,,,,
랍힌하,브라질,브라질,"MF,FW",29,1996,바르셀로나,2,2,129.0,1.4,0.0,0.0,0.0,0.0,0.0,0.0,0.0,0.0,0.0,0.0,0.0,0.0,0.0,3.0,2.0,66.7,2.09,1.4,0.0,0.0,65.0,28.7,65.0,1,0,,1,2.0,3.0,1.0,2.0,1.4,0.27,0.0,1.0,2.0,2.0,9.0,0.0,0.0,,,0.0,,,,,,,,,,,,,,,,,,
란,브라질,브라질,"FW,MF",19,2006,본머스,4,3,288.0,3.2,0.0,1.0,1.0,0.0,0.0,0.0,0.0,0.0,0.0,0.31,0.31,0.0,0.31,5.0,2.0,40.0,1.56,0.62,0.0,0.0,72.0,64.0,79.0,1,1,51.0,1,2.25,6.0,1.0,5.0,1.56,1.01,0.0,5.0,4.0,1.0,11.0,3.0,4.0,,,0.0,,,,,,,,,,,,,,,,,,
로겔 이바네즈,브라질,브라질,DF,27,1998,알아흘리,1,1,45.0,0.5,0.0,0.0,0.0,0.0,0.0,0.0,1.0,0.0,0.0,0.0,0.0,0.0,0.0,0.0,0.0,,0.0,0.0,,,45.0,10.0,45.0,0,0,,4,1.0,1.0,1.0,0.0,0.0,-1.33,0.0,2.0,1.0,0.0,0.0,1.0,2.0,,,0.0,,,,,,,,,,,,,,,,,,
비니시우스 주니오르,브라질,브라질,FW,25,2000,레알 마드리드,5,5,440.0,4.9,4.0,1.0,5.0,4.0,0.0,0.0,0.0,0.0,0.82,0.2,1.02,0.82,1.02,17.0,11.0,64.7,3.48,2.25,0.24,0.36,88.0,97.8,88.0,4,0,,0,2.0,10.0,4.0,6.0,1.23,1.23,0.0,4.0,10.0,3.0,12.0,1.0,1.0,,,0.0,,,,,,,,,,,,,,,,,,
에벨톤,브라질,브라질,GK,38,1987,,0,0,,,,,,,,,,,,,,,,,,,,,,,,,,0,0,,5,,,,,,,,,,,,,,,,,,,,,,,,,,,,,,,,,,
에델손 실바,브라질,브라질,MF,26,1999,아탈란타,2,0,22.0,0.2,0.0,0.0,0.0,0.0,0.0,0.0,0.0,0.0,0.0,0.0,0.0,0.0,0.0,2.0,0.0,0.0,8.18,0.0,0.0,,11.0,4.9,,0,2,11.0,3,1.5,1.0,1.0,0.0,0.0,-1.26,0.0,1.0,0.0,0.0,2.0,1.0,0.0,,,0.0,,,,,,,,,,,,,,,,,,
크 즈 도스 산토스,카보베르데,카보베르데,GK,25,2000,,0,0,,,,,,,,,,,,,,,,,,,,,,,,,,0,0,,4,,,,,,,,,,,,,,,,,,,,,,,,,,,,,,,,,,
다이론 립라멘토,카보베르데,카보베르데,FW,25,2001,카사피아,3,2,174.0,1.9,0.0,0.0,0.0,0.0,0.0,0.0,0.0,0.0,0.0,0.0,0.0,0.0,0.0,1.0,0.0,0.0,0.52,0.0,0.0,,58.0,44.6,60.0,0,1,54.0,1,0.67,1.0,2.0,-1.0,-0.52,-0.52,0.0,1.0,1.0,2.0,2.0,0.0,0.0,,,0.0,,,,,,,,,,,,,,,,,,
데로이 둘테,카보베르데,카보베르데,MF,26,1999,루도고레츠,4,2,264.0,2.9,1.0,0.0,1.0,1.0,0.0,0.0,0.0,0.0,0.34,0.0,0.34,0.34,0.34,3.0,2.0,66.7,1.02,0.68,0.33,0.5,66.0,67.7,95.0,1,2,38.0,0,0.75,2.0,2.0,0.0,0.0,0.71,0.0,4.0,1.0,0.0,1.0,6.0,5.0,,,0.0,,,,,,,,,,,,,,,,,,
디네이,카보베르데,카보베르데,DF,31,1995,,4,4,390.0,4.3,0.0,0.0,0.0,0.0,0.0,0.0,1.0,0.0,0.0,0.0,0.0,0.0,0.0,4.0,2.0,50.0,0.92,0.46,0.0,0.0,98.0,100.0,98.0,4,0,,0,0.75,4.0,5.0,-1.0,-0.23,,0.0,2.0,0.0,0.0,0.0,4.0,7.0,,,1.0,,,,,,,,,,,,,,,,,,
갈리 로드리구스,카보베르데,카보베르데,MF,35,1990,,2,1,76.0,0.8,0.0,0.0,0.0,0.0,0.0,0.0,0.0,0.0,0.0,0.0,0.0,0.0,0.0,1.0,0.0,0.0,1.18,0.0,0.0,,38.0,19.5,57.0,0,1,19.0,2,1.0,1.0,2.0,-1.0,-1.18,-1.18,0.0,0.0,0.0,2.0,2.0,1.0,2.0,,,0.0,,,,,,,,,,,,,,,,,,
길손 베느크히몰,카보베르데,카보베르데,FW,24,2001,아크론 톨리야티,2,1,78.0,0.9,0.0,0.0,0.0,0.0,0.0,0.0,0.0,0.0,0.0,0.0,0.0,0.0,0.0,0.0,0.0,,0.0,0.0,,,39.0,20.0,57.0,0,1,21.0,2,0.5,2.0,3.0,-1.0,-1.15,-1.15,0.0,0.0,1.0,0.0,0.0,0.0,0.0,,,0.0,,,,,,,,,,,,,,,,,,
헤리 바레라,카보베르데,카보베르데,FW,24,2002,,3,0,104.0,1.2,1.0,0.0,1.0,1.0,0.0,0.0,0.0,0.0,0.87,0.0,0.87,0.87,0.87,3.0,1.0,33.3,2.6,0.87,0.33,1.0,35.0,26.7,,0,3,35.0,1,0.67,2.0,2.0,0.0,0.0,0.31,0.0,1.0,2.0,1.0,1.0,0.0,0.0,,,0.0,,,,,,,,,,,,,,,,,,
자미로 몬테로,카보베르데,카보베르데,MF,32,1993,즈볼레,4,3,281.0,3.1,0.0,0.0,0.0,0.0,0.0,0.0,0.0,0.0,0.0,0.0,0.0,0.0,0.0,5.0,1.0,20.0,1.6,0.32,0.0,0.0,70.0,72.1,76.0,0,1,54.0,0,0.75,3.0,4.0,-1.0,-0.32,-0.32,0.0,4.0,2.0,0.0,7.0,4.0,4.0,,,0.0,,,,,,,,,,,,,,,,,,
조바네 캅랄,카보베르데,카보베르데,FW,28,1998,이스트렐라,2,2,139.0,1.5,0.0,0.0,0.0,0.0,0.0,0.0,0.0,0.0,0.0,0.0,0.0,0.0,0.0,2.0,0.0,0.0,1.29,0.0,0.0,,70.0,35.6,70.0,0,0,,2,0.5,1.0,1.0,0.0,0.0,0.36,0.0,1.0,2.0,0.0,1.0,1.0,3.0,,,0.0,,,,,,,,,,,,,,,,,,
조 포로 펠난데스,카보베르데,카보베르데,DF,28,1998,FCSB,2,1,105.0,1.2,0.0,0.0,0.0,0.0,0.0,0.0,0.0,0.0,0.0,0.0,0.0,0.0,0.0,2.0,0.0,0.0,1.71,0.0,0.0,,53.0,26.9,90.0,1,1,15.0,2,1.0,0.0,0.0,0.0,0.0,0.32,0.0,0.0,4.0,0.0,5.0,6.0,1.0,,,0.0,,,,,,,,,,,,,,,,,,
켈빈 피레스,카보베르데,카보베르데,DF,26,2000,,0,0,,,,,,,,,,,,,,,,,,,,,,,,,,0,0,,4,,,,,,,,,,,,,,,,,,,,,,,,,,,,,,,,,,
케빈 피나,카보베르데,카보베르데,MF,29,1997,크라스노다르,4,4,349.0,3.9,1.0,0.0,1.0,1.0,0.0,0.0,1.0,0.0,0.26,0.0,0.26,0.26,0.26,5.0,1.0,20.0,1.29,0.26,0.2,1.0,87.0,89.5,87.0,2,0,,0,0.75,3.0,4.0,-1.0,-0.26,-0.26,0.0,5.0,3.0,0.0,2.0,3.0,7.0,,,0.0,,,,,,,,,,,,,,,,,,
라로스 둘테,카보베르데,카보베르데,MF,29,1997,푸슈카시 아카데미아,4,2,166.0,1.8,0.0,0.0,0.0,0.0,0.0,0.0,0.0,0.0,0.0,0.0,0.0,0.0,0.0,3.0,3.0,100.0,1.63,1.63,0.0,0.0,42.0,42.6,63.0,0,2,20.0,0,0.75,1.0,1.0,0.0,0.0,0.4,0.0,0.0,2.0,0.0,2.0,2.0,1.0,,,0.0,,,,,,,,,,,,,,,,,,
로간 코스타,카보베르데,카보베르데,DF,25,2001,,0,0,,,,,,,,,,,,,,,,,,,,,,,,,,0,0,,4,,,,,,,,,,,,,,,,,,,,,,,,,,,,,,,,,,
말키 로사,카보베르데,카보베르데,GK,29,1997,,0,0,,,,,,,,,,,,,,,,,,,,,,,,,,0,0,,4,,,,,,,,,,,,,,,,,,,,,,,,,,,,,,,,,,
누노 다 코스타,카보베르데,카보베르데,FW,35,1991,바샥셰히르,4,1,159.0,1.8,0.0,0.0,0.0,0.0,0.0,0.0,0.0,0.0,0.0,0.0,0.0,0.0,0.0,1.0,0.0,0.0,0.57,0.0,0.0,,40.0,40.8,66.0,0,3,31.0,0,0.75,2.0,1.0,1.0,0.57,1.35,0.0,0.0,3.0,0.0,1.0,1.0,2.0,,,0.0,,,,,,,,,,,,,,,,,,
피코,카보베르데,카보베르데,DF,33,1992,샴록 로버스,4,4,390.0,4.3,0.0,0.0,0.0,0.0,0.0,0.0,0.0,0.0,0.0,0.0,0.0,0.0,0.0,2.0,0.0,0.0,0.46,0.0,0.0,,98.0,100.0,98.0,4,0,,0,0.75,4.0,5.0,-1.0,-0.23,,0.0,0.0,3.0,0.0,0.0,7.0,5.0,,,0.0,,,,,,,,,,,,,,,,,,
린 멘데스,카보베르데,카보베르데,"FW,MF",36,1990,,4,4,330.0,3.7,0.0,1.0,1.0,0.0,0.0,0.0,0.0,0.0,0.0,0.27,0.27,0.0,0.27,6.0,0.0,0.0,1.64,0.0,0.0,,83.0,84.6,83.0,2,0,,0,0.75,3.0,3.0,0.0,0.0,1.5,0.0,1.0,2.0,2.0,3.0,5.0,2.0,,,0.0,,,,,,,,,,,,,,,,,,
시드니 로페스 캅랄,카보베르데,카보베르데,DF,23,2002,벤피카,3,3,285.0,3.2,1.0,0.0,1.0,1.0,0.0,0.0,2.0,0.0,0.32,0.0,0.32,0.32,0.32,4.0,2.0,50.0,1.26,0.63,0.25,0.5,95.0,73.1,95.0,2,0,,0,0.67,4.0,5.0,-1.0,-0.32,-0.32,0.0,2.0,9.0,0.0,12.0,4.0,2.0,,,0.0,,,,,,,,,,,,,,,,,,
스테벤 모레라,카보베르데,카보베르데,DF,31,1994,콜럼버스 크루,4,3,301.0,3.3,0.0,0.0,0.0,0.0,0.0,0.0,0.0,0.0,0.0,0.0,0.0,0.0,0.0,2.0,0.0,0.0,0.6,0.0,0.0,,75.0,77.2,100.0,3,1,1.0,0,0.75,4.0,5.0,-1.0,-0.3,-0.3,0.0,0.0,2.0,0.0,4.0,2.0,3.0,,,0.0,,,,,,,,,,,,,,,,,,
스토피라,카보베르데,카보베르데,DF,38,1988,,0,0,,,,,,,,,,,,,,,,,,,,,,,,,,0,0,,4,,,,,,,,,,,,,,,,,,,,,,,,,,,,,,,,,,
텔모 알칸조,카보베르데,카보베르데,MF,24,2001,비토리아 기마랑이스,2,1,57.0,0.6,0.0,0.0,0.0,0.0,0.0,0.0,0.0,0.0,0.0,0.0,0.0,0.0,0.0,0.0,0.0,,0.0,0.0,,,29.0,14.6,45.0,0,1,12.0,1,1.0,1.0,2.0,-1.0,-1.58,-1.58,0.0,0.0,1.0,0.0,1.0,0.0,0.0,,,0.0,,,,,,,,,,,,,,,,,,
보진하,카보베르데,카보베르데,GK,40,1986,,4,4,390.0,4.3,0.0,0.0,0.0,0.0,0.0,0.0,0.0,0.0,0.0,0.0,0.0,0.0,0.0,0.0,0.0,,0.0,0.0,,,98.0,100.0,98.0,4,0,,0,0.75,4.0,5.0,-1.0,-0.23,,0.0,0.0,3.0,0.0,0.0,0.0,0.0,,,0.0,4.0,4.0,390.0,5.0,1.15,23.0,18.0,78.3,0.0,3.0,1.0,2.0,50.0,0.0,0.0,0.0,0.0,
악넬 피나,카보베르데,카보베르데,DF,23,2002,트라브존스포르,1,1,89.0,1.0,0.0,0.0,0.0,0.0,0.0,0.0,1.0,0.0,0.0,0.0,0.0,0.0,0.0,1.0,0.0,0.0,1.01,0.0,0.0,,89.0,22.8,89.0,0,0,,3,1.0,0.0,0.0,0.0,0.0,0.3,0.0,1.0,3.0,0.0,2.0,1.0,0.0,,,0.0,,,,,,,,,,,,,,,,,,
일리 세메도,카보베르데,카보베르데,FW,32,1994,,3,1,131.0,1.5,0.0,0.0,0.0,0.0,0.0,0.0,0.0,0.0,0.0,0.0,0.0,0.0,0.0,3.0,0.0,0.0,2.06,0.0,0.0,,44.0,33.6,60.0,0,2,36.0,1,0.67,1.0,2.0,-1.0,-0.69,-0.69,0.0,4.0,2.0,0.0,2.0,3.0,0.0,,,0.0,,,,,,,,,,,,,,,,,,
인닉크,카보베르데,카보베르데,MF,30,1995,,2,0,32.0,0.4,0.0,1.0,1.0,0.0,0.0,0.0,0.0,0.0,0.0,2.81,2.81,0.0,2.81,1.0,0.0,0.0,2.81,0.0,0.0,,16.0,8.2,,0,2,16.0,2,0.5,1.0,1.0,0.0,0.0,0.25,0.0,1.0,1.0,0.0,2.0,2.0,1.0,,,0.0,,,,,,,,,,,,,,,,,,
알피 조네스,캐나다,캐나다,"DF,MF",28,1997,,0,0,,,,,,,,,,,,,,,,,,,,,,,,,,0,0,,3,,,,,,,,,,,,,,,,,,,,,,,,,,,,,,,,,,
아리 아메드,캐나다,캐나다,MF,25,2000,노리치 시티,4,3,234.0,2.6,0.0,0.0,0.0,0.0,0.0,0.0,0.0,0.0,0.0,0.0,0.0,0.0,0.0,2.0,1.0,50.0,0.77,0.38,0.0,0.0,59.0,52.0,68.0,0,1,30.0,1,1.0,5.0,3.0,2.0,0.77,0.35,0.0,1.0,5.0,0.0,13.0,3.0,2.0,,,0.0,,,,,,,,,,,,,,,,,,
아리스탈이 조흐느스톤,캐나다,캐나다,DF,27,1998,셀틱,5,5,450.0,5.0,0.0,0.0,0.0,0.0,0.0,0.0,1.0,0.0,0.0,0.0,0.0,0.0,0.0,5.0,2.0,40.0,1.0,0.4,0.0,0.0,90.0,100.0,90.0,5,0,,0,1.4,9.0,6.0,3.0,0.6,,0.0,5.0,4.0,0.0,19.0,6.0,2.0,,,0.0,,,,,,,,,,,,,,,,,,
알폰소 데이비스,캐나다,캐나다,"DF,FW",25,2000,바이에른 뮌헨,1,0,16.0,0.2,0.0,0.0,0.0,0.0,0.0,0.0,0.0,0.0,0.0,0.0,0.0,0.0,0.0,0.0,0.0,,0.0,0.0,,,16.0,3.6,,0,1,16.0,4,3.0,1.0,0.0,1.0,5.63,5.21,0.0,0.0,0.0,0.0,0.0,0.0,0.0,,,0.0,,,,,,,,,,,,,,,,,,
키레 라린,캐나다,캐나다,FW,31,1995,마요르카,4,2,190.0,2.1,2.0,0.0,2.0,2.0,0.0,0.0,2.0,0.0,0.95,0.0,0.95,0.95,0.95,9.0,4.0,44.4,4.26,1.89,0.22,0.5,48.0,42.2,74.0,1,2,22.0,1,1.0,7.0,4.0,3.0,1.42,1.42,0.0,5.0,1.0,3.0,0.0,0.0,0.0,,,0.0,,,,,,,,,,,,,,,,,,
데이네 스트 크랄이,캐나다,캐나다,GK,29,1997,,0,0,,,,,,,,,,,,,,,,,,,,,,,,,,0,0,,5,,,,,,,,,,,,,,,,,,,,,,,,,,,,,,,,,,
데렉 콜네리스,캐나다,캐나다,DF,28,1997,마르세유,4,4,315.0,3.5,0.0,0.0,0.0,0.0,0.0,0.0,1.0,0.0,0.0,0.0,0.0,0.0,0.0,5.0,1.0,20.0,1.43,0.29,0.0,0.0,79.0,70.0,79.0,3,0,,1,1.75,6.0,3.0,3.0,0.86,0.86,0.0,4.0,3.0,0.0,1.0,2.0,3.0,,,0.0,,,,,,,,,,,,,,,,,,
이스말 코네,캐나다,캐나다,MF,23,2002,사수올로,2,2,146.0,1.6,0.0,0.0,0.0,0.0,0.0,0.0,0.0,0.0,0.0,0.0,0.0,0.0,0.0,2.0,0.0,0.0,1.23,0.0,0.0,,73.0,32.4,73.0,1,0,,0,2.0,4.0,1.0,3.0,1.85,1.85,0.0,1.0,3.0,0.0,3.0,3.0,2.0,,,0.0,,,,,,,,,,,,,,,,,,
자콥 사프펠북르,캐나다,캐나다,MF,26,1999,LAFC,5,0,92.0,1.0,0.0,0.0,0.0,0.0,0.0,0.0,0.0,0.0,0.0,0.0,0.0,0.0,0.0,3.0,0.0,0.0,2.93,0.0,0.0,,18.0,20.4,,0,5,18.0,0,1.4,4.0,2.0,2.0,1.96,1.71,0.0,2.0,1.0,0.0,18.0,2.0,1.0,,,0.0,,,,,,,,,,,,,,,,,,
제이덴 넬손,캐나다,캐나다,"FW,MF",23,2002,오스틴 FC,1,0,4.0,0.0,0.0,0.0,0.0,0.0,0.0,0.0,0.0,0.0,0.0,0.0,0.0,0.0,0.0,1.0,0.0,0.0,22.5,0.0,0.0,,4.0,0.9,,0,1,4.0,4,0.0,0.0,1.0,-1.0,-22.5,-23.31,0.0,0.0,0.0,0.0,2.0,0.0,0.0,,,0.0,,,,,,,,,,,,,,,,,,
죌 아텔만,캐나다,캐나다,DF,30,1996,,0,0,,,,,,,,,,,,,,,,,,,,,,,,,,0,0,,5,,,,,,,,,,,,,,,,,,,,,,,,,,,,,,,,,,
조나트한 다비드,캐나다,캐나다,FW,26,2000,유벤투스,5,5,420.0,4.7,3.0,0.0,3.0,3.0,0.0,0.0,1.0,0.0,0.64,0.0,0.64,0.64,0.64,18.0,8.0,44.4,3.86,1.71,0.17,0.38,84.0,93.3,84.0,4,0,,0,1.4,8.0,6.0,2.0,0.43,-2.57,0.0,5.0,5.0,0.0,3.0,3.0,1.0,,,0.0,,,,,,,,,,,,,,,,,,
조나트한 오소리,캐나다,캐나다,MF,34,1992,토론토 FC,2,0,5.0,0.1,0.0,0.0,0.0,0.0,0.0,0.0,0.0,0.0,0.0,0.0,0.0,0.0,0.0,1.0,0.0,0.0,18.0,0.0,0.0,,3.0,1.1,,0,2,3.0,3,0.5,0.0,1.0,-1.0,-18.0,-18.81,0.0,0.0,1.0,0.0,0.0,1.0,0.0,,,0.0,,,,,,,,,,,,,,,,,,
림 밀랄,캐나다,캐나다,MF,26,1999,헐 시티,3,2,162.0,1.8,0.0,0.0,0.0,0.0,0.0,0.0,1.0,0.0,0.0,0.0,0.0,0.0,0.0,1.0,0.0,0.0,0.56,0.0,0.0,,54.0,36.0,65.0,0,1,33.0,2,1.33,1.0,1.0,0.0,0.0,-0.94,0.0,3.0,1.0,0.0,10.0,0.0,4.0,,,0.0,,,,,,,,,,,,,,,,,,
루크 데 포이게롤레스,캐나다,캐나다,DF,20,2005,풀럼,5,4,372.0,4.1,0.0,0.0,0.0,0.0,0.0,0.0,2.0,0.0,0.0,0.0,0.0,0.0,0.0,3.0,1.0,33.3,0.73,0.24,0.0,0.0,74.0,82.7,85.0,3,1,32.0,0,1.4,7.0,6.0,1.0,0.24,-2.07,0.0,8.0,8.0,0.0,1.0,2.0,6.0,,,0.0,,,,,,,,,,,,,,,,,,
마트히 초니레,캐나다,캐나다,MF,27,1999,LAFC,1,1,57.0,0.6,0.0,0.0,0.0,0.0,0.0,0.0,0.0,0.0,0.0,0.0,0.0,0.0,0.0,0.0,0.0,,0.0,0.0,,,57.0,12.7,57.0,0,0,,4,0.0,0.0,2.0,-2.0,-3.16,-4.3,0.0,1.0,1.0,0.0,4.0,2.0,1.0,,,0.0,,,,,,,,,,,,,,,,,,
마크시메 크레페,캐나다,캐나다,GK,32,1994,올랜도 시티,5,5,450.0,5.0,0.0,0.0,0.0,0.0,0.0,0.0,0.0,0.0,0.0,0.0,0.0,0.0,0.0,0.0,0.0,,0.0,0.0,,,90.0,100.0,90.0,5,0,,0,1.4,9.0,6.0,3.0,0.6,,0.0,1.0,1.0,0.0,0.0,0.0,1.0,,,0.0,5.0,5.0,450.0,6.0,1.2,12.0,6.0,50.0,2.0,1.0,2.0,2.0,40.0,0.0,0.0,0.0,0.0,
모세 봄비토,캐나다,캐나다,DF,26,2000,니스,3,2,193.0,2.1,0.0,0.0,0.0,0.0,0.0,0.0,0.0,0.0,0.0,0.0,0.0,0.0,0.0,1.0,1.0,100.0,0.47,0.47,0.0,0.0,64.0,42.9,74.0,1,1,45.0,2,2.0,3.0,3.0,0.0,0.0,-1.05,0.0,2.0,0.0,0.0,0.0,1.0,0.0,,,0.0,,,,,,,,,,,,,,,,,,
나트한 사리바,캐나다,캐나다,MF,22,2004,안더레흐트,3,2,182.0,2.0,1.0,2.0,3.0,1.0,0.0,0.0,1.0,0.0,0.49,0.99,1.48,0.49,1.48,3.0,1.0,33.3,1.48,0.49,0.33,1.0,61.0,40.4,74.0,1,1,34.0,2,2.0,4.0,2.0,2.0,0.99,0.65,0.0,5.0,2.0,0.0,2.0,4.0,4.0,,,0.0,,,,,,,,,,,,,,,,,,
니코 시굴,캐나다,캐나다,MF,22,2003,하이두크 스플리트,3,1,126.0,1.4,0.0,0.0,0.0,0.0,0.0,0.0,1.0,0.0,0.0,0.0,0.0,0.0,0.0,1.0,0.0,0.0,0.71,0.0,0.0,,42.0,28.0,86.0,0,2,20.0,2,2.0,2.0,2.0,0.0,0.0,-0.83,0.0,5.0,1.0,0.0,5.0,0.0,1.0,,,0.0,,,,,,,,,,,,,,,,,,
오엔 구드만,캐나다,캐나다,GK,22,2003,,0,0,,,,,,,,,,,,,,,,,,,,,,,,,,0,0,,5,,,,,,,,,,,,,,,,,,,,,,,,,,,,,,,,,,
프로미세 다비드,캐나다,캐나다,FW,24,2001,유니온 생질루아즈,4,0,80.0,0.9,1.0,1.0,2.0,1.0,0.0,0.0,0.0,0.0,1.13,1.13,2.25,1.13,2.25,5.0,3.0,60.0,5.63,3.38,0.2,0.33,20.0,17.8,,0,4,20.0,1,1.0,3.0,2.0,1.0,1.13,0.64,0.0,4.0,2.0,0.0,0.0,1.0,1.0,,,0.0,,,,,,,,,,,,,,,,,,
리크히 라리,캐나다,캐나다,DF,31,1995,토론토 FC,5,5,429.0,4.8,0.0,0.0,0.0,0.0,0.0,0.0,1.0,0.0,0.0,0.0,0.0,0.0,0.0,2.0,1.0,50.0,0.42,0.21,0.0,0.0,86.0,95.3,86.0,3,0,,0,1.4,9.0,4.0,5.0,1.05,9.62,0.0,8.0,14.0,1.0,2.0,2.0,9.0,,,0.0,,,,,,,,,,,,,,,,,,
스텝헨 으스타쿠,캐나다,캐나다,MF,29,1996,포르투,5,4,392.0,4.4,1.0,0.0,1.0,1.0,0.0,0.0,0.0,0.0,0.23,0.0,0.23,0.23,0.23,4.0,1.0,25.0,0.92,0.23,0.25,1.0,78.0,87.1,90.0,3,1,33.0,0,1.4,9.0,4.0,5.0,1.15,4.25,0.0,2.0,7.0,0.0,45.0,3.0,5.0,,,0.0,,,,,,,,,,,,,,,,,,
타존 부크하난,캐나다,캐나다,MF,27,1999,비야레알,5,5,376.0,4.2,0.0,0.0,0.0,0.0,0.0,0.0,0.0,0.0,0.0,0.0,0.0,0.0,0.0,6.0,3.0,50.0,1.44,0.72,0.0,0.0,75.0,83.6,75.0,0,0,,0,1.4,5.0,5.0,0.0,0.0,-3.65,0.0,5.0,8.0,2.0,16.0,1.0,5.0,,,0.0,,,,,,,,,,,,,,,,,,
타니 오루아세,캐나다,캐나다,FW,26,2000,비야레알,5,3,259.0,2.9,0.0,0.0,0.0,0.0,0.0,0.0,0.0,0.0,0.0,0.0,0.0,0.0,0.0,8.0,4.0,50.0,2.78,1.39,0.0,0.0,52.0,57.6,69.0,0,2,27.0,0,1.4,3.0,2.0,1.0,0.35,-0.59,0.0,5.0,5.0,1.0,2.0,0.0,3.0,,,0.0,,,,,,,,,,,,,,,,,,
아느드레스 고메즈,콜롬비아,콜롬비아,MF,23,2002,바스쿠 다 가마,1,0,1.0,0.0,0.0,0.0,0.0,0.0,0.0,0.0,0.0,0.0,0.0,0.0,0.0,0.0,0.0,0.0,0.0,,0.0,0.0,,,1.0,0.2,,0,1,1.0,4,3.0,1.0,0.0,1.0,90.0,89.44,0.0,0.0,0.0,0.0,0.0,1.0,0.0,,,0.0,,,,,,,,,,,,,,,,,,
카미로 발가스,콜롬비아,콜롬비아,GK,37,1989,아틀라스,5,5,480.0,5.3,0.0,0.0,0.0,0.0,0.0,0.0,0.0,0.0,0.0,0.0,0.0,0.0,0.0,0.0,0.0,,0.0,0.0,,,96.0,100.0,96.0,5,0,,0,2.2,5.0,1.0,4.0,0.75,,0.0,0.0,0.0,0.0,0.0,0.0,0.0,,,0.0,5.0,5.0,480.0,1.0,0.19,7.0,6.0,85.7,3.0,2.0,0.0,4.0,80.0,0.0,0.0,0.0,0.0,
쿠크호,콜롬비아,콜롬비아,"FW,MF",27,1999,레알 베티스,2,0,50.0,0.6,0.0,1.0,1.0,0.0,0.0,0.0,0.0,0.0,0.0,1.8,1.8,0.0,1.8,1.0,0.0,0.0,1.8,0.0,0.0,,25.0,10.4,,0,2,25.0,3,2.0,1.0,0.0,1.0,1.8,1.17,0.0,0.0,1.0,0.0,1.0,0.0,0.0,,,0.0,,,,,,,,,,,,,,,,,,
다닐 무노즈,콜롬비아,콜롬비아,DF,30,1996,크리스탈 팰리스,5,4,394.0,4.4,2.0,0.0,2.0,2.0,0.0,0.0,0.0,0.0,0.46,0.0,0.46,0.46,0.46,3.0,2.0,66.7,0.69,0.46,0.67,1.0,79.0,82.1,98.0,4,1,4.0,0,2.2,5.0,1.0,4.0,0.91,0.91,0.0,9.0,1.0,3.0,8.0,7.0,3.0,,,0.0,,,,,,,,,,,,,,,,,,
다비드 오스피나,콜롬비아,콜롬비아,GK,37,1988,,0,0,,,,,,,,,,,,,,,,,,,,,,,,,,0,0,,5,,,,,,,,,,,,,,,,,,,,,,,,,,,,,,,,,,
다빈손 사느크헤즈,콜롬비아,콜롬비아,DF,30,1996,갈라타사라이,5,5,480.0,5.3,0.0,0.0,0.0,0.0,0.0,0.0,1.0,0.0,0.0,0.0,0.0,0.0,0.0,6.0,2.0,33.3,1.13,0.37,0.0,0.0,96.0,100.0,96.0,5,0,,0,2.2,5.0,1.0,4.0,0.75,,0.0,6.0,5.0,1.0,0.0,6.0,2.0,,,0.0,,,,,,,,,,,,,,,,,,
데벨 마크하도,콜롬비아,콜롬비아,DF,32,1993,낭트,1,1,90.0,1.0,0.0,0.0,0.0,0.0,0.0,0.0,0.0,0.0,0.0,0.0,0.0,0.0,0.0,0.0,0.0,,0.0,0.0,,,90.0,18.8,90.0,1,0,,4,1.0,0.0,0.0,0.0,0.0,-0.92,0.0,1.0,2.0,0.0,1.0,2.0,0.0,,,0.0,,,,,,,,,,,,,,,,,,
구스타보 풀타,콜롬비아,콜롬비아,MF,22,2003,라싱 산탄데르,5,5,469.0,5.2,0.0,1.0,1.0,0.0,0.0,0.0,1.0,0.0,0.0,0.19,0.19,0.0,0.19,14.0,5.0,35.7,2.69,0.96,0.0,0.0,94.0,97.7,94.0,4,0,,0,2.2,4.0,1.0,3.0,0.58,-7.61,0.0,9.0,8.0,0.0,2.0,3.0,3.0,,,0.0,,,,,,,,,,,,,,,,,,
자메스 로드리구즈,콜롬비아,콜롬비아,"FW,MF",34,1991,미네소타 유나이티드,5,5,313.0,3.5,0.0,0.0,0.0,0.0,0.0,0.0,0.0,0.0,0.0,0.0,0.0,0.0,0.0,6.0,3.0,50.0,1.73,0.86,0.0,0.0,63.0,65.2,63.0,0,0,,0,2.2,3.0,1.0,2.0,0.58,-0.5,0.0,0.0,5.0,0.0,18.0,1.0,1.0,,,0.0,,,,,,,,,,,,,,,,,,
자민톤 캄파즈,콜롬비아,콜롬비아,"FW,MF",26,2000,로사리오 센트랄,3,0,75.0,0.8,1.0,0.0,1.0,1.0,0.0,0.0,0.0,0.0,1.2,0.0,1.2,1.2,1.2,6.0,3.0,50.0,7.2,3.6,0.17,0.33,25.0,15.6,,0,3,25.0,2,2.33,1.0,0.0,1.0,1.2,0.53,0.0,2.0,3.0,2.0,2.0,0.0,1.0,,,0.0,,,,,,,,,,,,,,,,,,
제프펠손 렐마,콜롬비아,콜롬비아,MF,31,1994,크리스탈 팰리스,5,5,410.0,4.6,0.0,0.0,0.0,0.0,0.0,0.0,1.0,0.0,0.0,0.0,0.0,0.0,0.0,5.0,1.0,20.0,1.1,0.22,0.0,0.0,82.0,85.4,82.0,3,0,,0,2.2,5.0,1.0,4.0,0.88,0.88,0.0,6.0,5.0,0.0,1.0,5.0,1.0,,,0.0,,,,,,,,,,,,,,,,,,
즈혼 아리스,콜롬비아,콜롬비아,MF,28,1997,팔메이라스,5,5,377.0,4.2,1.0,0.0,1.0,1.0,0.0,0.0,1.0,0.0,0.24,0.0,0.24,0.24,0.24,9.0,4.0,44.4,2.15,0.95,0.11,0.25,75.0,78.5,75.0,0,0,,0,2.2,4.0,1.0,3.0,0.72,-0.16,0.0,5.0,2.0,0.0,5.0,2.0,9.0,,,0.0,,,,,,,,,,,,,,,,,,
즈혼 콜도바,콜롬비아,콜롬비아,FW,33,1993,크라스노다르,3,2,99.0,1.1,0.0,0.0,0.0,0.0,0.0,0.0,0.0,0.0,0.0,0.0,0.0,0.0,0.0,2.0,1.0,50.0,1.82,0.91,0.0,0.0,33.0,20.6,33.0,0,1,33.0,2,2.33,1.0,0.0,1.0,0.91,0.2,0.0,1.0,2.0,2.0,0.0,0.0,0.0,,,0.0,,,,,,,,,,,,,,,,,,
즈혼 루쿠미,콜롬비아,콜롬비아,DF,27,1998,볼로냐,5,5,478.0,5.3,0.0,0.0,0.0,0.0,0.0,0.0,1.0,0.0,0.0,0.0,0.0,0.0,0.0,2.0,0.0,0.0,0.38,0.0,0.0,,96.0,99.6,96.0,4,0,,0,2.2,5.0,1.0,4.0,0.75,0.75,0.0,5.0,0.0,0.0,0.0,5.0,2.0,,,0.0,,,,,,,,,,,,,,,,,,
조한 모지카,콜롬비아,콜롬비아,DF,33,1992,마요르카,4,4,390.0,4.3,0.0,0.0,0.0,0.0,0.0,0.0,1.0,0.0,0.0,0.0,0.0,0.0,0.0,3.0,2.0,66.7,0.69,0.46,0.0,0.0,98.0,81.3,98.0,4,0,,1,2.5,5.0,1.0,4.0,0.92,0.92,0.0,1.0,7.0,1.0,11.0,3.0,3.0,,,0.0,,,,,,,,,,,,,,,,,,
졸게 칼라스칼,콜롬비아,콜롬비아,"FW,MF",28,1998,,0,0,,,,,,,,,,,,,,,,,,,,,,,,,,0,0,,5,,,,,,,,,,,,,,,,,,,,,,,,,,,,,,,,,,
준 카미로 폴틸라,콜롬비아,콜롬비아,MF,27,1998,,0,0,,,,,,,,,,,,,,,,,,,,,,,,,,0,0,,5,,,,,,,,,,,,,,,,,,,,,,,,,,,,,,,,,,
준 쿤테로,콜롬비아,콜롬비아,"FW,MF",33,1993,리버 플레이트,4,0,121.0,1.3,0.0,1.0,1.0,0.0,0.0,0.0,0.0,0.0,0.0,0.74,0.74,0.0,0.74,4.0,0.0,0.0,2.98,0.0,0.0,,30.0,25.2,,0,4,30.0,1,2.0,1.0,0.0,1.0,0.74,-0.01,0.0,0.0,1.0,0.0,12.0,0.0,0.0,,,0.0,,,,,,,,,,,,,,,,,,
케빈 카스타노,콜롬비아,콜롬비아,MF,25,2000,리버 플레이트,2,0,16.0,0.2,0.0,0.0,0.0,0.0,0.0,0.0,0.0,0.0,0.0,0.0,0.0,0.0,0.0,0.0,0.0,,0.0,0.0,,,8.0,3.3,,0,2,8.0,3,2.0,1.0,0.0,1.0,5.63,5.04,0.0,0.0,0.0,0.0,0.0,0.0,0.0,,,0.0,,,,,,,,,,,,,,,,,,
루스 디즈,콜롬비아,콜롬비아,"FW,MF",29,1997,바이에른 뮌헨,5,5,478.0,5.3,1.0,1.0,2.0,1.0,0.0,0.0,0.0,0.0,0.19,0.19,0.38,0.19,0.38,19.0,6.0,31.6,3.58,1.13,0.05,0.17,96.0,99.6,96.0,3,0,,0,2.2,4.0,1.0,3.0,0.56,-44.44,0.0,7.0,9.0,9.0,4.0,1.0,0.0,,,0.0,,,,,,,,,,,,,,,,,,
루스 수레즈,콜롬비아,콜롬비아,FW,28,1997,스포르팅 CP,5,3,331.0,3.7,0.0,1.0,1.0,0.0,0.0,0.0,1.0,0.0,0.0,0.27,0.27,0.0,0.27,9.0,0.0,0.0,2.45,0.0,0.0,,66.0,69.0,72.0,0,2,57.0,0,2.2,3.0,1.0,2.0,0.54,-0.66,0.0,7.0,8.0,1.0,2.0,0.0,4.0,,,0.0,,,,,,,,,,,,,,,,,,
리크하르드 리스,콜롬비아,콜롬비아,MF,26,2000,벤피카,5,0,140.0,1.6,0.0,0.0,0.0,0.0,0.0,0.0,1.0,0.0,0.0,0.0,0.0,0.0,0.0,5.0,1.0,20.0,3.21,0.64,0.0,0.0,28.0,29.2,,0,5,28.0,0,2.2,1.0,0.0,1.0,0.64,-0.15,0.0,10.0,4.0,0.0,1.0,1.0,2.0,,,0.0,,,,,,,,,,,,,,,,,,
산티고 아리스,콜롬비아,콜롬비아,DF,34,1992,인데펜디엔테,1,1,86.0,1.0,0.0,0.0,0.0,0.0,0.0,0.0,0.0,0.0,0.0,0.0,0.0,0.0,0.0,0.0,0.0,,0.0,0.0,,,86.0,17.9,86.0,0,0,,4,1.0,0.0,0.0,0.0,0.0,-0.91,0.0,1.0,0.0,0.0,2.0,1.0,2.0,,,0.0,,,,,,,,,,,,,,,,,,
일렐 디트타,콜롬비아,콜롬비아,DF,28,1998,,0,0,,,,,,,,,,,,,,,,,,,,,,,,,,0,0,,5,,,,,,,,,,,,,,,,,,,,,,,,,,,,,,,,,,
일리 미나,콜롬비아,콜롬비아,DF,31,1994,칼리아리,1,0,2.0,0.0,0.0,0.0,0.0,0.0,0.0,0.0,0.0,0.0,0.0,0.0,0.0,0.0,0.0,0.0,0.0,,0.0,0.0,,,2.0,0.4,,0,1,2.0,4,1.0,0.0,0.0,0.0,0.0,-0.75,0.0,0.0,1.0,0.0,0.0,0.0,0.0,,,0.0,,,,,,,,,,,,,,,,,,
알바로 다비드 몬테로,콜롬비아,콜롬비아,GK,31,1995,,0,0,,,,,,,,,,,,,,,,,,,,,,,,,,0,0,,5,,,,,,,,,,,,,,,,,,,,,,,,,,,,,,,,,,
아론 트스히보라,콩고민주공화국,콩고민주공화국,MF,31,1995,,0,0,,,,,,,,,,,,,,,,,,,,,,,,,,0,0,,4,,,,,,,,,,,,,,,,,,,,,,,,,,,,,,,,,,
아론 완비사카,콩고민주공화국,콩고민주공화국,DF,28,1997,웨스트햄,4,4,354.0,3.9,0.0,0.0,0.0,0.0,0.0,0.0,0.0,0.0,0.0,0.0,0.0,0.0,0.0,0.0,0.0,,0.0,0.0,,,89.0,98.3,89.0,3,0,,0,1.0,5.0,5.0,0.0,0.0,0.0,0.0,1.0,1.0,1.0,6.0,7.0,4.0,,,0.0,,,,,,,,,,,,,,,,,,
아르트훌 마수쿠,콩고민주공화국,콩고민주공화국,DF,32,1993,랑스,4,4,315.0,3.5,0.0,1.0,1.0,0.0,0.0,0.0,0.0,0.0,0.0,0.29,0.29,0.0,0.29,0.0,0.0,,0.0,0.0,,,79.0,87.5,79.0,0,0,,0,1.0,4.0,4.0,0.0,0.0,0.0,0.0,0.0,4.0,0.0,12.0,0.0,5.0,,,0.0,,,,,,,,,,,,,,,,,,
아크셀 툰제베,콩고민주공화국,콩고민주공화국,DF,28,1997,번리,4,4,360.0,4.0,0.0,0.0,0.0,0.0,0.0,0.0,0.0,0.0,0.0,0.0,0.0,0.0,0.0,0.0,0.0,,0.0,0.0,,,90.0,100.0,90.0,4,0,,0,1.0,5.0,5.0,0.0,0.0,,0.0,3.0,3.0,0.0,0.0,1.0,2.0,,,0.0,,,,,,,,,,,,,,,,,,
브린 키펜가,콩고민주공화국,콩고민주공화국,"MF,FW",28,1998,카스테욘,2,2,146.0,1.6,1.0,0.0,1.0,1.0,0.0,0.0,0.0,0.0,0.62,0.0,0.62,0.62,0.62,6.0,1.0,16.7,3.7,0.62,0.17,1.0,73.0,40.6,73.0,0,0,,2,1.5,2.0,2.0,0.0,0.0,0.0,0.0,2.0,1.0,1.0,9.0,0.0,2.0,,,0.0,,,,,,,,,,,,,,,,,,
찬켈 므벰바,콩고민주공화국,콩고민주공화국,DF,31,1994,릴,4,4,360.0,4.0,0.0,1.0,1.0,0.0,0.0,0.0,1.0,0.0,0.0,0.25,0.25,0.0,0.25,1.0,0.0,0.0,0.25,0.0,0.0,,90.0,100.0,90.0,4,0,,0,1.0,5.0,5.0,0.0,0.0,,0.0,1.0,3.0,0.0,4.0,1.0,3.0,,,0.0,,,,,,,,,,,,,,,,,,
찰레스 피크켈,콩고민주공화국,콩고민주공화국,"DF,MF",29,1997,에스파뇰,2,0,35.0,0.4,0.0,0.0,0.0,0.0,0.0,0.0,1.0,0.0,0.0,0.0,0.0,0.0,0.0,1.0,0.0,0.0,2.57,0.0,0.0,,18.0,9.7,,0,2,18.0,2,0.5,0.0,1.0,-1.0,-2.57,-2.85,0.0,2.0,1.0,0.0,0.0,0.0,0.0,,,0.0,,,,,,,,,,,,,,,,,,
케드리크 바캄부,콩고민주공화국,콩고민주공화국,FW,35,1991,레알 베티스,3,3,190.0,2.1,0.0,0.0,0.0,0.0,0.0,0.0,0.0,0.0,0.0,0.0,0.0,0.0,0.0,3.0,0.0,0.0,1.42,0.0,0.0,,63.0,52.8,63.0,0,0,,1,1.33,1.0,2.0,-1.0,-0.47,-1.0,0.0,2.0,1.0,4.0,1.0,0.0,0.0,,,0.0,,,,,,,,,,,,,,,,,,
디란 바투빈시카,콩고민주공화국,콩고민주공화국,DF,30,1996,,0,0,,,,,,,,,,,,,,,,,,,,,,,,,,0,0,,4,,,,,,,,,,,,,,,,,,,,,,,,,,,,,,,,,,
에도 캄베,콩고민주공화국,콩고민주공화국,MF,28,1998,왓퍼드,3,2,160.0,1.8,0.0,0.0,0.0,0.0,0.0,0.0,0.0,0.0,0.0,0.0,0.0,0.0,0.0,2.0,1.0,50.0,1.13,0.56,0.0,0.0,53.0,44.4,73.0,0,1,15.0,1,0.33,1.0,2.0,-1.0,-0.56,-1.01,0.0,5.0,3.0,0.0,2.0,0.0,1.0,,,0.0,,,,,,,,,,,,,,,,,,
피스톤 마레,콩고민주공화국,콩고민주공화국,FW,31,1994,,2,0,42.0,0.5,1.0,0.0,1.0,1.0,0.0,0.0,0.0,0.0,2.14,0.0,2.14,2.14,2.14,5.0,1.0,20.0,10.71,2.14,0.2,1.0,21.0,11.7,,0,2,21.0,2,1.5,3.0,0.0,3.0,6.43,7.28,0.0,1.0,1.0,1.0,0.0,0.0,0.0,,,0.0,,,,,,,,,,,,,,,,,,
갈 카쿠타,콩고민주공화국,콩고민주공화국,"FW,MF",34,1991,,0,0,,,,,,,,,,,,,,,,,,,,,,,,,,0,0,,4,,,,,,,,,,,,,,,,,,,,,,,,,,,,,,,,,,
게덴 카루루,콩고민주공화국,콩고민주공화국,DF,28,1997,,1,0,6.0,0.1,0.0,0.0,0.0,0.0,0.0,0.0,0.0,0.0,0.0,0.0,0.0,0.0,0.0,0.0,0.0,,0.0,0.0,,,6.0,1.7,,0,1,6.0,3,1.0,0.0,0.0,0.0,0.0,0.0,0.0,0.0,0.0,0.0,0.0,0.0,0.0,,,0.0,,,,,,,,,,,,,,,,,,
조리스 캄베,콩고민주공화국,콩고민주공화국,"DF,FW",31,1994,헹크,4,0,45.0,0.5,0.0,0.0,0.0,0.0,0.0,0.0,0.0,0.0,0.0,0.0,0.0,0.0,0.0,1.0,0.0,0.0,2.0,0.0,0.0,,11.0,12.5,,0,4,11.0,0,1.0,1.0,1.0,0.0,0.0,0.0,0.0,0.0,1.0,0.0,3.0,4.0,4.0,,,0.0,,,,,,,,,,,,,,,,,,
리넬 므파시,콩고민주공화국,콩고민주공화국,GK,31,1994,르아브르,4,4,360.0,4.0,0.0,0.0,0.0,0.0,0.0,0.0,0.0,0.0,0.0,0.0,0.0,0.0,0.0,0.0,0.0,,0.0,0.0,,,90.0,100.0,90.0,4,0,,0,1.0,5.0,5.0,0.0,0.0,,0.0,0.0,0.0,0.0,0.0,0.0,0.0,,,0.0,4.0,4.0,360.0,5.0,1.25,19.0,14.0,73.7,1.0,1.0,2.0,0.0,0.0,0.0,0.0,0.0,0.0,
마트트히 에포로,콩고민주공화국,콩고민주공화국,GK,21,2005,,0,0,,,,,,,,,,,,,,,,,,,,,,,,,,0,0,,4,,,,,,,,,,,,,,,,,,,,,,,,,,,,,,,,,,
메스크학 에리,콩고민주공화국,콩고민주공화국,"FW,MF",28,1997,알라니아스포르,2,0,46.0,0.5,0.0,1.0,1.0,0.0,0.0,0.0,0.0,0.0,0.0,1.96,1.96,0.0,1.96,2.0,1.0,50.0,3.91,1.96,0.0,0.0,23.0,12.8,,0,2,23.0,2,1.5,2.0,2.0,0.0,0.0,0.0,0.0,2.0,0.0,0.0,2.0,1.0,0.0,,,0.0,,,,,,,,,,,,,,,,,,
나트하날 므부쿠,콩고민주공화국,콩고민주공화국,"MF,FW",24,2002,몽펠리에,3,2,143.0,1.6,0.0,0.0,0.0,0.0,0.0,0.0,1.0,0.0,0.0,0.0,0.0,0.0,0.0,3.0,2.0,66.7,1.89,1.26,0.0,0.0,48.0,39.7,67.0,0,1,9.0,1,1.0,2.0,1.0,1.0,0.63,1.04,0.0,4.0,8.0,0.0,14.0,0.0,3.0,,,0.0,,,,,,,,,,,,,,,,,,
느갈 알 무코,콩고민주공화국,콩고민주공화국,MF,21,2004,릴,4,3,195.0,2.2,0.0,0.0,0.0,0.0,0.0,0.0,0.0,0.0,0.0,0.0,0.0,0.0,0.0,1.0,0.0,0.0,0.46,0.0,0.0,,49.0,54.2,59.0,0,1,19.0,0,1.0,4.0,2.0,2.0,0.92,2.01,0.0,3.0,4.0,1.0,0.0,3.0,2.0,,,0.0,,,,,,,,,,,,,,,,,,
노 사디키,콩고민주공화국,콩고민주공화국,MF,21,2004,선덜랜드,4,2,259.0,2.9,0.0,0.0,0.0,0.0,0.0,0.0,2.0,0.0,0.0,0.0,0.0,0.0,0.0,0.0,0.0,,0.0,0.0,,,65.0,71.9,90.0,2,2,40.0,0,1.0,4.0,4.0,0.0,0.0,0.0,0.0,2.0,3.0,0.0,1.0,2.0,4.0,,,0.0,,,,,,,,,,,,,,,,,,
사물 모이토이스사미,콩고민주공화국,콩고민주공화국,MF,29,1996,아트로미토스,4,4,330.0,3.7,0.0,0.0,0.0,0.0,0.0,0.0,1.0,0.0,0.0,0.0,0.0,0.0,0.0,3.0,0.0,0.0,0.82,0.0,0.0,,83.0,91.7,83.0,1,0,,0,1.0,3.0,5.0,-2.0,-0.55,-6.55,0.0,8.0,1.0,0.0,1.0,1.0,8.0,,,0.0,,,,,,,,,,,,,,,,,,
시몬 반자,콩고민주공화국,콩고민주공화국,"FW,MF",29,1996,,2,0,40.0,0.4,0.0,0.0,0.0,0.0,0.0,0.0,0.0,0.0,0.0,0.0,0.0,0.0,0.0,0.0,0.0,,0.0,0.0,,,20.0,11.1,,0,2,20.0,2,0.5,0.0,1.0,-1.0,-2.25,-2.53,0.0,1.0,0.0,0.0,0.0,0.0,1.0,,,0.0,,,,,,,,,,,,,,,,,,
스테베 카푸디,콩고민주공화국,콩고민주공화국,DF,28,1998,비지에프 우치,2,2,180.0,2.0,0.0,0.0,0.0,0.0,0.0,0.0,0.0,0.0,0.0,0.0,0.0,0.0,0.0,1.0,0.0,0.0,0.5,0.0,0.0,,90.0,50.0,90.0,2,0,,2,0.5,1.0,2.0,-1.0,-0.5,-1.0,0.0,2.0,0.0,0.0,0.0,1.0,1.0,,,0.0,,,,,,,,,,,,,,,,,,
세 본곤다,콩고민주공화국,콩고민주공화국,"FW,MF",30,1995,스파르타크 모스크바,2,0,34.0,0.4,0.0,0.0,0.0,0.0,0.0,0.0,0.0,0.0,0.0,0.0,0.0,0.0,0.0,1.0,0.0,0.0,2.65,0.0,0.0,,17.0,9.4,,0,2,17.0,2,1.5,2.0,1.0,1.0,2.65,2.92,0.0,0.0,1.0,0.0,2.0,1.0,0.0,,,0.0,,,,,,,,,,,,,,,,,,
티모트히 파루,콩고민주공화국,콩고민주공화국,GK,26,1999,,0,0,,,,,,,,,,,,,,,,,,,,,,,,,,0,0,,4,,,,,,,,,,,,,,,,,,,,,,,,,,,,,,,,,,
이네 이스사,콩고민주공화국,콩고민주공화국,FW,29,1996,뉴캐슬,4,4,360.0,4.0,3.0,0.0,3.0,2.0,1.0,1.0,0.0,0.0,0.75,0.0,0.75,0.5,0.5,11.0,3.0,27.3,2.75,0.75,0.18,0.67,90.0,100.0,90.0,4,0,,0,1.0,5.0,5.0,0.0,0.0,,0.0,5.0,9.0,1.0,0.0,0.0,1.0,,,0.0,,,,,,,,,,,,,,,,,,
아느드레즈 크라마리크,크로아티아,크로아티아,"FW,MF",34,1991,호펜하임,3,0,59.0,0.7,0.0,0.0,0.0,0.0,0.0,0.0,0.0,0.0,0.0,0.0,0.0,0.0,0.0,1.0,0.0,0.0,1.53,0.0,0.0,,20.0,16.4,,0,3,20.0,1,1.0,1.0,1.0,0.0,0.0,0.3,0.0,0.0,0.0,1.0,2.0,0.0,1.0,,,0.0,,,,,,,,,,,,,,,,,,
안테 부디밀,크로아티아,크로아티아,FW,34,1991,오사수나,3,2,155.0,1.7,1.0,0.0,1.0,1.0,0.0,0.0,0.0,0.0,0.58,0.0,0.58,0.58,0.58,3.0,1.0,33.3,1.74,0.58,0.33,1.0,52.0,43.1,55.0,0,1,45.0,1,2.0,2.0,0.0,2.0,1.16,2.48,0.0,6.0,4.0,0.0,0.0,0.0,1.0,,,0.0,,,,,,,,,,,,,,,,,,
도미닉 코타르스키,크로아티아,크로아티아,GK,26,2000,,0,0,,,,,,,,,,,,,,,,,,,,,,,,,,0,0,,4,,,,,,,,,,,,,,,,,,,,,,,,,,,,,,,,,,
도미닉 리바코비크,크로아티아,크로아티아,GK,31,1995,디나모 자그레브,4,4,360.0,4.0,0.0,0.0,0.0,0.0,0.0,0.0,0.0,0.0,0.0,0.0,0.0,0.0,0.0,0.0,0.0,,0.0,0.0,,,90.0,100.0,90.0,4,0,,0,1.5,6.0,7.0,-1.0,-0.25,,0.0,0.0,1.0,0.0,0.0,0.0,0.0,,,0.0,4.0,4.0,360.0,7.0,1.75,17.0,10.0,58.8,2.0,0.0,2.0,1.0,25.0,2.0,2.0,0.0,0.0,0.0
두제 카레타-칼,크로아티아,크로아티아,DF,29,1996,,0,0,,,,,,,,,,,,,,,,,,,,,,,,,,0,0,,4,,,,,,,,,,,,,,,,,,,,,,,,,,,,,,,,,,
이골 마타노비크,크로아티아,크로아티아,FW,23,2003,프라이부르크,3,0,95.0,1.1,0.0,0.0,0.0,0.0,0.0,0.0,0.0,0.0,0.0,0.0,0.0,0.0,0.0,4.0,2.0,50.0,3.79,1.89,0.0,0.0,32.0,26.4,,0,3,32.0,1,1.0,2.0,4.0,-2.0,-1.89,-2.23,0.0,4.0,3.0,1.0,0.0,0.0,0.0,,,0.0,,,,,,,,,,,,,,,,,,
이반 페리시크,크로아티아,크로아티아,"MF,DF",37,1989,PSV 에인트호번,4,4,360.0,4.0,1.0,1.0,2.0,1.0,0.0,0.0,2.0,0.0,0.25,0.25,0.5,0.25,0.5,2.0,2.0,100.0,0.5,0.5,0.5,0.5,90.0,100.0,90.0,4,0,,0,1.5,6.0,7.0,-1.0,-0.25,,0.0,4.0,1.0,0.0,20.0,4.0,4.0,,,0.0,,,,,,,,,,,,,,,,,,
이볼 판둘,크로아티아,크로아티아,GK,26,2000,,0,0,,,,,,,,,,,,,,,,,,,,,,,,,,0,0,,4,,,,,,,,,,,,,,,,,,,,,,,,,,,,,,,,,,
조십 스타니시크,크로아티아,크로아티아,"DF,MF",26,2000,바이에른 뮌헨,4,4,360.0,4.0,0.0,1.0,1.0,0.0,0.0,0.0,0.0,0.0,0.0,0.25,0.25,0.0,0.25,0.0,0.0,,0.0,0.0,,,90.0,100.0,90.0,4,0,,0,1.5,6.0,7.0,-1.0,-0.25,,0.0,0.0,4.0,0.0,7.0,5.0,2.0,,,0.0,,,,,,,,,,,,,,,,,,
조십 수타로,크로아티아,크로아티아,DF,26,2000,아약스,4,4,360.0,4.0,0.0,0.0,0.0,0.0,0.0,0.0,0.0,0.0,0.0,0.0,0.0,0.0,0.0,1.0,0.0,0.0,0.25,0.0,0.0,,90.0,100.0,90.0,4,0,,0,1.5,6.0,7.0,-1.0,-0.25,,0.0,2.0,1.0,0.0,0.0,6.0,4.0,,,0.0,,,,,,,,,,,,,,,,,,
조스코 그발딜,크로아티아,크로아티아,DF,24,2002,맨체스터 시티,4,2,139.0,1.5,0.0,0.0,0.0,0.0,0.0,0.0,0.0,0.0,0.0,0.0,0.0,0.0,0.0,1.0,0.0,0.0,0.65,0.0,0.0,,35.0,38.6,68.0,1,2,2.0,0,1.5,2.0,5.0,-3.0,-1.94,-2.76,0.0,2.0,3.0,0.0,0.0,2.0,2.0,,,0.0,,,,,,,,,,,,,,,,,,
크리스티잔 자키크,크로아티아,크로아티아,"DF,MF",29,1997,,0,0,,,,,,,,,,,,,,,,,,,,,,,,,,0,0,,4,,,,,,,,,,,,,,,,,,,,,,,,,,,,,,,,,,
루카 모드리크,크로아티아,크로아티아,MF,40,1985,AC 밀란,4,4,317.0,3.5,0.0,1.0,1.0,0.0,0.0,0.0,1.0,0.0,0.0,0.28,0.28,0.0,0.28,1.0,0.0,0.0,0.28,0.0,0.0,,79.0,88.1,79.0,2,0,,0,1.5,6.0,6.0,0.0,0.0,2.09,0.0,4.0,3.0,0.0,11.0,0.0,3.0,,,0.0,,,,,,,,,,,,,,,,,,
루카 수키크,크로아티아,크로아티아,"FW,MF",23,2002,레알 소시에다드,1,0,19.0,0.2,0.0,0.0,0.0,0.0,0.0,0.0,0.0,0.0,0.0,0.0,0.0,0.0,0.0,1.0,0.0,0.0,4.74,0.0,0.0,,19.0,5.3,,0,1,19.0,3,3.0,0.0,0.0,0.0,0.0,0.26,0.0,0.0,0.0,0.0,0.0,0.0,0.0,,,0.0,,,,,,,,,,,,,,,,,,
루카 부스코비크,크로아티아,크로아티아,DF,19,2007,함부르크SV,1,1,65.0,0.7,0.0,0.0,0.0,0.0,0.0,0.0,0.0,0.0,0.0,0.0,0.0,0.0,0.0,0.0,0.0,,0.0,0.0,,,65.0,18.1,65.0,0,0,,3,0.0,2.0,3.0,-1.0,-1.38,-1.38,0.0,1.0,1.0,0.0,0.0,1.0,0.0,,,0.0,,,,,,,,,,,,,,,,,,
말코 파사리크,크로아티아,크로아티아,MF,25,2000,올랜도 시티,3,1,99.0,1.1,0.0,0.0,0.0,0.0,0.0,0.0,0.0,0.0,0.0,0.0,0.0,0.0,0.0,3.0,2.0,66.7,2.73,1.82,0.0,0.0,33.0,27.5,71.0,0,2,14.0,1,2.0,1.0,1.0,0.0,0.0,0.34,0.0,0.0,2.0,2.0,11.0,1.0,2.0,,,0.0,,,,,,,,,,,,,,,,,,
마린 퐁라키크,크로아티아,크로아티아,DF,28,1997,피오렌티나,3,3,270.0,3.0,0.0,0.0,0.0,0.0,0.0,0.0,0.0,0.0,0.0,0.0,0.0,0.0,0.0,1.0,0.0,0.0,0.33,0.0,0.0,,90.0,75.0,90.0,3,0,,1,2.0,4.0,3.0,1.0,0.33,2.33,0.0,3.0,0.0,0.0,0.0,0.0,3.0,,,0.0,,,,,,,,,,,,,,,,,,
마리 파사리크,크로아티아,크로아티아,MF,31,1995,아탈란타,4,1,123.0,1.4,0.0,0.0,0.0,0.0,0.0,0.0,0.0,0.0,0.0,0.0,0.0,0.0,0.0,4.0,1.0,25.0,2.93,0.73,0.0,0.0,31.0,34.2,77.0,0,3,15.0,0,1.5,3.0,4.0,-1.0,-0.73,-0.73,0.0,2.0,0.0,1.0,1.0,1.0,1.0,,,0.0,,,,,,,,,,,,,,,,,,
말틴 바투리나,크로아티아,크로아티아,"MF,FW",23,2003,코모,4,4,321.0,3.6,1.0,0.0,1.0,1.0,0.0,0.0,0.0,0.0,0.28,0.0,0.28,0.28,0.28,3.0,1.0,33.3,0.84,0.28,0.33,1.0,80.0,89.2,80.0,1,0,,0,1.5,6.0,5.0,1.0,0.28,4.9,0.0,1.0,14.0,0.0,8.0,1.0,2.0,,,0.0,,,,,,,,,,,,,,,,,,
말틴 엘리크,크로아티아,크로아티아,DF,28,1998,,0,0,,,,,,,,,,,,,,,,,,,,,,,,,,0,0,,4,,,,,,,,,,,,,,,,,,,,,,,,,,,,,,,,,,
마테 코바키크,크로아티아,크로아티아,MF,32,1994,맨체스터 시티,4,3,270.0,3.0,0.0,1.0,1.0,0.0,0.0,0.0,0.0,0.0,0.0,0.33,0.33,0.0,0.33,5.0,4.0,80.0,1.67,1.33,0.0,0.0,68.0,75.0,79.0,0,1,33.0,0,1.5,3.0,3.0,0.0,0.0,1.0,0.0,3.0,3.0,0.0,0.0,2.0,3.0,,,0.0,,,,,,,,,,,,,,,,,,
니코라 모로,크로아티아,크로아티아,MF,28,1998,,0,0,,,,,,,,,,,,,,,,,,,,,,,,,,0,0,,4,,,,,,,,,,,,,,,,,,,,,,,,,,,,,,,,,,
니코라 브라시크,크로아티아,크로아티아,MF,28,1997,토리노,3,2,189.0,2.1,1.0,0.0,1.0,1.0,0.0,0.0,0.0,0.0,0.48,0.0,0.48,0.48,0.48,3.0,1.0,33.3,1.43,0.48,0.33,1.0,63.0,52.5,88.0,0,1,13.0,1,1.0,3.0,3.0,0.0,0.0,0.53,0.0,5.0,0.0,2.0,3.0,1.0,2.0,,,0.0,,,,,,,,,,,,,,,,,,
페탈 무사,크로아티아,크로아티아,FW,28,1998,FC 댈러스,2,2,110.0,1.2,1.0,0.0,1.0,1.0,0.0,0.0,0.0,0.0,0.82,0.0,0.82,0.82,0.82,1.0,1.0,100.0,0.82,0.82,1.0,1.0,55.0,30.6,55.0,0,0,,2,1.5,2.0,3.0,-1.0,-0.82,-0.82,0.0,1.0,1.0,0.0,0.0,0.0,0.0,,,0.0,,,,,,,,,,,,,,,,,,
페탈 수키크,크로아티아,크로아티아,"MF,FW",22,2003,인터 밀란,4,3,289.0,3.2,1.0,1.0,2.0,1.0,0.0,0.0,1.0,0.0,0.31,0.31,0.62,0.31,0.62,3.0,2.0,66.7,0.93,0.62,0.33,0.5,72.0,80.3,90.0,3,1,19.0,0,1.5,5.0,7.0,-2.0,-0.62,-1.89,0.0,7.0,6.0,1.0,4.0,1.0,2.0,,,0.0,,,,,,,,,,,,,,,,,,
토니 프룩,크로아티아,크로아티아,"FW,MF",25,2001,,0,0,,,,,,,,,,,,,,,,,,,,,,,,,,0,0,,4,,,,,,,,,,,,,,,,,,,,,,,,,,,,,,,,,,
알 자니 마르트하,퀴라소,퀴라소,"DF,FW",22,2003,,0,0,,,,,,,,,,,,,,,,,,,,,,,,,,0,0,,3,,,,,,,,,,,,,,,,,,,,,,,,,,,,,,,,,,
알만도 오비스포,퀴라소,퀴라소,DF,27,1999,PSV 에인트호번,3,3,270.0,3.0,0.0,0.0,0.0,0.0,0.0,0.0,0.0,0.0,0.0,0.0,0.0,0.0,0.0,0.0,0.0,,0.0,0.0,,,90.0,100.0,90.0,3,0,,0,0.33,1.0,9.0,-8.0,-2.67,,0.0,1.0,0.0,1.0,0.0,7.0,1.0,,,0.0,,,,,,,,,,,,,,,,,,
브라느드레이 쿠아스,퀴라소,퀴라소,"FW,MF",33,1992,볼렌담,1,0,1.0,0.0,0.0,0.0,0.0,0.0,0.0,0.0,0.0,0.0,0.0,0.0,0.0,0.0,0.0,0.0,0.0,,0.0,0.0,,,1.0,0.4,,0,1,1.0,2,0.0,0.0,0.0,0.0,0.0,2.68,0.0,0.0,0.0,0.0,1.0,0.0,0.0,,,0.0,,,,,,,,,,,,,,,,,,
데베론 폰빌레,퀴라소,퀴라소,DF,23,2003,네이메헌,3,3,241.0,2.7,0.0,0.0,0.0,0.0,0.0,0.0,0.0,0.0,0.0,0.0,0.0,0.0,0.0,0.0,0.0,,0.0,0.0,,,80.0,89.3,80.0,1,0,,0,0.33,1.0,9.0,-8.0,-2.99,-2.99,0.0,2.0,3.0,0.0,0.0,5.0,3.0,,,0.0,,,,,,,,,,,,,,,,,,
에로이 룸,퀴라소,퀴라소,GK,37,1989,마이애미 FC,3,3,270.0,3.0,0.0,0.0,0.0,0.0,0.0,0.0,0.0,0.0,0.0,0.0,0.0,0.0,0.0,0.0,0.0,,0.0,0.0,,,90.0,100.0,90.0,3,0,,0,0.33,1.0,9.0,-8.0,-2.67,,0.0,0.0,0.0,0.0,0.0,0.0,0.0,,,0.0,3.0,3.0,270.0,9.0,3.0,29.0,20.0,69.0,0.0,1.0,2.0,1.0,33.3,1.0,1.0,0.0,0.0,0.0
겔바네 카스타닐,퀴라소,퀴라소,"FW,MF",30,1996,,3,0,30.0,0.3,0.0,0.0,0.0,0.0,0.0,0.0,2.0,0.0,0.0,0.0,0.0,0.0,0.0,1.0,0.0,0.0,3.0,0.0,0.0,,10.0,11.1,,0,3,10.0,0,0.33,0.0,1.0,-1.0,-3.0,-0.38,0.0,2.0,0.0,0.0,0.0,0.0,0.0,,,0.0,,,,,,,,,,,,,,,,,,
고드프리드 뢰메라퇴,퀴라소,퀴라소,MF,26,1999,RKC 발베이크,1,0,7.0,0.1,0.0,0.0,0.0,0.0,0.0,0.0,0.0,0.0,0.0,0.0,0.0,0.0,0.0,0.0,0.0,,0.0,0.0,,,7.0,2.6,,0,1,7.0,2,1.0,0.0,0.0,0.0,0.0,2.74,0.0,0.0,0.0,0.0,0.0,0.0,0.0,,,0.0,,,,,,,,,,,,,,,,,,
질르 말가리트하,퀴라소,퀴라소,"FW,MF",26,2000,베베런,2,0,41.0,0.5,0.0,0.0,0.0,0.0,0.0,0.0,0.0,0.0,0.0,0.0,0.0,0.0,0.0,1.0,0.0,0.0,2.2,0.0,0.0,,21.0,15.2,,0,2,21.0,1,0.5,0.0,3.0,-3.0,-6.59,-4.62,0.0,0.0,0.0,0.0,0.0,0.0,0.0,,,0.0,,,,,,,,,,,,,,,,,,
제레미 안토니스세,퀴라소,퀴라소,"FW,MF",24,2002,AE 키피시아,2,0,75.0,0.8,0.0,0.0,0.0,0.0,0.0,0.0,0.0,0.0,0.0,0.0,0.0,0.0,0.0,1.0,0.0,0.0,1.2,0.0,0.0,,38.0,27.8,,0,2,38.0,1,0.0,0.0,5.0,-5.0,-6.0,-4.62,0.0,0.0,0.0,0.0,8.0,0.0,1.0,,,0.0,,,,,,,,,,,,,,,,,,
조스후 브레네트,퀴라소,퀴라소,DF,32,1994,카이세리스포르,2,2,179.0,2.0,0.0,0.0,0.0,0.0,0.0,0.0,0.0,0.0,0.0,0.0,0.0,0.0,0.0,0.0,0.0,,0.0,0.0,,,90.0,66.3,90.0,1,0,,1,0.5,0.0,2.0,-2.0,-1.01,4.93,0.0,0.0,1.0,1.0,0.0,1.0,4.0,,,0.0,,,,,,,,,,,,,,,,,,
주닌호 바쿠나,퀴라소,퀴라소,MF,28,1997,볼렌담,3,3,254.0,2.8,0.0,0.0,0.0,0.0,0.0,0.0,2.0,0.0,0.0,0.0,0.0,0.0,0.0,5.0,1.0,20.0,1.77,0.35,0.0,0.0,85.0,94.1,85.0,2,0,,0,0.33,1.0,9.0,-8.0,-2.83,-2.83,0.0,6.0,3.0,0.0,5.0,5.0,4.0,,,0.0,,,,,,,,,,,,,,,,,,
주린 가리,퀴라소,퀴라소,DF,32,1993,,2,2,166.0,1.8,0.0,0.0,0.0,0.0,0.0,0.0,1.0,0.0,0.0,0.0,0.0,0.0,0.0,2.0,0.0,0.0,1.08,0.0,0.0,,83.0,61.5,83.0,1,0,,1,0.5,0.0,2.0,-2.0,-1.08,4.11,0.0,4.0,1.0,0.0,0.0,2.0,2.0,,,0.0,,,,,,,,,,,,,,,,,,
줄겐 로카디,퀴라소,퀴라소,FW,32,1993,마이애미 FC,3,3,235.0,2.6,0.0,0.0,0.0,0.0,0.0,0.0,0.0,0.0,0.0,0.0,0.0,0.0,0.0,1.0,0.0,0.0,0.38,0.0,0.0,,78.0,87.0,78.0,0,0,,0,0.33,1.0,6.0,-5.0,-1.91,5.8,0.0,3.0,4.0,2.0,0.0,1.0,0.0,,,0.0,,,,,,,,,,,,,,,,,,
켄지 골레,퀴라소,퀴라소,"FW,MF",31,1994,,1,0,16.0,0.2,0.0,0.0,0.0,0.0,0.0,0.0,0.0,0.0,0.0,0.0,0.0,0.0,0.0,0.0,0.0,,0.0,0.0,,,16.0,5.9,,0,1,16.0,2,1.0,0.0,0.0,0.0,0.0,2.83,0.0,0.0,0.0,0.0,0.0,0.0,0.0,,,0.0,,,,,,,,,,,,,,,,,,
케빈 페리다,퀴라소,퀴라소,MF,26,1999,,0,0,,,,,,,,,,,,,,,,,,,,,,,,,,0,0,,3,,,,,,,,,,,,,,,,,,,,,,,,,,,,,,,,,,
리느드로 바쿠나,퀴라소,퀴라소,MF,34,1991,,3,3,270.0,3.0,0.0,0.0,0.0,0.0,0.0,0.0,1.0,0.0,0.0,0.0,0.0,0.0,0.0,6.0,1.0,16.7,2.0,0.33,0.0,0.0,90.0,100.0,90.0,3,0,,0,0.33,1.0,9.0,-8.0,-2.67,,0.0,3.0,3.0,0.0,4.0,0.0,3.0,,,0.0,,,,,,,,,,,,,,,,,,
리바노 코메넨키,퀴라소,퀴라소,MF,22,2004,취리히,3,3,233.0,2.6,1.0,0.0,1.0,1.0,0.0,0.0,1.0,0.0,0.39,0.0,0.39,0.39,0.39,5.0,2.0,40.0,1.93,0.77,0.2,0.5,78.0,86.3,78.0,1,0,,0,0.33,1.0,8.0,-7.0,-2.7,-0.27,0.0,4.0,1.0,0.0,1.0,11.0,1.0,,,0.0,,,,,,,,,,,,,,,,,,
리크헤드리 바죌,퀴라소,퀴라소,DF,29,1996,콘야스포르,1,1,90.0,1.0,0.0,0.0,0.0,0.0,0.0,0.0,0.0,0.0,0.0,0.0,0.0,0.0,0.0,0.0,0.0,,0.0,0.0,,,90.0,33.3,90.0,1,0,,2,0.0,1.0,7.0,-6.0,-6.0,-5.0,0.0,2.0,0.0,0.0,0.0,1.0,1.0,,,0.0,,,,,,,,,,,,,,,,,,
로스혼 반 에즈마,퀴라소,퀴라소,DF,28,1998,RKC 발베이크,1,0,15.0,0.2,0.0,0.0,0.0,0.0,0.0,0.0,0.0,0.0,0.0,0.0,0.0,0.0,0.0,0.0,0.0,,0.0,0.0,,,15.0,5.6,,0,1,15.0,2,1.0,0.0,0.0,0.0,0.0,2.82,0.0,0.0,0.0,0.0,0.0,0.0,0.0,,,0.0,,,,,,,,,,,,,,,,,,
세렐 프로라누스,퀴라소,퀴라소,DF,27,1998,즈볼레,3,3,270.0,3.0,0.0,0.0,0.0,0.0,0.0,0.0,0.0,0.0,0.0,0.0,0.0,0.0,0.0,2.0,0.0,0.0,0.67,0.0,0.0,,90.0,100.0,90.0,3,0,,0,0.33,1.0,9.0,-8.0,-2.67,,0.0,2.0,0.0,1.0,0.0,4.0,6.0,,,0.0,,,,,,,,,,,,,,,,,,
수란디 삼보,퀴라소,퀴라소,DF,24,2001,스파르타 로테르담,1,0,1.0,0.0,0.0,0.0,0.0,0.0,0.0,0.0,0.0,0.0,0.0,0.0,0.0,0.0,0.0,0.0,0.0,,0.0,0.0,,,1.0,0.4,,0,1,1.0,2,0.0,0.0,0.0,0.0,0.0,2.68,0.0,0.0,0.0,0.0,0.0,1.0,0.0,,,0.0,,,,,,,,,,,,,,,,,,
소느트제 한센,퀴라소,퀴라소,FW,24,2002,미들즈브러,1,1,45.0,0.5,0.0,0.0,0.0,0.0,0.0,0.0,0.0,0.0,0.0,0.0,0.0,0.0,0.0,1.0,1.0,100.0,2.0,2.0,0.0,0.0,45.0,16.7,45.0,0,0,,2,0.0,1.0,3.0,-2.0,-4.0,-1.6,0.0,0.0,0.0,0.0,0.0,0.0,0.0,,,0.0,,,,,,,,,,,,,,,,,,
타히트 총,퀴라소,퀴라소,MF,26,1999,셰필드 유나이티드,3,3,247.0,2.7,0.0,0.0,0.0,0.0,0.0,0.0,0.0,0.0,0.0,0.0,0.0,0.0,0.0,4.0,2.0,50.0,1.46,0.73,0.0,0.0,82.0,91.5,82.0,1,0,,0,0.33,1.0,8.0,-7.0,-2.55,1.36,0.0,3.0,13.0,0.0,1.0,1.0,0.0,,,0.0,,,,,,,,,,,,,,,,,,
트레볼 둔르부스크,퀴라소,퀴라소,GK,26,1999,,0,0,,,,,,,,,,,,,,,,,,,,,,,,,,0,0,,3,,,,,,,,,,,,,,,,,,,,,,,,,,,,,,,,,,
티레세 노스린,퀴라소,퀴라소,MF,23,2002,텔스타르,1,0,14.0,0.2,0.0,0.0,0.0,0.0,0.0,0.0,0.0,0.0,0.0,0.0,0.0,0.0,0.0,0.0,0.0,,0.0,0.0,,,14.0,5.2,,0,1,14.0,2,0.0,0.0,0.0,0.0,0.0,2.81,0.0,0.0,2.0,0.0,3.0,0.0,0.0,,,0.0,,,,,,,,,,,,,,,,,,
티릭크 보닥,퀴라소,퀴라소,GK,24,2002,,0,0,,,,,,,,,,,,,,,,,,,,,,,,,,0,0,,3,,,,,,,,,,,,,,,,,,,,,,,,,,,,,,,,,,
아담 흐로젝,체코,체코,FW,23,2002,호펜하임,3,2,156.0,1.7,0.0,0.0,0.0,0.0,0.0,0.0,0.0,0.0,0.0,0.0,0.0,0.0,0.0,3.0,1.0,33.3,1.73,0.58,0.0,0.0,52.0,57.8,65.0,0,1,27.0,0,0.33,1.0,4.0,-3.0,-1.73,-0.94,0.0,4.0,4.0,0.0,0.0,1.0,1.0,,,0.0,,,,,,,,,,,,,,,,,,
아레크살느드 소즈카,체코,체코,"MF,DF",23,2003,빅토리아 플젠,3,2,141.0,1.6,0.0,1.0,1.0,0.0,0.0,0.0,0.0,0.0,0.0,0.64,0.64,0.0,0.64,0.0,0.0,,0.0,0.0,,,47.0,52.2,69.0,0,1,4.0,0,0.33,2.0,3.0,-1.0,-0.64,1.45,0.0,0.0,2.0,0.0,6.0,2.0,1.0,,,0.0,,,,,,,,,,,,,,,,,,
다비드 도이데라,체코,체코,MF,28,1998,슬라비아 프라하,1,1,90.0,1.0,0.0,0.0,0.0,0.0,0.0,0.0,0.0,0.0,0.0,0.0,0.0,0.0,0.0,4.0,0.0,0.0,4.0,0.0,0.0,,90.0,33.3,90.0,1,0,,2,0.0,0.0,3.0,-3.0,-3.0,-2.5,0.0,0.0,1.0,0.0,5.0,1.0,0.0,,,0.0,,,,,,,,,,,,,,,,,,
다비드 주라섹,체코,체코,"DF,MF",25,2000,,0,0,,,,,,,,,,,,,,,,,,,,,,,,,,0,0,,1,,,,,,,,,,,,,,,,,,,,,,,,,,,,,,,,,,
다비드 지마,체코,체코,DF,25,2000,슬라비아 프라하,1,0,13.0,0.1,0.0,0.0,0.0,0.0,0.0,0.0,0.0,0.0,0.0,0.0,0.0,0.0,0.0,0.0,0.0,,0.0,0.0,,,13.0,4.8,,0,1,13.0,2,1.0,0.0,1.0,-1.0,-6.92,-5.87,0.0,0.0,0.0,0.0,0.0,0.0,0.0,,,0.0,,,,,,,,,,,,,,,,,,
데니스 비시느스키,체코,체코,FW,23,2003,빅토리아 플젠,1,1,55.0,0.6,0.0,0.0,0.0,0.0,0.0,0.0,0.0,0.0,0.0,0.0,0.0,0.0,0.0,3.0,0.0,0.0,4.91,0.0,0.0,,55.0,20.4,55.0,0,0,,2,0.0,0.0,1.0,-1.0,-1.64,-0.38,0.0,0.0,1.0,0.0,0.0,0.0,0.0,,,0.0,,,,,,,,,,,,,,,,,,
후고 소크후렉,체코,체코,MF,18,2008,,0,0,,,,,,,,,,,,,,,,,,,,,,,,,,0,0,,3,,,,,,,,,,,,,,,,,,,,,,,,,,,,,,,,,,
잔 쿠치타,체코,체코,FW,29,1997,,0,0,,,,,,,,,,,,,,,,,,,,,,,,,,0,0,,3,,,,,,,,,,,,,,,,,,,,,,,,,,,,,,,,,,
자로스랍 제레니,체코,체코,MF,33,1992,스파르타 프라하,2,1,126.0,1.4,0.0,0.0,0.0,0.0,0.0,0.0,0.0,0.0,0.0,0.0,0.0,0.0,0.0,1.0,0.0,0.0,0.71,0.0,0.0,,63.0,46.7,90.0,1,1,36.0,1,0.5,1.0,3.0,-2.0,-1.43,-0.18,0.0,0.0,2.0,0.0,4.0,0.0,0.0,,,0.0,,,,,,,,,,,,,,,,,,
지느드리치 스타넥,체코,체코,GK,30,1996,,0,0,,,,,,,,,,,,,,,,,,,,,,,,,,0,0,,3,,,,,,,,,,,,,,,,,,,,,,,,,,,,,,,,,,
라디스랍 크레즈키,체코,체코,DF,27,1999,울버햄튼,3,3,270.0,3.0,1.0,0.0,1.0,1.0,0.0,0.0,1.0,0.0,0.33,0.0,0.33,0.33,0.33,5.0,1.0,20.0,1.67,0.33,0.2,1.0,90.0,100.0,90.0,3,0,,0,0.33,2.0,6.0,-4.0,-1.33,,0.0,6.0,2.0,0.0,2.0,1.0,3.0,,,0.0,,,,,,,,,,,,,,,,,,
루카스 홀니켁,체코,체코,GK,23,2002,,0,0,,,,,,,,,,,,,,,,,,,,,,,,,,0,0,,3,,,,,,,,,,,,,,,,,,,,,,,,,,,,,,,,,,
루카스 프로보드,체코,체코,FW,29,1996,슬라비아 프라하,3,1,122.0,1.4,0.0,0.0,0.0,0.0,0.0,0.0,0.0,0.0,0.0,0.0,0.0,0.0,0.0,1.0,0.0,0.0,0.74,0.0,0.0,,41.0,45.2,63.0,0,2,30.0,0,0.33,1.0,3.0,-2.0,-1.48,-0.26,0.0,2.0,1.0,1.0,5.0,1.0,3.0,,,0.0,,,,,,,,,,,,,,,,,,
루카스 켑르,체코,체코,MF,25,2001,빅토리아 플젠,2,2,163.0,1.8,0.0,0.0,0.0,0.0,0.0,0.0,0.0,0.0,0.0,0.0,0.0,0.0,0.0,3.0,2.0,66.7,1.66,1.1,0.0,0.0,82.0,60.4,82.0,0,0,,1,0.5,1.0,2.0,-1.0,-0.55,1.97,0.0,3.0,3.0,0.0,0.0,0.0,3.0,,,0.0,,,,,,,,,,,,,,,,,,
마테즈 코발,체코,체코,GK,26,2000,PSV 에인트호번,3,3,270.0,3.0,0.0,0.0,0.0,0.0,0.0,0.0,0.0,0.0,0.0,0.0,0.0,0.0,0.0,0.0,0.0,,0.0,0.0,,,90.0,100.0,90.0,3,0,,0,0.33,2.0,6.0,-4.0,-1.33,,0.0,0.0,0.0,0.0,0.0,0.0,0.0,,,0.0,3.0,3.0,270.0,6.0,2.0,15.0,9.0,60.0,0.0,1.0,2.0,0.0,0.0,1.0,1.0,0.0,0.0,0.0
미크할 사디렉,체코,체코,MF,27,1999,슬라비아 프라하,3,2,183.0,2.0,1.0,0.0,1.0,1.0,0.0,0.0,0.0,0.0,0.49,0.0,0.49,0.49,0.49,7.0,3.0,42.9,3.44,1.48,0.14,0.33,61.0,67.8,78.0,1,1,27.0,0,0.33,1.0,5.0,-4.0,-1.97,-1.97,0.0,0.0,3.0,0.0,12.0,2.0,2.0,,,0.0,,,,,,,,,,,,,,,,,,
모즈밀 치틸,체코,체코,FW,27,1999,슬라비아 프라하,1,0,7.0,0.1,0.0,0.0,0.0,0.0,0.0,0.0,0.0,0.0,0.0,0.0,0.0,0.0,0.0,0.0,0.0,,0.0,0.0,,,7.0,2.6,,0,1,7.0,2,0.0,0.0,0.0,0.0,0.0,1.37,0.0,1.0,0.0,0.0,0.0,0.0,0.0,,,0.0,,,,,,,,,,,,,,,,,,
파트릭 스크힉크,체코,체코,FW,30,1996,레버쿠젠,3,2,180.0,2.0,0.0,0.0,0.0,0.0,0.0,0.0,0.0,0.0,0.0,0.0,0.0,0.0,0.0,2.0,1.0,50.0,1.0,0.5,0.0,0.0,60.0,66.7,77.0,1,1,27.0,0,0.33,2.0,2.0,0.0,0.0,4.0,0.0,1.0,3.0,0.0,0.0,0.0,0.0,,,0.0,,,,,,,,,,,,,,,,,,
파벨 수르크,체코,체코,FW,25,2000,리옹,3,2,189.0,2.1,0.0,0.0,0.0,0.0,0.0,0.0,0.0,0.0,0.0,0.0,0.0,0.0,0.0,2.0,0.0,0.0,0.95,0.0,0.0,,63.0,70.0,77.0,1,1,36.0,0,0.33,1.0,4.0,-3.0,-1.43,-0.32,0.0,2.0,1.0,1.0,1.0,0.0,2.0,,,0.0,,,,,,,,,,,,,,,,,,
로빈 흐라나크,체코,체코,DF,26,2000,호펜하임,3,3,270.0,3.0,0.0,0.0,0.0,0.0,0.0,0.0,0.0,0.0,0.0,0.0,0.0,0.0,0.0,0.0,0.0,,0.0,0.0,,,90.0,100.0,90.0,3,0,,0,0.33,2.0,6.0,-4.0,-1.33,,0.0,6.0,0.0,0.0,1.0,1.0,0.0,,,0.0,,,,,,,,,,,,,,,,,,
토마스 초리,체코,체코,FW,31,1995,슬라비아 프라하,2,0,31.0,0.3,0.0,0.0,0.0,0.0,0.0,0.0,0.0,0.0,0.0,0.0,0.0,0.0,0.0,0.0,0.0,,0.0,0.0,,,16.0,11.5,,0,2,16.0,1,0.0,0.0,3.0,-3.0,-8.71,-8.33,0.0,2.0,1.0,0.0,0.0,0.0,0.0,,,0.0,,,,,,,,,,,,,,,,,,
토마스 호레스,체코,체코,DF,33,1993,슬라비아 프라하,2,2,153.0,1.7,0.0,0.0,0.0,0.0,0.0,0.0,0.0,0.0,0.0,0.0,0.0,0.0,0.0,0.0,0.0,,0.0,0.0,,,77.0,56.7,77.0,1,0,,1,0.5,1.0,3.0,-2.0,-1.18,0.36,0.0,2.0,2.0,0.0,0.0,4.0,3.0,,,0.0,,,,,,,,,,,,,,,,,,
토마스 소이켁,체코,체코,MF,31,1995,웨스트햄,3,1,137.0,1.5,0.0,0.0,0.0,0.0,0.0,0.0,0.0,0.0,0.0,0.0,0.0,0.0,0.0,1.0,0.0,0.0,0.66,0.0,0.0,,46.0,50.7,90.0,1,2,24.0,0,0.33,1.0,3.0,-2.0,-1.31,0.04,0.0,3.0,1.0,2.0,1.0,1.0,0.0,,,0.0,,,,,,,,,,,,,,,,,,
브라디밀 코이팔,체코,체코,"MF,DF",33,1992,호펜하임,3,3,270.0,3.0,0.0,1.0,1.0,0.0,0.0,0.0,0.0,0.0,0.0,0.33,0.33,0.0,0.33,1.0,0.0,0.0,0.33,0.0,0.0,,90.0,100.0,90.0,3,0,,0,0.33,2.0,6.0,-4.0,-1.33,,0.0,4.0,3.0,1.0,20.0,2.0,1.0,,,0.0,,,,,,,,,,,,,,,,,,
브라디밀 다리다,체코,체코,MF,35,1990,흐라데츠 크랄로베,1,1,54.0,0.6,0.0,0.0,0.0,0.0,0.0,0.0,0.0,0.0,0.0,0.0,0.0,0.0,0.0,1.0,0.0,0.0,1.67,0.0,0.0,,54.0,20.0,54.0,0,0,,2,1.0,1.0,0.0,1.0,1.67,3.75,0.0,0.0,1.0,0.0,0.0,1.0,0.0,,,0.0,,,,,,,,,,,,,,,,,,
스테판 차로이펙,체코,체코,DF,23,2003,슬라비아 프라하,1,1,90.0,1.0,0.0,0.0,0.0,0.0,0.0,0.0,0.0,0.0,0.0,0.0,0.0,0.0,0.0,0.0,0.0,,0.0,0.0,,,90.0,33.3,90.0,1,0,,2,0.0,1.0,2.0,-1.0,-1.0,0.5,0.0,1.0,0.0,0.0,0.0,2.0,0.0,,,0.0,,,,,,,,,,,,,,,,,,
알반 라포느트,코트디부아르,코트디부아르,GK,27,1999,,0,0,,,,,,,,,,,,,,,,,,,,,,,,,,0,0,,4,,,,,,,,,,,,,,,,,,,,,,,,,,,,,,,,,,
아마드 딜로,코트디부아르,코트디부아르,"MF,FW",23,2002,맨체스터 유나이티드,4,2,185.0,2.1,2.0,0.0,2.0,2.0,0.0,0.0,0.0,0.0,0.97,0.0,0.97,0.97,0.97,8.0,4.0,50.0,3.89,1.95,0.25,0.5,46.0,51.4,60.0,0,2,33.0,0,1.5,4.0,2.0,2.0,0.97,1.49,0.0,0.0,2.0,1.0,4.0,2.0,4.0,,,0.0,,,,,,,,,,,,,,,,,,
안게-인 본니,코트디부아르,코트디부아르,FW,22,2003,인터 밀란,4,3,234.0,2.6,0.0,0.0,0.0,0.0,0.0,0.0,0.0,0.0,0.0,0.0,0.0,0.0,0.0,1.0,1.0,100.0,0.38,0.38,0.0,0.0,59.0,65.0,66.0,0,1,35.0,0,1.5,4.0,2.0,2.0,0.77,1.48,0.0,1.0,3.0,1.0,1.0,1.0,2.0,,,0.0,,,,,,,,,,,,,,,,,,
바조이마나 토이레,코트디부아르,코트디부아르,MF,20,2006,호펜하임,3,1,80.0,0.9,0.0,0.0,0.0,0.0,0.0,0.0,0.0,0.0,0.0,0.0,0.0,0.0,0.0,0.0,0.0,,0.0,0.0,,,27.0,22.2,55.0,0,2,13.0,1,2.0,0.0,0.0,0.0,0.0,-0.32,0.0,0.0,1.0,0.0,2.0,0.0,1.0,,,0.0,,,,,,,,,,,,,,,,,,
크흐리스트 이나 오이라이,코트디부아르,코트디부아르,MF,20,2006,트라브존스포르,4,2,208.0,2.3,0.0,0.0,0.0,0.0,0.0,0.0,0.0,0.0,0.0,0.0,0.0,0.0,0.0,2.0,0.0,0.0,0.87,0.0,0.0,,52.0,57.8,75.0,1,2,30.0,0,1.5,3.0,3.0,0.0,0.0,-0.59,0.0,3.0,5.0,0.0,0.0,6.0,4.0,,,0.0,,,,,,,,,,,,,,,,,,
크흐리스톱헬 오페리,코트디부아르,코트디부아르,DF,29,1997,바샥셰히르,1,1,90.0,1.0,0.0,0.0,0.0,0.0,0.0,0.0,0.0,0.0,0.0,0.0,0.0,0.0,0.0,0.0,0.0,,0.0,0.0,,,90.0,25.0,90.0,1,0,,3,3.0,2.0,0.0,2.0,2.0,2.33,0.0,2.0,0.0,0.0,2.0,1.0,2.0,,,0.0,,,,,,,,,,,,,,,,,,
에리 아히,코트디부아르,코트디부아르,FW,23,2003,니스,3,1,110.0,1.2,0.0,0.0,0.0,0.0,0.0,0.0,0.0,0.0,0.0,0.0,0.0,0.0,0.0,3.0,2.0,66.7,2.45,1.64,0.0,0.0,37.0,30.6,55.0,0,2,28.0,1,2.0,1.0,1.0,0.0,0.0,-0.36,0.0,0.0,0.0,0.0,0.0,0.0,1.0,,,0.0,,,,,,,,,,,,,,,,,,
엠마눌 악바도이,코트디부아르,코트디부아르,DF,28,1997,베식타슈,3,3,270.0,3.0,0.0,0.0,0.0,0.0,0.0,0.0,0.0,0.0,0.0,0.0,0.0,0.0,0.0,3.0,1.0,33.3,1.0,0.33,0.0,0.0,90.0,75.0,90.0,3,0,,1,1.0,3.0,4.0,-1.0,-0.33,-2.33,0.0,0.0,0.0,0.0,0.0,4.0,6.0,,,0.0,,,,,,,,,,,,,,,,,,
에반느 구스사느드,코트디부아르,코트디부아르,"FW,MF",24,2001,크리스탈 팰리스,2,0,17.0,0.2,0.0,0.0,0.0,0.0,0.0,0.0,0.0,0.0,0.0,0.0,0.0,0.0,0.0,1.0,0.0,0.0,5.29,0.0,0.0,,9.0,4.7,,0,2,9.0,2,0.0,0.0,1.0,-1.0,-5.29,-5.82,0.0,1.0,0.0,0.0,0.0,0.0,0.0,,,0.0,,,,,,,,,,,,,,,,,,
프락느크 케스시,코트디부아르,코트디부아르,MF,29,1996,알아흘리,4,4,346.0,3.8,1.0,0.0,1.0,1.0,0.0,0.0,1.0,0.0,0.26,0.0,0.26,0.26,0.26,4.0,2.0,50.0,1.04,0.52,0.25,0.5,87.0,96.1,87.0,3,0,,0,1.5,5.0,4.0,1.0,0.26,0.26,0.0,7.0,2.0,1.0,2.0,0.0,4.0,,,0.0,,,,,,,,,,,,,,,,,,
기스란이 코난,코트디부아르,코트디부아르,DF,30,1995,지우 비센치,3,3,269.0,3.0,0.0,0.0,0.0,0.0,0.0,0.0,0.0,0.0,0.0,0.0,0.0,0.0,0.0,4.0,0.0,0.0,1.34,0.0,0.0,,90.0,74.7,90.0,2,0,,1,1.0,3.0,4.0,-1.0,-0.33,-2.31,0.0,0.0,1.0,0.0,8.0,0.0,3.0,,,0.0,,,,,,,,,,,,,,,,,,
구라 도,코트디부아르,코트디부아르,DF,23,2002,스트라스부르,4,3,277.0,3.1,0.0,0.0,0.0,0.0,0.0,0.0,1.0,0.0,0.0,0.0,0.0,0.0,0.0,1.0,0.0,0.0,0.32,0.0,0.0,,69.0,76.9,89.0,2,1,9.0,0,1.5,3.0,3.0,0.0,0.0,-1.08,0.0,6.0,5.0,0.0,12.0,3.0,5.0,,,0.0,,,,,,,,,,,,,,,,,,
입라힘 산가레,코트디부아르,코트디부아르,MF,28,1997,노팅엄 포레스트,4,3,268.0,3.0,0.0,1.0,1.0,0.0,0.0,0.0,0.0,0.0,0.0,0.34,0.34,0.0,0.34,1.0,0.0,0.0,0.34,0.0,0.0,,67.0,74.4,85.0,2,1,14.0,0,1.5,5.0,3.0,2.0,0.67,1.65,0.0,2.0,4.0,0.0,0.0,6.0,5.0,,,0.0,,,,,,,,,,,,,,,,,,
진 세리,코트디부아르,코트디부아르,MF,34,1991,,1,0,14.0,0.2,0.0,0.0,0.0,0.0,0.0,0.0,0.0,0.0,0.0,0.0,0.0,0.0,0.0,0.0,0.0,,0.0,0.0,,,14.0,3.9,,0,1,14.0,3,3.0,0.0,0.0,0.0,0.0,-0.26,0.0,0.0,0.0,0.0,3.0,0.0,1.0,,,0.0,,,,,,,,,,,,,,,,,,
모하메드 코네,코트디부아르,코트디부아르,GK,24,2002,,0,0,,,,,,,,,,,,,,,,,,,,,,,,,,0,0,,4,,,,,,,,,,,,,,,,,,,,,,,,,,,,,,,,,,
니코라스 페페,코트디부아르,코트디부아르,FW,31,1995,비야레알,4,3,234.0,2.6,2.0,1.0,3.0,2.0,0.0,0.0,1.0,0.0,0.77,0.38,1.15,0.77,1.15,6.0,3.0,50.0,2.31,1.15,0.33,0.67,59.0,65.0,76.0,0,1,6.0,0,1.5,3.0,3.0,0.0,0.0,-0.71,0.0,1.0,1.0,1.0,10.0,3.0,0.0,,,0.0,,,,,,,,,,,,,,,,,,
오비테 느 디크카,코트디부아르,코트디부아르,DF,26,1999,,0,0,,,,,,,,,,,,,,,,,,,,,,,,,,0,0,,4,,,,,,,,,,,,,,,,,,,,,,,,,,,,,,,,,,
오디론 코스소이노이,코트디부아르,코트디부아르,DF,25,2001,아탈란타,4,3,272.0,3.0,0.0,0.0,0.0,0.0,0.0,0.0,0.0,0.0,0.0,0.0,0.0,0.0,0.0,0.0,0.0,,0.0,0.0,,,68.0,75.6,90.0,3,1,2.0,0,1.5,5.0,4.0,1.0,0.33,0.33,0.0,0.0,1.0,0.0,0.0,3.0,3.0,,,0.0,,,,,,,,,,,,,,,,,,
오이말 디키테,코트디부아르,코트디부아르,FW,22,2003,세르클 브뤼헤,2,0,28.0,0.3,0.0,0.0,0.0,0.0,0.0,0.0,0.0,0.0,0.0,0.0,0.0,0.0,0.0,0.0,0.0,,0.0,0.0,,,14.0,7.8,,0,2,14.0,2,1.5,0.0,0.0,0.0,0.0,-0.27,0.0,0.0,0.0,0.0,1.0,0.0,1.0,,,0.0,,,,,,,,,,,,,,,,,,
오이스마네 디만데,코트디부아르,코트디부아르,DF,22,2003,스포르팅 CP,1,1,90.0,1.0,0.0,0.0,0.0,0.0,0.0,0.0,0.0,0.0,0.0,0.0,0.0,0.0,0.0,0.0,0.0,,0.0,0.0,,,90.0,25.0,90.0,1,0,,3,3.0,2.0,0.0,2.0,2.0,2.33,0.0,0.0,0.0,0.0,0.0,1.0,0.0,,,0.0,,,,,,,,,,,,,,,,,,
팔파이트 구곤,코트디부아르,코트디부아르,MF,25,2001,,0,0,,,,,,,,,,,,,,,,,,,,,,,,,,0,0,,4,,,,,,,,,,,,,,,,,,,,,,,,,,,,,,,,,,
세코 포파나,코트디부아르,코트디부아르,MF,31,1995,포르투,2,1,92.0,1.0,0.0,0.0,0.0,0.0,0.0,0.0,1.0,0.0,0.0,0.0,0.0,0.0,0.0,5.0,1.0,20.0,4.89,0.98,0.0,0.0,46.0,25.6,76.0,0,1,16.0,2,1.5,0.0,1.0,-1.0,-0.98,-1.65,0.0,1.0,0.0,0.0,0.0,2.0,0.0,,,0.0,,,,,,,,,,,,,,,,,,
시몬 아딩라,코트디부아르,코트디부아르,"FW,MF",24,2002,모나코,1,0,16.0,0.2,0.0,0.0,0.0,0.0,0.0,0.0,0.0,0.0,0.0,0.0,0.0,0.0,0.0,0.0,0.0,,0.0,0.0,,,16.0,4.4,,0,1,16.0,3,0.0,0.0,1.0,-1.0,-5.63,-6.15,0.0,0.0,0.0,0.0,1.0,0.0,0.0,,,0.0,,,,,,,,,,,,,,,,,,
이르프리드 신고,코트디부아르,코트디부아르,DF,25,2000,갈라타사라이,2,2,171.0,1.9,0.0,1.0,1.0,0.0,0.0,0.0,0.0,0.0,0.0,0.53,0.53,0.0,0.53,2.0,0.0,0.0,1.05,0.0,0.0,,86.0,47.5,86.0,1,0,,2,1.5,2.0,1.0,1.0,0.53,0.53,0.0,3.0,1.0,0.0,1.0,4.0,0.0,,,0.0,,,,,,,,,,,,,,,,,,
이히 포파나,코트디부아르,코트디부아르,GK,25,2000,리제스포르,4,4,360.0,4.0,0.0,0.0,0.0,0.0,0.0,0.0,0.0,0.0,0.0,0.0,0.0,0.0,0.0,0.0,0.0,,0.0,0.0,,,90.0,100.0,90.0,4,0,,0,1.5,5.0,4.0,1.0,0.25,,0.0,0.0,3.0,0.0,0.0,0.0,0.0,,,0.0,4.0,4.0,360.0,4.0,1.0,13.0,9.0,69.2,2.0,0.0,2.0,2.0,50.0,0.0,0.0,0.0,0.0,
인 디만데,코트디부아르,코트디부아르,"MF,FW",19,2006,라이프치히,4,4,329.0,3.7,0.0,1.0,1.0,0.0,0.0,0.0,0.0,0.0,0.0,0.27,0.27,0.0,0.27,4.0,0.0,0.0,1.09,0.0,0.0,,82.0,91.4,82.0,1,0,,0,1.5,5.0,3.0,2.0,0.55,3.45,0.0,2.0,7.0,0.0,14.0,4.0,6.0,,,0.0,,,,,,,,,,,,,,,,,,
아란 프란코,에콰도르,에콰도르,DF,27,1998,아틀레치쿠 미네이루,4,4,251.0,2.8,0.0,0.0,0.0,0.0,0.0,0.0,2.0,0.0,0.0,0.0,0.0,0.0,0.0,0.0,0.0,,0.0,0.0,,,63.0,69.7,63.0,0,0,,0,1.0,1.0,3.0,-2.0,-0.72,-0.72,0.0,7.0,0.0,0.0,5.0,4.0,6.0,,,0.0,,,,,,,,,,,,,,,,,,
아란 민다,에콰도르,에콰도르,MF,23,2003,아틀레치쿠 미네이루,1,1,55.0,0.6,0.0,0.0,0.0,0.0,0.0,0.0,0.0,0.0,0.0,0.0,0.0,0.0,0.0,2.0,0.0,0.0,3.27,0.0,0.0,,55.0,15.3,55.0,0,0,,3,0.0,0.0,0.0,0.0,0.0,0.59,0.0,0.0,1.0,0.0,2.0,1.0,0.0,,,0.0,,,,,,,,,,,,,,,,,,
아느트호니 바렌키,에콰도르,에콰도르,MF,22,2003,,0,0,,,,,,,,,,,,,,,,,,,,,,,,,,0,0,,4,,,,,,,,,,,,,,,,,,,,,,,,,,,,,,,,,,
데닐 카스틸로,에콰도르,에콰도르,MF,22,2004,,0,0,,,,,,,,,,,,,,,,,,,,,,,,,,0,0,,4,,,,,,,,,,,,,,,,,,,,,,,,,,,,,,,,,,
엔넬 바렌키,에콰도르,에콰도르,FW,36,1989,파추카,4,4,287.0,3.2,0.0,0.0,0.0,0.0,0.0,0.0,0.0,0.0,0.0,0.0,0.0,0.0,0.0,10.0,6.0,60.0,3.14,1.88,0.0,0.0,72.0,79.7,72.0,1,0,,0,1.0,1.0,3.0,-2.0,-0.63,-0.63,0.0,4.0,7.0,2.0,1.0,0.0,1.0,,,0.0,,,,,,,,,,,,,,,,,,
페리스 톨레스 카이케도,에콰도르,에콰도르,DF,29,1997,인테르나시오날,1,0,6.0,0.1,0.0,0.0,0.0,0.0,0.0,0.0,0.0,0.0,0.0,0.0,0.0,0.0,0.0,0.0,0.0,,0.0,0.0,,,6.0,1.7,,0,1,6.0,3,3.0,0.0,0.0,0.0,0.0,0.51,0.0,0.0,0.0,0.0,0.0,0.0,0.0,,,0.0,,,,,,,,,,,,,,,,,,
곤자로 프라타,에콰도르,에콰도르,FW,25,2000,플라멩구,4,4,360.0,4.0,1.0,0.0,1.0,1.0,0.0,0.0,1.0,0.0,0.25,0.0,0.25,0.25,0.25,8.0,5.0,62.5,2.0,1.25,0.13,0.2,90.0,100.0,90.0,4,0,,0,1.0,2.0,4.0,-2.0,-0.5,,0.0,5.0,4.0,0.0,8.0,2.0,5.0,,,0.0,,,,,,,,,,,,,,,,,,
곤자로 발레,에콰도르,에콰도르,GK,30,1996,,0,0,,,,,,,,,,,,,,,,,,,,,,,,,,0,0,,4,,,,,,,,,,,,,,,,,,,,,,,,,,,,,,,,,,
헬난 가린데즈,에콰도르,에콰도르,GK,39,1987,우라칸,4,4,360.0,4.0,0.0,0.0,0.0,0.0,0.0,0.0,0.0,0.0,0.0,0.0,0.0,0.0,0.0,0.0,0.0,,0.0,0.0,,,90.0,100.0,90.0,4,0,,0,1.0,2.0,4.0,-2.0,-0.5,,0.0,0.0,0.0,0.0,0.0,0.0,0.0,,,0.0,4.0,4.0,360.0,4.0,1.0,13.0,9.0,69.2,1.0,1.0,2.0,1.0,25.0,0.0,0.0,0.0,0.0,
작크손 포로조,에콰도르,에콰도르,DF,25,2000,티후아나,1,0,29.0,0.3,0.0,0.0,0.0,0.0,0.0,0.0,1.0,0.0,0.0,0.0,0.0,0.0,0.0,0.0,0.0,,0.0,0.0,,,29.0,8.1,,0,1,29.0,3,0.0,0.0,1.0,-1.0,-3.1,-2.83,0.0,2.0,0.0,0.0,0.0,0.0,0.0,,,0.0,,,,,,,,,,,,,,,,,,
제레미 아레바로,에콰도르,에콰도르,FW,21,2005,,0,0,,,,,,,,,,,,,,,,,,,,,,,,,,0,0,,4,,,,,,,,,,,,,,,,,,,,,,,,,,,,,,,,,,
죌 올도네즈,에콰도르,에콰도르,DF,22,2004,클럽 브뤼헤,3,3,225.0,2.5,0.0,0.0,0.0,0.0,0.0,0.0,0.0,0.0,0.0,0.0,0.0,0.0,0.0,2.0,0.0,0.0,0.8,0.0,0.0,,75.0,62.5,75.0,2,0,,1,1.0,2.0,4.0,-2.0,-0.8,-0.8,0.0,1.0,1.0,0.0,0.0,1.0,5.0,,,0.0,,,,,,,,,,,,,,,,,,
존흐 이보,에콰도르,에콰도르,MF,25,2000,베네치아,4,4,311.0,3.5,0.0,0.0,0.0,0.0,0.0,0.0,0.0,0.0,0.0,0.0,0.0,0.0,0.0,8.0,3.0,37.5,2.32,0.87,0.0,0.0,78.0,86.4,78.0,0,0,,0,1.0,2.0,3.0,-1.0,-0.29,1.55,0.0,0.0,4.0,0.0,11.0,3.0,3.0,,,0.0,,,,,,,,,,,,,,,,,,
졸디 알키발,에콰도르,에콰도르,MF,26,1999,인데펜디엔테,1,1,45.0,0.5,0.0,0.0,0.0,0.0,0.0,0.0,1.0,0.0,0.0,0.0,0.0,0.0,0.0,1.0,0.0,0.0,2.0,0.0,0.0,,45.0,12.5,45.0,0,0,,3,1.0,0.0,0.0,0.0,0.0,0.57,0.0,1.0,0.0,0.0,1.0,0.0,1.0,,,0.0,,,,,,,,,,,,,,,,,,
졸디 카이케도,에콰도르,에콰도르,FW,28,1997,우라칸,3,0,20.0,0.2,0.0,0.0,0.0,0.0,0.0,0.0,0.0,0.0,0.0,0.0,0.0,0.0,0.0,1.0,0.0,0.0,4.5,0.0,0.0,,7.0,5.6,,0,3,7.0,1,1.33,0.0,0.0,0.0,0.0,0.53,0.0,2.0,0.0,0.0,0.0,0.0,0.0,,,0.0,,,,,,,,,,,,,,,,,,
케느드리 파즈,에콰도르,에콰도르,MF,19,2007,리버 플레이트,1,0,12.0,0.1,0.0,0.0,0.0,0.0,0.0,0.0,1.0,0.0,0.0,0.0,0.0,0.0,0.0,0.0,0.0,,0.0,0.0,,,12.0,3.3,,0,1,12.0,3,0.0,0.0,0.0,0.0,0.0,0.52,0.0,1.0,0.0,0.0,0.0,0.0,0.0,,,0.0,,,,,,,,,,,,,,,,,,
케빈 로드리구즈,에콰도르,에콰도르,FW,26,2000,유니온 생질루아즈,4,0,118.0,1.3,0.0,1.0,1.0,0.0,0.0,0.0,0.0,0.0,0.0,0.76,0.76,0.0,0.76,6.0,1.0,16.7,4.58,0.76,0.0,0.0,30.0,32.8,,0,4,30.0,0,1.0,1.0,1.0,0.0,0.0,0.74,0.0,3.0,2.0,0.0,0.0,0.0,1.0,,,0.0,,,,,,,,,,,,,,,,,,
모세스 카이케도,에콰도르,에콰도르,MF,24,2001,첼시,4,4,360.0,4.0,0.0,0.0,0.0,0.0,0.0,0.0,1.0,0.0,0.0,0.0,0.0,0.0,0.0,4.0,1.0,25.0,1.0,0.25,0.0,0.0,90.0,100.0,90.0,4,0,,0,1.0,2.0,4.0,-2.0,-0.5,,0.0,5.0,4.0,0.0,17.0,4.0,6.0,,,0.0,,,,,,,,,,,,,,,,,,
모세스 라미레즈,에콰도르,에콰도르,GK,25,2000,,0,0,,,,,,,,,,,,,,,,,,,,,,,,,,0,0,,4,,,,,,,,,,,,,,,,,,,,,,,,,,,,,,,,,,
닐손 안구로,에콰도르,에콰도르,MF,22,2003,선덜랜드,4,2,218.0,2.4,1.0,0.0,1.0,1.0,0.0,0.0,0.0,0.0,0.41,0.0,0.41,0.41,0.41,2.0,2.0,100.0,0.83,0.83,0.5,0.5,55.0,60.6,81.0,0,2,28.0,0,1.0,2.0,4.0,-2.0,-0.83,-0.83,0.0,4.0,3.0,0.0,5.0,2.0,1.0,,,0.0,,,,,,,,,,,,,,,,,,
페드로 비테,에콰도르,에콰도르,MF,24,2002,UNAM 푸마스,4,4,360.0,4.0,0.0,1.0,1.0,0.0,0.0,0.0,0.0,0.0,0.0,0.25,0.25,0.0,0.25,4.0,1.0,25.0,1.0,0.25,0.0,0.0,90.0,100.0,90.0,4,0,,0,1.0,2.0,4.0,-2.0,-0.5,,0.0,2.0,5.0,0.0,6.0,5.0,11.0,,,0.0,,,,,,,,,,,,,,,,,,
펠비스 에스투피난,에콰도르,에콰도르,MF,28,1998,AC 밀란,2,1,89.0,1.0,0.0,0.0,0.0,0.0,0.0,0.0,0.0,0.0,0.0,0.0,0.0,0.0,0.0,0.0,0.0,,0.0,0.0,,,45.0,24.7,69.0,0,1,20.0,2,2.0,1.0,0.0,1.0,1.01,2.01,0.0,3.0,0.0,0.0,2.0,0.0,1.0,,,0.0,,,,,,,,,,,,,,,,,,
피로 힌카피,에콰도르,에콰도르,DF,24,2002,아스널,4,4,339.0,3.8,0.0,0.0,0.0,0.0,0.0,0.0,1.0,1.0,0.0,0.0,0.0,0.0,0.0,3.0,0.0,0.0,0.8,0.0,0.0,,85.0,94.2,85.0,2,0,,0,1.0,1.0,4.0,-3.0,-0.8,-5.08,0.0,5.0,4.0,0.0,14.0,4.0,5.0,,,0.0,,,,,,,,,,,,,,,,,,
일린 파크호,에콰도르,에콰도르,DF,24,2001,파리 생제르맹,4,4,360.0,4.0,0.0,0.0,0.0,0.0,0.0,0.0,0.0,0.0,0.0,0.0,0.0,0.0,0.0,1.0,1.0,100.0,0.25,0.25,0.0,0.0,90.0,100.0,90.0,4,0,,0,1.0,2.0,4.0,-2.0,-0.5,,0.0,3.0,2.0,0.0,0.0,8.0,2.0,,,0.0,,,,,,,,,,,,,,,,,,
이말 메디나,에콰도르,에콰도르,"DF,MF",21,2004,헹크,1,0,45.0,0.5,0.0,0.0,0.0,0.0,0.0,0.0,0.0,0.0,0.0,0.0,0.0,0.0,0.0,1.0,0.0,0.0,2.0,0.0,0.0,,45.0,12.5,,0,1,45.0,3,0.0,0.0,0.0,0.0,0.0,0.57,0.0,1.0,0.0,0.0,4.0,1.0,0.0,,,0.0,,,,,,,,,,,,,,,,,,
안게로 프레키도,에콰도르,에콰도르,"DF,MF",28,1998,아틀레치쿠 미네이루,4,0,109.0,1.2,0.0,0.0,0.0,0.0,0.0,0.0,0.0,0.0,0.0,0.0,0.0,0.0,0.0,0.0,0.0,,0.0,0.0,,,27.0,30.3,,0,4,27.0,0,1.0,1.0,1.0,0.0,0.0,0.72,0.0,0.0,1.0,0.0,7.0,3.0,1.0,,,0.0,,,,,,,,,,,,,,,,,,
아메드 파토이,이집트,이집트,DF,28,1998,,3,3,267.0,3.0,0.0,0.0,0.0,0.0,0.0,0.0,1.0,0.0,0.0,0.0,0.0,0.0,0.0,1.0,1.0,100.0,0.34,0.34,0.0,0.0,89.0,55.6,89.0,2,0,,0,1.67,5.0,3.0,2.0,0.67,1.1,0.0,2.0,3.0,0.0,8.0,4.0,5.0,,,0.0,,,,,,,,,,,,,,,,,,
엘 마디 소리만,이집트,이집트,GK,39,1987,,0,0,,,,,,,,,,,,,,,,,,,,,,,,,,0,0,,5,,,,,,,,,,,,,,,,,,,,,,,,,,,,,,,,,,
에맘 아스홀이,이집트,이집트,MF,28,1998,,5,5,362.0,4.0,2.0,0.0,2.0,2.0,0.0,0.0,0.0,0.0,0.5,0.0,0.5,0.5,0.5,10.0,2.0,20.0,2.49,0.5,0.2,1.0,72.0,75.4,72.0,1,0,,0,1.2,7.0,4.0,3.0,0.75,2.27,0.0,2.0,13.0,0.0,4.0,4.0,2.0,,,0.0,,,,,,,,,,,,,,,,,,
하이스셈 하스산,이집트,이집트,MF,24,2002,오비에도,2,1,126.0,1.4,0.0,1.0,1.0,0.0,0.0,0.0,2.0,0.0,0.0,0.71,0.71,0.0,0.71,1.0,0.0,0.0,0.71,0.0,0.0,,63.0,26.3,72.0,0,1,54.0,3,0.5,2.0,0.0,2.0,1.43,1.68,0.0,2.0,2.0,0.0,9.0,0.0,1.0,,,0.0,,,,,,,,,,,,,,,,,,
함디 파트히,이집트,이집트,"DF,MF",31,1994,,4,3,238.0,2.6,0.0,0.0,0.0,0.0,0.0,0.0,1.0,0.0,0.0,0.0,0.0,0.0,0.0,0.0,0.0,,0.0,0.0,,,60.0,49.6,64.0,0,1,45.0,0,1.25,3.0,6.0,-3.0,-1.13,-2.62,0.0,3.0,2.0,1.0,1.0,2.0,3.0,,,0.0,,,,,,,,,,,,,,,,,,
함자 압델카림,이집트,이집트,FW,18,2008,,4,0,60.0,0.7,0.0,0.0,0.0,0.0,0.0,0.0,0.0,0.0,0.0,0.0,0.0,0.0,0.0,0.0,0.0,,0.0,0.0,,,15.0,12.5,,0,4,15.0,1,1.5,1.0,0.0,1.0,1.5,1.5,0.0,2.0,0.0,0.0,0.0,0.0,0.0,,,0.0,,,,,,,,,,,,,,,,,,
호스삼 압델마구드,이집트,이집트,DF,25,2001,,2,0,59.0,0.7,0.0,0.0,0.0,0.0,0.0,0.0,0.0,0.0,0.0,0.0,0.0,0.0,0.0,0.0,0.0,,0.0,0.0,,,30.0,12.3,,0,2,30.0,2,2.0,0.0,0.0,0.0,0.0,-0.21,0.0,1.0,0.0,0.0,0.0,1.0,0.0,,,0.0,,,,,,,,,,,,,,,,,,
입라힘 아델,이집트,이집트,MF,25,2001,노르셸란,1,0,3.0,0.0,0.0,0.0,0.0,0.0,0.0,0.0,0.0,0.0,0.0,0.0,0.0,0.0,0.0,0.0,0.0,,0.0,0.0,,,3.0,0.6,,0,1,3.0,4,1.0,0.0,0.0,0.0,0.0,-0.19,0.0,0.0,0.0,0.0,0.0,0.0,0.0,,,0.0,,,,,,,,,,,,,,,,,,
카림 하페즈,이집트,이집트,DF,30,1996,,3,2,172.0,1.9,0.0,1.0,1.0,0.0,0.0,0.0,0.0,0.0,0.0,0.52,0.52,0.0,0.52,1.0,0.0,0.0,0.52,0.0,0.0,,57.0,35.8,85.0,1,1,3.0,2,0.67,3.0,4.0,-1.0,-0.52,-1.11,0.0,1.0,2.0,0.0,3.0,3.0,1.0,,,0.0,,,,,,,,,,,,,,,,,,
마모이드 사벨,이집트,이집트,MF,24,2001,,2,1,46.0,0.5,1.0,0.0,1.0,1.0,0.0,0.0,1.0,0.0,1.96,0.0,1.96,1.96,1.96,3.0,1.0,33.3,5.87,1.96,0.33,1.0,23.0,9.6,45.0,0,1,1.0,3,1.0,1.0,1.0,0.0,0.0,-0.21,0.0,2.0,1.0,0.0,1.0,0.0,0.0,,,0.0,,,,,,,,,,,,,,,,,,
말안 아트티,이집트,이집트,MF,27,1998,,5,4,434.0,4.8,0.0,1.0,1.0,0.0,0.0,0.0,2.0,0.0,0.0,0.21,0.21,0.0,0.21,4.0,0.0,0.0,0.83,0.0,0.0,,87.0,90.4,97.0,3,1,45.0,0,1.2,7.0,6.0,1.0,0.21,0.21,0.0,8.0,1.0,0.0,11.0,3.0,3.0,,,0.0,,,,,,,,,,,,,,,,,,
모하메드 압델모넴,이집트,이집트,DF,27,1999,니스,2,1,14.0,0.2,0.0,0.0,0.0,0.0,0.0,0.0,0.0,0.0,0.0,0.0,0.0,0.0,0.0,0.0,0.0,,0.0,0.0,,,7.0,2.9,13.0,0,1,1.0,1,2.0,1.0,1.0,0.0,0.0,-0.19,0.0,1.0,0.0,0.0,0.0,0.0,0.0,,,0.0,,,,,,,,,,,,,,,,,,
모하메드 아라,이집트,이집트,GK,27,1999,,0,0,,,,,,,,,,,,,,,,,,,,,,,,,,0,0,,5,,,,,,,,,,,,,,,,,,,,,,,,,,,,,,,,,,
모하메드 엘-세나이,이집트,이집트,GK,37,1988,,0,0,,,,,,,,,,,,,,,,,,,,,,,,,,0,0,,5,,,,,,,,,,,,,,,,,,,,,,,,,,,,,,,,,,
모하메드 하니,이집트,이집트,DF,30,1996,,5,5,480.0,5.3,0.0,1.0,1.0,0.0,0.0,0.0,0.0,0.0,0.0,0.19,0.19,0.0,0.19,4.0,0.0,0.0,0.75,0.0,0.0,,96.0,100.0,96.0,5,0,,0,1.2,8.0,7.0,1.0,0.19,,0.0,2.0,1.0,0.0,15.0,6.0,9.0,,,2.0,,,,,,,,,,,,,,,,,,
모하메드 살라,이집트,이집트,"FW,MF",33,1992,리버풀,5,5,425.0,4.7,1.0,2.0,3.0,1.0,0.0,0.0,0.0,0.0,0.21,0.42,0.64,0.21,0.64,9.0,4.0,44.4,1.91,0.85,0.11,0.25,85.0,88.5,85.0,2,0,,0,1.2,8.0,7.0,1.0,0.21,0.21,0.0,5.0,13.0,1.0,14.0,2.0,0.0,,,0.0,,,,,,,,,,,,,,,,,,
모하나드 라스힌,이집트,이집트,MF,30,1996,,4,4,359.0,4.0,0.0,0.0,0.0,0.0,0.0,0.0,2.0,0.0,0.0,0.0,0.0,0.0,0.0,2.0,0.0,0.0,0.5,0.0,0.0,,90.0,74.8,90.0,3,0,,0,1.25,7.0,5.0,2.0,0.5,1.25,0.0,5.0,3.0,0.0,1.0,8.0,11.0,,,0.0,,,,,,,,,,,,,,,,,,
모스타파 소벨,이집트,이집트,GK,26,2000,,5,5,480.0,5.3,0.0,0.0,0.0,0.0,0.0,0.0,1.0,0.0,0.0,0.0,0.0,0.0,0.0,0.0,0.0,,0.0,0.0,,,96.0,100.0,96.0,5,0,,0,1.2,8.0,7.0,1.0,0.19,,0.0,0.0,5.0,0.0,0.0,0.0,0.0,,,0.0,5.0,5.0,480.0,7.0,1.31,19.0,12.0,63.2,1.0,3.0,1.0,0.0,0.0,2.0,0.0,2.0,0.0,100.0
모스타파 지코,이집트,이집트,"FW,MF",29,1997,,5,5,370.0,4.1,2.0,1.0,3.0,2.0,0.0,0.0,0.0,0.0,0.49,0.24,0.73,0.49,0.73,8.0,3.0,37.5,1.95,0.73,0.25,0.67,74.0,77.1,74.0,0,0,,0,1.2,7.0,5.0,2.0,0.49,1.3,0.0,6.0,5.0,2.0,2.0,2.0,4.0,,,0.0,,,,,,,,,,,,,,,,,,
나빌 둔가,이집트,이집트,MF,30,1996,,0,0,,,,,,,,,,,,,,,,,,,,,,,,,,0,0,,5,,,,,,,,,,,,,,,,,,,,,,,,,,,,,,,,,,
오말 말모이시,이집트,이집트,"FW,MF",27,1999,맨체스터 시티,5,3,326.0,3.6,0.0,0.0,0.0,0.0,0.0,0.0,0.0,0.0,0.0,0.0,0.0,0.0,0.0,11.0,1.0,9.1,3.04,0.28,0.0,0.0,65.0,67.9,90.0,1,2,28.0,0,1.2,4.0,5.0,-1.0,-0.28,-1.44,0.0,3.0,8.0,0.0,5.0,2.0,3.0,,,0.0,,,,,,,,,,,,,,,,,,
라미 라비,이집트,이집트,DF,33,1993,,5,3,372.0,4.1,0.0,0.0,0.0,0.0,0.0,0.0,0.0,0.0,0.0,0.0,0.0,0.0,0.0,1.0,1.0,100.0,0.24,0.24,0.0,0.0,74.0,77.5,100.0,3,2,36.0,0,1.2,7.0,5.0,2.0,0.48,1.32,0.0,3.0,2.0,0.0,0.0,3.0,5.0,,,0.0,,,,,,,,,,,,,,,,,,
타렉 아라,이집트,이집트,DF,24,2002,,0,0,,,,,,,,,,,,,,,,,,,,,,,,,,0,0,,5,,,,,,,,,,,,,,,,,,,,,,,,,,,,,,,,,,
트레제구트,이집트,이집트,MF,31,1994,,4,1,164.0,1.8,1.0,1.0,2.0,1.0,0.0,0.0,0.0,0.0,0.55,0.55,1.1,0.55,1.1,8.0,3.0,37.5,4.39,1.65,0.13,0.33,41.0,34.2,90.0,1,3,25.0,1,1.25,2.0,4.0,-2.0,-1.1,-1.95,0.0,3.0,2.0,0.0,2.0,1.0,0.0,,,0.0,,,,,,,,,,,,,,,,,,
이스셀 입라힘,이집트,이집트,DF,33,1993,,5,4,467.0,5.2,1.0,0.0,1.0,1.0,0.0,0.0,2.0,0.0,0.19,0.0,0.19,0.19,0.19,1.0,1.0,100.0,0.19,0.19,1.0,1.0,93.0,97.3,98.0,4,1,77.0,0,1.2,7.0,6.0,1.0,0.19,0.19,0.0,6.0,3.0,0.0,0.0,3.0,6.0,,,0.0,,,,,,,,,,,,,,,,,,
지조,이집트,이집트,MF,30,1996,,4,0,56.0,0.6,0.0,0.0,0.0,0.0,0.0,0.0,0.0,0.0,0.0,0.0,0.0,0.0,0.0,3.0,1.0,33.3,4.82,1.61,0.0,0.0,14.0,11.7,,0,4,14.0,1,1.25,0.0,0.0,0.0,0.0,-0.21,0.0,2.0,1.0,0.0,6.0,0.0,1.0,,,0.0,,,,,,,,,,,,,,,,,,
아느트호니 골돈,잉글랜드,잉글랜드,MF,25,2001,바르셀로나,6,5,396.0,4.4,1.0,3.0,4.0,1.0,0.0,0.0,0.0,0.0,0.23,0.68,0.91,0.23,0.91,6.0,4.0,66.7,1.36,0.91,0.17,0.25,66.0,52.8,73.0,1,1,30.0,2,2.17,10.0,5.0,5.0,1.14,0.37,0.0,4.0,10.0,0.0,8.0,3.0,3.0,,,0.0,,,,,,,,,,,,,,,,,,
부카요 사카,잉글랜드,잉글랜드,MF,24,2001,아스널,7,3,358.0,4.0,3.0,3.0,6.0,2.0,1.0,1.0,0.0,0.0,0.75,0.75,1.51,0.5,1.26,13.0,7.0,53.8,3.27,1.76,0.15,0.29,51.0,47.7,69.0,1,4,38.0,1,2.71,13.0,5.0,8.0,2.01,2.01,0.0,4.0,9.0,4.0,21.0,1.0,7.0,,,0.0,,,,,,,,,,,,,,,,,,
단 분르,잉글랜드,잉글랜드,DF,34,1992,뉴캐슬,3,0,35.0,0.4,0.0,0.0,0.0,0.0,0.0,0.0,0.0,0.0,0.0,0.0,0.0,0.0,0.0,0.0,0.0,,0.0,0.0,,,12.0,4.7,,0,3,12.0,5,2.0,0.0,2.0,-2.0,-5.14,-6.4,0.0,1.0,0.0,0.0,0.0,0.0,0.0,,,0.0,,,,,,,,,,,,,,,,,,
딘 헨델손,잉글랜드,잉글랜드,GK,29,1997,크리스탈 팰리스,1,1,90.0,1.0,0.0,0.0,0.0,0.0,0.0,0.0,0.0,0.0,0.0,0.0,0.0,0.0,0.0,0.0,0.0,,0.0,0.0,,,90.0,12.0,90.0,1,0,,7,3.0,6.0,4.0,2.0,2.0,1.18,0.0,0.0,0.0,0.0,0.0,1.0,0.0,,,0.0,1.0,1.0,90.0,4.0,4.0,9.0,5.0,55.6,1.0,0.0,0.0,0.0,0.0,0.0,0.0,0.0,0.0,
데클란 라이스,잉글랜드,잉글랜드,MF,27,1999,아스널,7,7,557.0,6.2,1.0,2.0,3.0,1.0,0.0,0.0,2.0,0.0,0.16,0.32,0.48,0.16,0.48,6.0,3.0,50.0,0.97,0.48,0.17,0.33,80.0,74.3,80.0,3,0,,1,2.29,16.0,10.0,6.0,0.97,0.04,0.0,4.0,0.0,1.0,44.0,5.0,3.0,,,0.0,,,,,,,,,,,,,,,,,,
드제드 스펜케,잉글랜드,잉글랜드,DF,25,2000,토트넘 홋스퍼,8,4,404.0,4.5,0.0,0.0,0.0,0.0,0.0,0.0,0.0,0.0,0.0,0.0,0.0,0.0,0.0,2.0,2.0,100.0,0.45,0.45,0.0,0.0,51.0,53.9,78.0,1,4,23.0,0,2.38,10.0,6.0,4.0,0.89,-0.15,0.0,3.0,5.0,0.0,6.0,5.0,10.0,,,0.0,,,,,,,,,,,,,,,,,,
에베레크히 에제,잉글랜드,잉글랜드,MF,27,1998,아스널,5,1,211.0,2.3,0.0,1.0,1.0,0.0,0.0,0.0,0.0,0.0,0.0,0.43,0.43,0.0,0.43,5.0,0.0,0.0,2.13,0.0,0.0,,42.0,28.1,78.0,0,4,33.0,3,2.6,7.0,3.0,4.0,1.71,1.04,0.0,2.0,4.0,1.0,2.0,0.0,0.0,,,0.0,,,,,,,,,,,,,,,,,,
엘리트 안델손,잉글랜드,잉글랜드,MF,23,2002,노팅엄 포레스트,8,7,632.0,7.0,0.0,1.0,1.0,0.0,0.0,0.0,1.0,0.0,0.0,0.14,0.14,0.0,0.14,7.0,1.0,14.3,1.0,0.14,0.0,0.0,79.0,84.3,89.0,4,1,12.0,0,2.38,16.0,9.0,7.0,1.0,0.23,0.0,9.0,13.0,0.0,8.0,8.0,18.0,,,0.0,,,,,,,,,,,,,,,,,,
에즈리 콘사,잉글랜드,잉글랜드,DF,28,1997,아스톤 빌라,8,7,647.0,7.2,1.0,0.0,1.0,1.0,0.0,0.0,0.0,0.0,0.14,0.0,0.14,0.14,0.14,3.0,2.0,66.7,0.42,0.28,0.33,0.5,81.0,86.3,90.0,6,1,19.0,0,2.38,18.0,12.0,6.0,0.83,-0.91,0.0,8.0,11.0,0.0,3.0,8.0,5.0,,,0.0,,,,,,,,,,,,,,,,,,
해리 케인,잉글랜드,잉글랜드,FW,32,1993,바이에른 뮌헨,7,7,652.0,7.2,6.0,1.0,7.0,4.0,2.0,2.0,0.0,0.0,0.83,0.14,0.97,0.55,0.69,23.0,12.0,52.2,3.17,1.66,0.17,0.33,93.0,86.9,93.0,5,0,,1,2.29,14.0,8.0,6.0,0.83,-1.01,0.0,8.0,9.0,2.0,1.0,1.0,3.0,,,0.0,,,,,,,,,,,,,,,,,,
이반 토네이,잉글랜드,잉글랜드,FW,30,1996,알아흘리,2,1,79.0,0.9,0.0,0.0,0.0,0.0,0.0,0.0,0.0,0.0,0.0,0.0,0.0,0.0,0.0,2.0,1.0,50.0,2.28,1.14,0.0,0.0,40.0,10.5,78.0,0,1,1.0,6,1.5,4.0,3.0,1.0,1.14,0.2,0.0,0.0,3.0,2.0,0.0,0.0,0.0,,,0.0,,,,,,,,,,,,,,,,,,
자메스 트라프포르드,잉글랜드,잉글랜드,GK,23,2002,,0,0,,,,,,,,,,,,,,,,,,,,,,,,,,0,0,,8,,,,,,,,,,,,,,,,,,,,,,,,,,,,,,,,,,
자렐르 쿤사,잉글랜드,잉글랜드,DF,23,2003,레버쿠젠,3,3,197.0,2.2,0.0,0.0,0.0,0.0,0.0,0.0,1.0,1.0,0.0,0.0,0.0,0.0,0.0,0.0,0.0,,0.0,0.0,,,66.0,26.3,66.0,0,0,,3,3.0,7.0,4.0,3.0,1.37,0.56,0.0,2.0,2.0,0.0,1.0,0.0,0.0,,,0.0,,,,,,,,,,,,,,,,,,
존흐 스토네스,잉글랜드,잉글랜드,DF,32,1994,맨체스터 시티,5,3,330.0,3.7,0.0,0.0,0.0,0.0,0.0,0.0,0.0,0.0,0.0,0.0,0.0,0.0,0.0,1.0,0.0,0.0,0.27,0.0,0.0,,66.0,44.0,98.0,1,2,18.0,3,2.4,8.0,5.0,3.0,0.82,-0.25,0.0,1.0,1.0,0.0,1.0,0.0,0.0,,,0.0,,,,,,,,,,,,,,,,,,
졸단 헨델손,잉글랜드,잉글랜드,MF,35,1990,브렌트포드,1,0,7.0,0.1,0.0,0.0,0.0,0.0,0.0,0.0,1.0,0.0,0.0,0.0,0.0,0.0,0.0,0.0,0.0,,0.0,0.0,,,7.0,0.9,,0,1,7.0,6,3.0,3.0,2.0,1.0,12.86,12.01,0.0,0.0,1.0,0.0,2.0,0.0,1.0,,,0.0,,,,,,,,,,,,,,,,,,
졸단 픽크포르드,잉글랜드,잉글랜드,GK,32,1994,에버턴,7,7,660.0,7.3,0.0,0.0,0.0,0.0,0.0,0.0,0.0,0.0,0.0,0.0,0.0,0.0,0.0,0.0,0.0,,0.0,0.0,,,94.0,88.0,94.0,7,0,,1,2.29,14.0,8.0,6.0,0.82,-1.18,0.0,0.0,4.0,0.0,0.0,0.0,0.0,,,0.0,7.0,7.0,660.0,8.0,1.09,23.0,15.0,65.2,5.0,1.0,1.0,2.0,28.6,1.0,1.0,0.0,0.0,0.0
주드 벨링엄,잉글랜드,잉글랜드,MF,22,2003,레알 마드리드,8,7,614.0,6.8,7.0,1.0,8.0,7.0,0.0,0.0,1.0,0.0,1.03,0.15,1.17,1.03,1.17,19.0,13.0,68.4,2.79,1.91,0.37,0.54,77.0,81.9,86.0,3,1,12.0,0,2.38,15.0,9.0,6.0,0.88,-0.44,0.0,9.0,17.0,1.0,8.0,3.0,10.0,,,0.0,,,,,,,,,,,,,,,,,,
콥비 마이누,잉글랜드,잉글랜드,MF,21,2005,,0,0,,,,,,,,,,,,,,,,,,,,,,,,,,0,0,,7,,,,,,,,,,,,,,,,,,,,,,,,,,,,,,,,,,
마르크 구히,잉글랜드,잉글랜드,DF,25,2000,맨체스터 시티,8,7,663.0,7.4,0.0,0.0,0.0,0.0,0.0,0.0,1.0,0.0,0.0,0.0,0.0,0.0,0.0,1.0,0.0,0.0,0.14,0.0,0.0,,83.0,88.4,94.0,6,1,4.0,0,2.38,15.0,9.0,6.0,0.81,-1.25,0.0,4.0,13.0,0.0,0.0,6.0,1.0,,,0.0,,,,,,,,,,,,,,,,,,
마커스 래시퍼드,잉글랜드,잉글랜드,MF,28,1997,바르셀로나,6,3,223.0,2.5,1.0,1.0,2.0,1.0,0.0,0.0,0.0,0.0,0.4,0.4,0.81,0.4,0.81,12.0,5.0,41.7,4.84,2.02,0.08,0.2,37.0,29.7,65.0,1,3,9.0,2,2.17,7.0,1.0,6.0,2.42,2.08,0.0,5.0,1.0,1.0,17.0,0.0,2.0,,,0.0,,,,,,,,,,,,,,,,,,
몰간 로게르스,잉글랜드,잉글랜드,MF,23,2002,아스톤 빌라,7,3,339.0,3.8,0.0,1.0,1.0,0.0,0.0,0.0,0.0,0.0,0.0,0.27,0.27,0.0,0.27,3.0,1.0,33.3,0.8,0.27,0.0,0.0,48.0,45.2,90.0,3,4,17.0,1,2.29,11.0,6.0,5.0,1.33,0.67,0.0,5.0,5.0,2.0,5.0,0.0,3.0,,,0.0,,,,,,,,,,,,,,,,,,
니코 오 렐리,잉글랜드,잉글랜드,DF,21,2005,맨체스터 시티,7,5,461.0,5.1,0.0,0.0,0.0,0.0,0.0,0.0,1.0,0.0,0.0,0.0,0.0,0.0,0.0,7.0,1.0,14.3,1.37,0.2,0.0,0.0,66.0,61.5,86.0,3,2,17.0,1,2.29,12.0,8.0,4.0,0.78,-0.46,0.0,6.0,4.0,0.0,4.0,5.0,3.0,,,0.0,,,,,,,,,,,,,,,,,,
노니 마두케,잉글랜드,잉글랜드,MF,24,2002,아스널,5,4,286.0,3.2,0.0,0.0,0.0,0.0,0.0,0.0,0.0,0.0,0.0,0.0,0.0,0.0,0.0,6.0,1.0,16.7,1.89,0.31,0.0,0.0,57.0,38.1,65.0,0,1,28.0,3,2.6,5.0,4.0,1.0,0.31,-1.04,0.0,2.0,3.0,1.0,21.0,2.0,4.0,,,0.0,,,,,,,,,,,,,,,,,,
올리 아트키느스,잉글랜드,잉글랜드,"FW,MF",30,1995,아스톤 빌라,2,0,52.0,0.6,0.0,0.0,0.0,0.0,0.0,0.0,0.0,0.0,0.0,0.0,0.0,0.0,0.0,1.0,0.0,0.0,1.73,0.0,0.0,,26.0,6.9,,0,2,26.0,6,3.0,2.0,4.0,-2.0,-3.46,-4.75,0.0,1.0,0.0,0.0,2.0,0.0,1.0,,,0.0,,,,,,,,,,,,,,,,,,
리케 자메스,잉글랜드,잉글랜드,DF,26,1999,첼시,5,3,319.0,3.5,0.0,0.0,0.0,0.0,0.0,0.0,0.0,0.0,0.0,0.0,0.0,0.0,0.0,1.0,0.0,0.0,0.28,0.0,0.0,,64.0,42.5,87.0,2,2,29.0,2,2.0,8.0,3.0,5.0,1.41,0.78,0.0,3.0,1.0,0.0,9.0,3.0,3.0,,,0.0,,,,,,,,,,,,,,,,,,
트레보 차로바,잉글랜드,잉글랜드,"DF,MF",26,1999,첼시,1,0,1.0,0.0,0.0,0.0,0.0,0.0,0.0,0.0,0.0,0.0,0.0,0.0,0.0,0.0,0.0,0.0,0.0,,0.0,0.0,,,1.0,0.1,,0,1,1.0,6,3.0,1.0,1.0,0.0,0.0,-0.96,0.0,0.0,0.0,0.0,0.0,0.0,0.0,,,0.0,,,,,,,,,,,,,,,,,,
아드린 라비트,프랑스,프랑스,MF,31,1995,AC 밀란,7,7,585.0,6.5,0.0,1.0,1.0,0.0,0.0,0.0,1.0,0.0,0.0,0.15,0.15,0.0,0.15,9.0,1.0,11.1,1.38,0.15,0.0,0.0,84.0,81.3,84.0,6,0,,1,2.14,16.0,8.0,8.0,1.23,-0.1,0.0,13.0,4.0,1.0,2.0,11.0,7.0,,,0.0,,,,,,,,,,,,,,,,,,
오레린 트크호메니,프랑스,프랑스,MF,26,2000,레알 마드리드,4,4,360.0,4.0,0.0,1.0,1.0,0.0,0.0,0.0,1.0,0.0,0.0,0.25,0.25,0.0,0.25,3.0,0.0,0.0,0.75,0.0,0.0,,90.0,50.0,90.0,4,0,,4,2.25,10.0,4.0,6.0,1.5,0.5,0.0,4.0,3.0,0.0,2.0,6.0,14.0,,,0.0,,,,,,,,,,,,,,,,,,
브라드레이 발코라,프랑스,프랑스,MF,23,2002,파리 생제르맹,8,4,384.0,4.3,3.0,1.0,4.0,3.0,0.0,0.0,1.0,0.0,0.7,0.23,0.94,0.7,0.94,10.0,5.0,50.0,2.34,1.17,0.3,0.6,48.0,53.3,72.0,1,4,24.0,0,2.25,13.0,4.0,9.0,2.11,1.84,0.0,5.0,1.0,1.0,3.0,1.0,4.0,,,0.0,,,,,,,,,,,,,,,,,,
브리케 삼바,프랑스,프랑스,GK,32,1994,,0,0,,,,,,,,,,,,,,,,,,,,,,,,,,0,0,,8,,,,,,,,,,,,,,,,,,,,,,,,,,,,,,,,,,
다트 우파메카노,프랑스,프랑스,DF,27,1998,바이에른 뮌헨,8,7,660.0,7.3,0.0,1.0,1.0,0.0,0.0,0.0,0.0,0.0,0.0,0.14,0.14,0.0,0.14,4.0,2.0,50.0,0.55,0.27,0.0,0.0,83.0,91.7,88.0,6,1,45.0,0,2.25,19.0,6.0,13.0,1.77,6.27,0.0,7.0,4.0,0.0,0.0,15.0,12.0,,,0.0,,,,,,,,,,,,,,,,,,
데시레 도,프랑스,프랑스,MF,21,2005,파리 생제르맹,8,4,400.0,4.4,1.0,1.0,2.0,1.0,0.0,0.0,0.0,0.0,0.23,0.23,0.45,0.23,0.45,13.0,8.0,61.5,2.93,1.8,0.08,0.13,50.0,55.6,74.0,1,4,26.0,0,2.25,9.0,6.0,3.0,0.68,-1.29,0.0,4.0,8.0,0.0,3.0,2.0,6.0,,,0.0,,,,,,,,,,,,,,,,,,
입라히마 코나테,프랑스,프랑스,DF,27,1999,리버풀,2,1,60.0,0.7,0.0,0.0,0.0,0.0,0.0,0.0,0.0,0.0,0.0,0.0,0.0,0.0,0.0,0.0,0.0,,0.0,0.0,,,30.0,8.3,45.0,0,1,15.0,6,1.5,1.0,4.0,-3.0,-4.5,-6.27,0.0,2.0,1.0,0.0,0.0,3.0,0.0,,,0.0,,,,,,,,,,,,,,,,,,
진-피립페 마테타,프랑스,프랑스,FW,28,1997,크리스탈 팰리스,3,0,24.0,0.3,0.0,0.0,0.0,0.0,0.0,0.0,0.0,0.0,0.0,0.0,0.0,0.0,0.0,3.0,1.0,33.3,11.25,3.75,0.0,0.0,8.0,3.3,,0,3,8.0,5,3.0,1.0,0.0,1.0,3.75,2.59,0.0,1.0,0.0,0.0,0.0,0.0,0.0,,,0.0,,,,,,,,,,,,,,,,,,
주레스 콘이데,프랑스,프랑스,DF,27,1998,바르셀로나,8,7,599.0,6.7,0.0,0.0,0.0,0.0,0.0,0.0,0.0,0.0,0.0,0.0,0.0,0.0,0.0,2.0,0.0,0.0,0.3,0.0,0.0,,75.0,83.2,85.0,3,1,1.0,0,2.25,16.0,5.0,11.0,1.65,2.4,0.0,6.0,5.0,1.0,12.0,3.0,8.0,,,0.0,,,,,,,,,,,,,,,,,,
킬리안 음바페,프랑스,프랑스,FW,27,1998,레알 마드리드,8,8,695.0,7.7,10.0,4.0,14.0,9.0,1.0,2.0,1.0,0.0,1.29,0.52,1.81,1.17,1.68,41.0,23.0,56.1,5.31,2.98,0.22,0.39,87.0,96.5,87.0,4,0,,0,2.25,19.0,10.0,9.0,1.17,-2.43,0.0,6.0,8.0,7.0,4.0,0.0,1.0,,,0.0,,,,,,,,,,,,,,,,,,
루카스 딕네,프랑스,프랑스,DF,32,1993,아스톤 빌라,6,5,463.0,5.1,0.0,0.0,0.0,0.0,0.0,0.0,0.0,0.0,0.0,0.0,0.0,0.0,0.0,2.0,1.0,50.0,0.39,0.19,0.0,0.0,77.0,64.3,84.0,3,1,45.0,2,2.0,13.0,4.0,9.0,1.75,1.4,0.0,7.0,2.0,0.0,15.0,2.0,3.0,,,0.0,,,,,,,,,,,,,,,,,,
루카스 헬난데즈,프랑스,프랑스,DF,30,1996,,0,0,,,,,,,,,,,,,,,,,,,,,,,,,,0,0,,8,,,,,,,,,,,,,,,,,,,,,,,,,,,,,,,,,,
마그네스 악리크헤,프랑스,프랑스,MF,24,2002,모나코,1,0,8.0,0.1,0.0,0.0,0.0,0.0,0.0,0.0,0.0,0.0,0.0,0.0,0.0,0.0,0.0,0.0,0.0,,0.0,0.0,,,8.0,1.1,,0,1,8.0,7,3.0,0.0,0.0,0.0,0.0,-1.26,0.0,0.0,0.0,0.0,1.0,0.0,0.0,,,0.0,,,,,,,,,,,,,,,,,,
마로 구스토,프랑스,프랑스,DF,23,2003,첼시,5,1,121.0,1.3,0.0,0.0,0.0,0.0,0.0,0.0,0.0,0.0,0.0,0.0,0.0,0.0,0.0,0.0,0.0,,0.0,0.0,,,24.0,16.8,89.0,0,4,8.0,3,2.4,4.0,5.0,-1.0,-0.74,-2.4,0.0,4.0,2.0,0.0,2.0,2.0,3.0,,,0.0,,,,,,,,,,,,,,,,,,
마누 코네,프랑스,프랑스,MF,25,2001,AS 로마,5,4,385.0,4.3,0.0,0.0,0.0,0.0,0.0,0.0,1.0,0.0,0.0,0.0,0.0,0.0,0.0,6.0,2.0,33.3,1.4,0.47,0.0,0.0,77.0,53.5,85.0,3,1,45.0,3,2.4,10.0,2.0,8.0,1.87,1.33,0.0,6.0,7.0,0.0,1.0,3.0,5.0,,,0.0,,,,,,,,,,,,,,,,,,
말쿠스 수람,프랑스,프랑스,"FW,MF",28,1997,인터 밀란,1,0,1.0,0.0,0.0,0.0,0.0,0.0,0.0,0.0,0.0,0.0,0.0,0.0,0.0,0.0,0.0,0.0,0.0,,0.0,0.0,,,1.0,0.1,,0,1,1.0,7,3.0,0.0,0.0,0.0,0.0,-1.25,0.0,0.0,0.0,0.0,0.0,0.0,0.0,,,0.0,,,,,,,,,,,,,,,,,,
마크센케 라크로스,프랑스,프랑스,DF,26,2000,크리스탈 팰리스,3,2,241.0,2.7,0.0,0.0,0.0,0.0,0.0,0.0,0.0,0.0,0.0,0.0,0.0,0.0,0.0,0.0,0.0,,0.0,0.0,,,80.0,33.5,90.0,2,1,61.0,5,1.0,8.0,8.0,0.0,0.0,-1.88,0.0,5.0,0.0,1.0,0.0,3.0,2.0,,,0.0,,,,,,,,,,,,,,,,,,
미크할 오리세,프랑스,프랑스,MF,24,2001,바이에른 뮌헨,8,8,646.0,7.2,0.0,7.0,7.0,0.0,0.0,0.0,1.0,0.0,0.0,0.98,0.98,0.0,0.98,20.0,5.0,25.0,2.79,0.7,0.0,0.0,81.0,89.7,81.0,4,0,,0,2.25,19.0,10.0,9.0,1.25,0.04,0.0,5.0,16.0,0.0,22.0,3.0,8.0,,,0.0,,,,,,,,,,,,,,,,,,
미케 막이난,프랑스,프랑스,GK,30,1995,AC 밀란,8,8,720.0,8.0,0.0,0.0,0.0,0.0,0.0,0.0,0.0,0.0,0.0,0.0,0.0,0.0,0.0,0.0,0.0,,0.0,0.0,,,90.0,100.0,90.0,8,0,,0,2.25,20.0,10.0,10.0,1.25,,0.0,0.0,2.0,0.0,0.0,0.0,0.0,,,0.0,8.0,8.0,720.0,10.0,1.25,22.0,12.0,54.5,6.0,0.0,2.0,4.0,50.0,3.0,2.0,1.0,0.0,33.3
느 고로 칸테,프랑스,프랑스,MF,35,1991,,0,0,,,,,,,,,,,,,,,,,,,,,,,,,,0,0,,8,,,,,,,,,,,,,,,,,,,,,,,,,,,,,,,,,,
오이스마네 뎀베레,프랑스,프랑스,MF,29,1997,파리 생제르맹,8,7,592.0,6.6,6.0,2.0,8.0,6.0,0.0,0.0,0.0,0.0,0.91,0.3,1.22,0.91,1.22,20.0,10.0,50.0,3.04,1.52,0.3,0.6,74.0,82.2,78.0,2,1,45.0,0,2.25,17.0,5.0,12.0,1.82,3.23,0.0,0.0,4.0,3.0,34.0,0.0,2.0,,,0.0,,,,,,,,,,,,,,,,,,
란 첼키,프랑스,프랑스,MF,22,2003,맨체스터 시티,7,1,130.0,1.4,0.0,0.0,0.0,0.0,0.0,0.0,0.0,0.0,0.0,0.0,0.0,0.0,0.0,1.0,1.0,100.0,0.69,0.69,0.0,0.0,19.0,18.1,45.0,0,6,14.0,1,2.14,2.0,5.0,-3.0,-2.08,-4.06,0.0,2.0,2.0,0.0,1.0,1.0,1.0,,,0.0,,,,,,,,,,,,,,,,,,
로빈 리스셀,프랑스,프랑스,GK,21,2004,,0,0,,,,,,,,,,,,,,,,,,,,,,,,,,0,0,,8,,,,,,,,,,,,,,,,,,,,,,,,,,,,,,,,,,
세 헬난데즈,프랑스,프랑스,DF,28,1997,알힐랄,5,3,257.0,2.9,0.0,0.0,0.0,0.0,0.0,0.0,0.0,0.0,0.0,0.0,0.0,0.0,0.0,3.0,0.0,0.0,1.05,0.0,0.0,,51.0,35.7,75.0,2,2,16.0,3,1.8,7.0,6.0,1.0,0.35,-1.4,0.0,2.0,4.0,0.0,6.0,3.0,1.0,,,0.0,,,,,,,,,,,,,,,,,,
알렌 자이레-에메리,프랑스,프랑스,MF,20,2006,파리 생제르맹,2,1,110.0,1.2,0.0,0.0,0.0,0.0,0.0,0.0,0.0,0.0,0.0,0.0,0.0,0.0,0.0,1.0,0.0,0.0,0.82,0.0,0.0,,55.0,15.3,90.0,1,1,20.0,6,1.5,4.0,6.0,-2.0,-1.64,-3.41,0.0,1.0,0.0,0.0,1.0,1.0,0.0,,,0.0,,,,,,,,,,,,,,,,,,
일림 사리바,프랑스,프랑스,DF,25,2001,아스널,6,6,479.0,5.3,0.0,0.0,0.0,0.0,0.0,0.0,0.0,0.0,0.0,0.0,0.0,0.0,0.0,1.0,0.0,0.0,0.19,0.0,0.0,,80.0,66.5,80.0,5,0,,2,2.5,12.0,2.0,10.0,1.88,1.88,0.0,4.0,0.0,0.0,0.0,6.0,0.0,,,0.0,,,,,,,,,,,,,,,,,,
아렉산달 팝로비크,독일,독일,MF,22,2004,바이에른 뮌헨,4,4,272.0,3.0,0.0,0.0,0.0,0.0,0.0,0.0,1.0,0.0,0.0,0.0,0.0,0.0,0.0,4.0,1.0,25.0,1.32,0.33,0.0,0.0,68.0,69.7,68.0,1,0,,0,1.75,9.0,4.0,5.0,1.65,0.89,0.0,13.0,4.0,0.0,1.0,2.0,3.0,,,0.0,,,,,,,,,,,,,,,,,,
아레크산델 누벨,독일,독일,GK,29,1996,,0,0,,,,,,,,,,,,,,,,,,,,,,,,,,0,0,,4,,,,,,,,,,,,,,,,,,,,,,,,,,,,,,,,,,
안게로 스틸렐,독일,독일,MF,25,2001,슈투트가르트,1,0,45.0,0.5,0.0,0.0,0.0,0.0,0.0,0.0,0.0,0.0,0.0,0.0,0.0,0.0,0.0,0.0,0.0,,0.0,0.0,,,45.0,11.5,,0,1,45.0,3,0.0,0.0,1.0,-1.0,-2.0,-3.83,0.0,0.0,0.0,0.0,0.0,1.0,1.0,,,0.0,,,,,,,,,,,,,,,,,,
안토니 루디겔,독일,독일,DF,33,1993,레알 마드리드,4,2,262.0,2.9,0.0,0.0,0.0,0.0,0.0,0.0,0.0,0.0,0.0,0.0,0.0,0.0,0.0,1.0,0.0,0.0,0.34,0.0,0.0,,66.0,67.2,100.0,1,2,32.0,0,1.75,6.0,3.0,3.0,1.03,-1.08,0.0,1.0,0.0,0.0,3.0,0.0,0.0,,,0.0,,,,,,,,,,,,,,,,,,
아스산 오드라고,독일,독일,MF,20,2006,,0,0,,,,,,,,,,,,,,,,,,,,,,,,,,0,0,,4,,,,,,,,,,,,,,,,,,,,,,,,,,,,,,,,,,
다비드 롬,독일,독일,DF,28,1998,라이프치히,2,1,108.0,1.2,0.0,0.0,0.0,0.0,0.0,0.0,0.0,0.0,0.0,0.0,0.0,0.0,0.0,1.0,1.0,100.0,0.83,0.83,0.0,0.0,54.0,27.7,90.0,1,1,18.0,2,1.5,3.0,2.0,1.0,0.83,-0.76,0.0,2.0,0.0,0.0,13.0,1.0,1.0,,,0.0,,,,,,,,,,,,,,,,,,
데니즈 운답,독일,독일,FW,29,1996,슈투트가르트,4,1,151.0,1.7,3.0,2.0,5.0,3.0,0.0,0.0,0.0,0.0,1.79,1.19,2.98,1.79,2.98,6.0,4.0,66.7,3.58,2.38,0.5,0.75,38.0,38.7,62.0,0,3,30.0,0,1.75,6.0,2.0,4.0,2.38,1.63,0.0,3.0,0.0,0.0,1.0,0.0,0.0,,,0.0,,,,,,,,,,,,,,,,,,
페리스 느메크하,독일,독일,MF,25,2000,도르트문트,4,4,270.0,3.0,1.0,1.0,2.0,1.0,0.0,0.0,0.0,0.0,0.33,0.33,0.67,0.33,0.67,8.0,3.0,37.5,2.67,1.0,0.13,0.33,68.0,69.2,68.0,1,0,,0,1.75,8.0,4.0,4.0,1.33,-0.17,0.0,3.0,3.0,0.0,2.0,2.0,9.0,,,0.0,,,,,,,,,,,,,,,,,,
플로리안 비르츠,독일,독일,MF,23,2003,리버풀,4,4,361.0,4.0,0.0,3.0,3.0,0.0,0.0,0.0,0.0,0.0,0.0,0.75,0.75,0.0,0.75,10.0,1.0,10.0,2.49,0.25,0.0,0.0,90.0,92.6,90.0,2,0,,0,1.75,11.0,4.0,7.0,1.75,4.85,0.0,1.0,3.0,1.0,13.0,2.0,6.0,,,0.0,,,,,,,,,,,,,,,,,,
자말 무시알라,독일,독일,MF,23,2003,바이에른 뮌헨,4,3,270.0,3.0,1.0,0.0,1.0,1.0,0.0,0.0,1.0,0.0,0.33,0.0,0.33,0.33,0.33,6.0,1.0,16.7,2.0,0.33,0.17,1.0,68.0,69.2,71.0,1,1,58.0,0,1.75,5.0,4.0,1.0,0.33,-3.42,0.0,5.0,11.0,0.0,5.0,1.0,5.0,,,0.0,,,,,,,,,,,,,,,,,,
자미 레에링,독일,독일,"FW,MF",25,2001,슈투트가르트,1,0,31.0,0.3,0.0,0.0,0.0,0.0,0.0,0.0,0.0,0.0,0.0,0.0,0.0,0.0,0.0,1.0,0.0,0.0,2.9,0.0,0.0,,31.0,7.9,,0,1,31.0,3,3.0,2.0,0.0,2.0,5.81,4.8,0.0,0.0,0.0,0.0,2.0,0.0,0.0,,,0.0,,,,,,,,,,,,,,,,,,
조나트한 타,독일,독일,DF,30,1996,바이에른 뮌헨,4,4,372.0,4.1,0.0,0.0,0.0,0.0,0.0,0.0,0.0,0.0,0.0,0.0,0.0,0.0,0.0,1.0,1.0,100.0,0.24,0.24,0.0,0.0,93.0,95.4,93.0,3,0,,0,1.75,9.0,5.0,4.0,0.97,-9.03,0.0,5.0,1.0,0.0,1.0,1.0,3.0,,,0.0,,,,,,,,,,,,,,,,,,
요주아 키미히,독일,독일,DF,31,1995,바이에른 뮌헨,4,4,351.0,3.9,0.0,2.0,2.0,0.0,0.0,0.0,0.0,0.0,0.0,0.51,0.51,0.0,0.51,5.0,1.0,20.0,1.28,0.26,0.0,0.0,88.0,90.0,88.0,2,0,,0,1.75,10.0,4.0,6.0,1.54,1.54,0.0,0.0,7.0,0.0,31.0,4.0,4.0,,,0.0,,,,,,,,,,,,,,,,,,
카이 하베르트즈,독일,독일,FW,27,1999,아스널,4,4,353.0,3.9,3.0,0.0,3.0,2.0,1.0,1.0,1.0,0.0,0.76,0.0,0.76,0.51,0.51,12.0,7.0,58.3,3.06,1.78,0.17,0.29,88.0,90.5,88.0,2,0,,0,1.75,10.0,4.0,6.0,1.53,1.53,0.0,3.0,4.0,1.0,1.0,1.0,2.0,,,0.0,,,,,,,,,,,,,,,,,,
렌 고레트즈카,독일,독일,MF,31,1995,바이에른 뮌헨,3,0,99.0,1.1,0.0,0.0,0.0,0.0,0.0,0.0,0.0,0.0,0.0,0.0,0.0,0.0,0.0,2.0,0.0,0.0,1.82,0.0,0.0,,33.0,25.4,,0,3,33.0,1,2.33,4.0,0.0,4.0,3.64,3.02,0.0,0.0,0.0,0.0,1.0,1.0,1.0,,,0.0,,,,,,,,,,,,,,,,,,
레로이 사네,독일,독일,MF,30,1996,갈라타사라이,4,4,326.0,3.6,1.0,0.0,1.0,1.0,0.0,0.0,0.0,0.0,0.28,0.0,0.28,0.28,0.28,6.0,2.0,33.3,1.66,0.55,0.17,0.5,82.0,83.6,82.0,2,0,,0,1.75,9.0,5.0,4.0,1.1,-1.71,0.0,3.0,2.0,1.0,10.0,2.0,3.0,,,0.0,,,,,,,,,,,,,,,,,,
마릭크 시,독일,독일,"DF,MF",24,2001,뉴캐슬,2,0,42.0,0.5,0.0,0.0,0.0,0.0,0.0,0.0,0.0,0.0,0.0,0.0,0.0,0.0,0.0,0.0,0.0,,0.0,0.0,,,21.0,10.8,,0,2,21.0,2,0.5,0.0,1.0,-1.0,-2.14,-3.95,0.0,1.0,1.0,0.0,0.0,0.0,2.0,,,0.0,,,,,,,,,,,,,,,,,,
마눌 넬,독일,독일,GK,40,1986,바이에른 뮌헨,4,4,390.0,4.3,0.0,0.0,0.0,0.0,0.0,0.0,0.0,0.0,0.0,0.0,0.0,0.0,0.0,0.0,0.0,,0.0,0.0,,,98.0,100.0,98.0,4,0,,0,1.75,11.0,5.0,6.0,1.38,,0.0,0.0,2.0,0.0,0.0,0.0,0.0,,,0.0,4.0,4.0,390.0,5.0,1.15,10.0,5.0,50.0,2.0,1.0,1.0,0.0,0.0,0.0,0.0,0.0,0.0,
마크시미린 벨,독일,독일,"FW,MF",23,2002,도르트문트,1,0,27.0,0.3,0.0,0.0,0.0,0.0,0.0,0.0,0.0,0.0,0.0,0.0,0.0,0.0,0.0,0.0,0.0,,0.0,0.0,,,27.0,6.9,,0,1,27.0,3,0.0,0.0,1.0,-1.0,-3.33,-5.07,0.0,1.0,1.0,0.0,0.0,0.0,0.0,,,0.0,,,,,,,,,,,,,,,,,,
나딤 아미리,독일,독일,MF,29,1996,마인츠,2,0,42.0,0.5,0.0,1.0,1.0,0.0,0.0,0.0,0.0,0.0,0.0,2.14,2.14,0.0,2.14,2.0,1.0,50.0,4.29,2.14,0.0,0.0,21.0,10.8,,0,2,21.0,2,2.0,2.0,0.0,2.0,4.29,3.25,0.0,0.0,0.0,0.0,2.0,0.0,1.0,,,0.0,,,,,,,,,,,,,,,,,,
나트하닐 브론으,독일,독일,DF,22,2003,프랑크푸르트,3,3,282.0,3.1,1.0,1.0,2.0,1.0,0.0,0.0,0.0,0.0,0.32,0.32,0.64,0.32,0.64,3.0,2.0,66.7,0.96,0.64,0.33,0.5,94.0,72.3,94.0,2,0,,0,2.33,8.0,3.0,5.0,1.6,0.76,0.0,4.0,1.0,0.0,17.0,2.0,6.0,,,0.0,,,,,,,,,,,,,,,,,,
닉크 올테마데,독일,독일,"FW,MF",24,2002,뉴캐슬,1,0,33.0,0.4,0.0,0.0,0.0,0.0,0.0,0.0,0.0,0.0,0.0,0.0,0.0,0.0,0.0,2.0,0.0,0.0,5.45,0.0,0.0,,33.0,8.5,,0,1,33.0,3,1.0,0.0,0.0,0.0,0.0,-1.51,0.0,0.0,0.0,0.0,0.0,0.0,1.0,,,0.0,,,,,,,,,,,,,,,,,,
니코 스크흐로트텔벡크,독일,독일,DF,26,1999,도르트문트,2,2,135.0,1.5,1.0,0.0,1.0,1.0,0.0,0.0,0.0,0.0,0.67,0.0,0.67,0.67,0.67,2.0,2.0,100.0,1.33,1.33,0.5,0.5,68.0,34.6,68.0,1,0,,0,3.0,7.0,2.0,5.0,3.33,2.98,0.0,2.0,1.0,0.0,0.0,3.0,2.0,,,0.0,,,,,,,,,,,,,,,,,,
오리벨 보만느,독일,독일,GK,36,1990,,0,0,,,,,,,,,,,,,,,,,,,,,,,,,,0,0,,4,,,,,,,,,,,,,,,,,,,,,,,,,,,,,,,,,,
파스칼 그로,독일,독일,"DF,MF",34,1991,브라이턴,1,0,18.0,0.2,0.0,0.0,0.0,0.0,0.0,0.0,0.0,0.0,0.0,0.0,0.0,0.0,0.0,1.0,0.0,0.0,5.0,0.0,0.0,,18.0,4.6,,0,1,18.0,3,0.0,0.0,1.0,-1.0,-5.0,-6.69,0.0,1.0,0.0,0.0,1.0,0.0,2.0,,,0.0,,,,,,,,,,,,,,,,,,
알데말 안톤,독일,독일,"DF,MF",29,1996,도르트문트,2,0,50.0,0.6,0.0,0.0,0.0,0.0,0.0,0.0,0.0,0.0,0.0,0.0,0.0,0.0,0.0,1.0,1.0,100.0,1.8,1.8,0.0,0.0,25.0,12.8,,0,2,25.0,2,2.0,1.0,0.0,1.0,1.8,0.48,0.0,3.0,1.0,1.0,1.0,2.0,1.0,,,0.0,,,,,,,,,,,,,,,,,,
압둘 파타우 이스사하쿠,가나,가나,"FW,MF",22,2004,레스터 시티,4,0,132.0,1.5,0.0,0.0,0.0,0.0,0.0,0.0,1.0,0.0,0.0,0.0,0.0,0.0,0.0,3.0,0.0,0.0,2.05,0.0,0.0,,33.0,36.7,,0,4,33.0,0,1.0,2.0,1.0,1.0,0.68,1.47,0.0,1.0,7.0,0.0,7.0,0.0,0.0,,,0.0,,,,,,,,,,,,,,,,,,
압둘 무민,가나,가나,DF,28,1998,,0,0,,,,,,,,,,,,,,,,,,,,,,,,,,0,0,,4,,,,,,,,,,,,,,,,,,,,,,,,,,,,,,,,,,
압둘 라만 바바,가나,가나,"DF,MF",31,1994,PAOK,1,0,1.0,0.0,0.0,0.0,0.0,0.0,0.0,0.0,0.0,0.0,0.0,0.0,0.0,0.0,0.0,0.0,0.0,,0.0,0.0,,,1.0,0.3,,0,1,1.0,3,1.0,0.0,0.0,0.0,0.0,0.25,0.0,0.0,0.0,0.0,0.0,0.0,0.0,,,0.0,,,,,,,,,,,,,,,,,,
아리두 세두,가나,가나,DF,26,2000,렌,1,0,78.0,0.9,0.0,0.0,0.0,0.0,0.0,0.0,1.0,0.0,0.0,0.0,0.0,0.0,0.0,0.0,0.0,,0.0,0.0,,,78.0,21.7,,0,1,78.0,3,0.0,0.0,1.0,-1.0,-1.15,-1.15,0.0,1.0,0.0,0.0,1.0,1.0,1.0,,,0.0,,,,,,,,,,,,,,,,,,
안토네 세메니,가나,가나,"MF,FW",26,2000,맨체스터 시티,4,4,360.0,4.0,0.0,0.0,0.0,0.0,0.0,0.0,0.0,0.0,0.0,0.0,0.0,0.0,0.0,6.0,0.0,0.0,1.5,0.0,0.0,,90.0,100.0,90.0,4,0,,0,1.0,2.0,3.0,-1.0,-0.25,,0.0,6.0,4.0,4.0,5.0,0.0,2.0,,,0.0,,,,,,,,,,,,,,,,,,
오구스티네 보키,가나,가나,"FW,MF",25,2000,,0,0,,,,,,,,,,,,,,,,,,,,,,,,,,0,0,,4,,,,,,,,,,,,,,,,,,,,,,,,,,,,,,,,,,
벤자민 아사레,가나,가나,GK,33,1992,,3,2,225.0,2.5,0.0,0.0,0.0,0.0,0.0,0.0,0.0,0.0,0.0,0.0,0.0,0.0,0.0,0.0,0.0,,0.0,0.0,,,75.0,62.5,90.0,2,1,45.0,1,1.33,2.0,2.0,0.0,0.0,0.67,0.0,0.0,1.0,0.0,0.0,0.0,0.0,,,0.0,3.0,2.0,225.0,2.0,0.8,10.0,8.0,80.0,0.0,1.0,1.0,2.0,100.0,0.0,0.0,0.0,0.0,
브란돈 소마스-아산테,가나,가나,"FW,MF",27,1998,코번트리 시티,2,0,53.0,0.6,0.0,0.0,0.0,0.0,0.0,0.0,0.0,0.0,0.0,0.0,0.0,0.0,0.0,1.0,0.0,0.0,1.7,0.0,0.0,,27.0,14.7,,0,2,27.0,2,1.5,2.0,1.0,1.0,1.7,2.28,0.0,0.0,1.0,1.0,1.0,0.0,0.0,,,0.0,,,,,,,,,,,,,,,,,,
카렙 이렌키,가나,가나,MF,20,2006,노르셸란,4,3,264.0,2.9,1.0,0.0,1.0,1.0,0.0,0.0,2.0,0.0,0.34,0.0,0.34,0.34,0.34,2.0,1.0,50.0,0.68,0.34,0.5,1.0,66.0,73.3,86.0,2,1,6.0,0,1.0,1.0,1.0,0.0,0.0,0.94,0.0,7.0,3.0,0.0,1.0,3.0,1.0,,,0.0,,,,,,,,,,,,,,,,,,
크흐리스톱헬 본수-바,가나,가나,MF,21,2004,,0,0,,,,,,,,,,,,,,,,,,,,,,,,,,0,0,,4,,,,,,,,,,,,,,,,,,,,,,,,,,,,,,,,,,
델릭크 루크카스센,가나,가나,DF,30,1995,,2,2,180.0,2.0,1.0,0.0,1.0,1.0,0.0,0.0,0.0,0.0,0.5,0.0,0.5,0.5,0.5,1.0,1.0,100.0,0.5,0.5,1.0,1.0,90.0,50.0,90.0,2,0,,2,0.0,1.0,3.0,-2.0,-1.0,-1.5,0.0,1.0,2.0,0.0,0.0,0.0,1.0,,,0.0,,,,,,,,,,,,,,,,,,
에리스하 오우수,가나,가나,MF,28,1997,오세르,3,2,151.0,1.7,0.0,0.0,0.0,0.0,0.0,0.0,0.0,0.0,0.0,0.0,0.0,0.0,0.0,0.0,0.0,,0.0,0.0,,,50.0,41.9,61.0,0,1,29.0,1,1.0,0.0,1.0,-1.0,-0.6,-0.6,0.0,2.0,0.0,0.0,3.0,0.0,3.0,,,0.0,,,,,,,,,,,,,,,,,,
엘네스트 누마,가나,가나,MF,22,2003,리옹,3,1,89.0,1.0,0.0,1.0,1.0,0.0,0.0,0.0,0.0,0.0,0.0,1.01,1.01,0.0,1.01,0.0,0.0,,0.0,0.0,,,30.0,24.7,57.0,0,2,16.0,1,1.0,1.0,1.0,0.0,0.0,0.33,0.0,2.0,2.0,0.0,1.0,0.0,1.0,,,0.0,,,,,,,,,,,,,,,,,,
기덴 멘사,가나,가나,DF,27,1998,오세르,4,4,360.0,4.0,0.0,0.0,0.0,0.0,0.0,0.0,0.0,0.0,0.0,0.0,0.0,0.0,0.0,0.0,0.0,,0.0,0.0,,,90.0,100.0,90.0,4,0,,0,1.0,2.0,3.0,-1.0,-0.25,,0.0,2.0,3.0,0.0,3.0,8.0,5.0,,,0.0,,,,,,,,,,,,,,,,,,
이나키 일리므스,가나,가나,"MF,FW",31,1994,아틀레틱 클루브,2,2,126.0,1.4,0.0,0.0,0.0,0.0,0.0,0.0,1.0,0.0,0.0,0.0,0.0,0.0,0.0,3.0,0.0,0.0,2.14,0.0,0.0,,63.0,35.0,63.0,0,0,,2,0.5,0.0,1.0,-1.0,-0.71,-0.71,0.0,2.0,1.0,1.0,4.0,1.0,0.0,,,0.0,,,,,,,,,,,,,,,,,,
제로메 오포쿠,가나,가나,DF,27,1998,바샥셰히르,3,3,270.0,3.0,0.0,0.0,0.0,0.0,0.0,0.0,0.0,0.0,0.0,0.0,0.0,0.0,0.0,0.0,0.0,,0.0,0.0,,,90.0,75.0,90.0,3,0,,1,1.33,1.0,1.0,0.0,0.0,1.0,0.0,2.0,4.0,0.0,0.0,1.0,2.0,,,0.0,,,,,,,,,,,,,,,,,,
조나스 아드제테이,가나,가나,DF,22,2003,볼프스부르크,3,3,225.0,2.5,0.0,0.0,0.0,0.0,0.0,0.0,0.0,0.0,0.0,0.0,0.0,0.0,0.0,2.0,1.0,50.0,0.8,0.4,0.0,0.0,75.0,62.5,75.0,2,0,,1,1.33,1.0,1.0,0.0,0.0,0.67,0.0,1.0,0.0,0.0,0.0,1.0,3.0,,,0.0,,,,,,,,,,,,,,,,,,
졸단 아,가나,가나,FW,34,1991,레스터 시티,4,4,300.0,3.3,0.0,0.0,0.0,0.0,0.0,0.0,0.0,0.0,0.0,0.0,0.0,0.0,0.0,0.0,0.0,,0.0,0.0,,,75.0,83.3,75.0,0,0,,0,1.0,0.0,2.0,-2.0,-0.6,-2.1,0.0,7.0,7.0,1.0,10.0,1.0,3.0,,,0.0,,,,,,,,,,,,,,,,,,
조세프 아낭,가나,가나,GK,26,2000,,0,0,,,,,,,,,,,,,,,,,,,,,,,,,,0,0,,4,,,,,,,,,,,,,,,,,,,,,,,,,,,,,,,,,,
카말딘 수레마나,가나,가나,"MF,FW",24,2002,애틀랜타 유나이티드,2,2,127.0,1.4,0.0,0.0,0.0,0.0,0.0,0.0,0.0,0.0,0.0,0.0,0.0,0.0,0.0,1.0,0.0,0.0,0.71,0.0,0.0,,64.0,35.3,64.0,0,0,,2,1.5,0.0,1.0,-1.0,-0.71,-0.71,0.0,2.0,1.0,1.0,4.0,1.0,2.0,,,0.0,,,,,,,,,,,,,,,,,,
코조 펩라 옵퐁,가나,가나,DF,22,2004,니스,2,0,49.0,0.5,0.0,0.0,0.0,0.0,0.0,0.0,1.0,0.0,0.0,0.0,0.0,0.0,0.0,0.0,0.0,,0.0,0.0,,,25.0,13.6,,0,2,25.0,2,0.5,1.0,1.0,0.0,0.0,0.29,0.0,1.0,0.0,0.0,0.0,0.0,0.0,,,0.0,,,,,,,,,,,,,,,,,,
크아시 시보,가나,가나,MF,27,1998,오비에도,4,3,248.0,2.8,0.0,0.0,0.0,0.0,0.0,0.0,0.0,0.0,0.0,0.0,0.0,0.0,0.0,0.0,0.0,,0.0,0.0,,,62.0,68.9,78.0,1,1,13.0,0,1.0,2.0,3.0,-1.0,-0.36,-0.36,0.0,7.0,1.0,0.0,0.0,2.0,0.0,,,0.0,,,,,,,,,,,,,,,,,,
라렌케 아티-지기,가나,가나,GK,29,1996,장크트갈렌,2,2,135.0,1.5,0.0,0.0,0.0,0.0,0.0,0.0,0.0,0.0,0.0,0.0,0.0,0.0,0.0,0.0,0.0,,0.0,0.0,,,68.0,37.5,68.0,1,0,,2,1.5,0.0,1.0,-1.0,-0.67,-0.67,0.0,0.0,1.0,0.0,0.0,0.0,0.0,,,0.0,2.0,2.0,135.0,1.0,0.67,9.0,8.0,88.9,1.0,0.0,1.0,1.0,50.0,0.0,0.0,0.0,0.0,
말빈 세나,가나,가나,DF,25,2001,오세르,4,4,278.0,3.1,0.0,0.0,0.0,0.0,0.0,0.0,0.0,0.0,0.0,0.0,0.0,0.0,0.0,2.0,0.0,0.0,0.65,0.0,0.0,,70.0,77.2,70.0,2,0,,0,1.0,2.0,2.0,0.0,0.0,1.1,0.0,6.0,4.0,0.0,8.0,6.0,12.0,,,0.0,,,,,,,,,,,,,,,,,,
프린케 크아베나 아두,가나,가나,FW,22,2003,빅토리아 플젠,3,0,39.0,0.4,0.0,0.0,0.0,0.0,0.0,0.0,0.0,0.0,0.0,0.0,0.0,0.0,0.0,1.0,1.0,100.0,2.31,2.31,0.0,0.0,13.0,10.8,,0,3,13.0,1,1.33,1.0,0.0,1.0,2.31,2.87,0.0,4.0,0.0,0.0,0.0,0.0,0.0,,,0.0,,,,,,,,,,,,,,,,,,
소마스 팔테이,가나,가나,MF,33,1993,비야레알,3,3,270.0,3.0,0.0,0.0,0.0,0.0,0.0,0.0,0.0,0.0,0.0,0.0,0.0,0.0,0.0,2.0,0.0,0.0,0.67,0.0,0.0,,90.0,75.0,90.0,3,0,,0,0.33,1.0,3.0,-2.0,-0.67,-1.67,0.0,2.0,5.0,0.0,0.0,6.0,4.0,,,0.0,,,,,,,,,,,,,,,,,,
아레크사느드레 필레,아이티,아이티,GK,25,2001,,0,0,,,,,,,,,,,,,,,,,,,,,,,,,,0,0,,3,,,,,,,,,,,,,,,,,,,,,,,,,,,,,,,,,,
칼르 프레드 산이테,아이티,아이티,MF,23,2002,,0,0,,,,,,,,,,,,,,,,,,,,,,,,,,0,0,,3,,,,,,,,,,,,,,,,,,,,,,,,,,,,,,,,,,
칼레느스 알쿠스,아이티,아이티,"MF,DF",29,1996,앙제,3,2,146.0,1.6,0.0,0.0,0.0,0.0,0.0,0.0,1.0,0.0,0.0,0.0,0.0,0.0,0.0,0.0,0.0,,0.0,0.0,,,49.0,54.1,68.0,1,1,11.0,0,0.0,0.0,5.0,-5.0,-3.08,-2.36,0.0,5.0,3.0,2.0,2.0,3.0,3.0,,,0.0,,,,,,,,,,,,,,,,,,
단레이 진-자크쿠스,아이티,아이티,MF,26,2000,필라델피아 유니온,3,3,259.0,2.9,0.0,0.0,0.0,0.0,0.0,0.0,1.0,0.0,0.0,0.0,0.0,0.0,0.0,0.0,0.0,,0.0,0.0,,,86.0,95.9,86.0,2,0,,0,0.0,2.0,7.0,-5.0,-1.74,6.44,0.0,5.0,3.0,0.0,1.0,3.0,6.0,,,0.0,,,,,,,,,,,,,,,,,,
델릭크 에틴네,아이티,아이티,"FW,MF",29,1996,토론토 FC,1,0,10.0,0.1,0.0,0.0,0.0,0.0,0.0,0.0,0.0,0.0,0.0,0.0,0.0,0.0,0.0,0.0,0.0,,0.0,0.0,,,10.0,3.7,,0,1,10.0,2,0.0,0.0,0.0,0.0,0.0,2.08,0.0,0.0,0.0,0.0,2.0,0.0,0.0,,,0.0,,,,,,,,,,,,,,,,,,
도미니쿠 시몬,아이티,아이티,MF,25,2000,,2,0,56.0,0.6,0.0,0.0,0.0,0.0,0.0,0.0,0.0,0.0,0.0,0.0,0.0,0.0,0.0,1.0,1.0,100.0,1.61,1.61,0.0,0.0,28.0,20.7,,0,2,28.0,1,0.0,0.0,1.0,-1.0,-1.61,0.5,0.0,1.0,1.0,0.0,1.0,1.0,1.0,,,0.0,,,,,,,,,,,,,,,,,,
두크케느스 나존,아이티,아이티,"FW,MF",32,1994,에스테그랄,1,0,24.0,0.3,0.0,0.0,0.0,0.0,0.0,0.0,1.0,0.0,0.0,0.0,0.0,0.0,0.0,1.0,1.0,100.0,3.75,3.75,0.0,0.0,24.0,8.9,,0,1,24.0,2,0.0,0.0,2.0,-2.0,-7.5,-6.04,0.0,0.0,1.0,0.0,0.0,0.0,0.0,,,0.0,,,,,,,,,,,,,,,,,,
두케 라크로스,아이티,아이티,"DF,FW",32,1993,,0,0,,,,,,,,,,,,,,,,,,,,,,,,,,0,0,,3,,,,,,,,,,,,,,,,,,,,,,,,,,,,,,,,,,
프라느트즈디 필로트,아이티,아이티,FW,31,1995,리제스포르,3,2,143.0,1.6,0.0,0.0,0.0,0.0,0.0,0.0,1.0,0.0,0.0,0.0,0.0,0.0,0.0,3.0,1.0,33.3,1.89,0.63,0.0,0.0,48.0,53.0,68.0,1,1,8.0,0,0.0,0.0,5.0,-5.0,-3.15,-2.44,0.0,5.0,4.0,2.0,0.0,0.0,0.0,,,0.0,,,,,,,,,,,,,,,,,,
갈벤 메투사라,아이티,아이티,DF,26,1999,,0,0,,,,,,,,,,,,,,,,,,,,,,,,,,0,0,,3,,,,,,,,,,,,,,,,,,,,,,,,,,,,,,,,,,
한네스 데르크로스,아이티,아이티,DF,27,1999,루가노,3,3,270.0,3.0,0.0,0.0,0.0,0.0,0.0,0.0,0.0,0.0,0.0,0.0,0.0,0.0,0.0,0.0,0.0,,0.0,0.0,,,90.0,100.0,90.0,3,0,,0,0.0,2.0,8.0,-6.0,-2.0,,0.0,1.0,2.0,0.0,0.0,4.0,3.0,,,0.0,,,,,,,,,,,,,,,,,,
진-케빈 두벨네,아이티,아이티,DF,28,1997,헨트,2,2,169.0,1.9,0.0,1.0,1.0,0.0,0.0,0.0,0.0,0.0,0.0,0.53,0.53,0.0,0.53,1.0,0.0,0.0,0.53,0.0,0.0,,85.0,62.6,85.0,1,0,,1,0.0,2.0,6.0,-4.0,-2.13,-0.35,0.0,2.0,1.0,1.0,1.0,4.0,2.0,,,0.0,,,,,,,,,,,,,,,,,,
진-리크넬 벨레갈데,아이티,아이티,MF,27,1998,울버햄튼,3,3,260.0,2.9,0.0,0.0,0.0,0.0,0.0,0.0,1.0,0.0,0.0,0.0,0.0,0.0,0.0,6.0,0.0,0.0,2.08,0.0,0.0,,87.0,96.3,87.0,2,0,,0,0.0,2.0,8.0,-6.0,-2.08,-2.08,0.0,4.0,5.0,0.0,10.0,3.0,2.0,,,0.0,,,,,,,,,,,,,,,,,,
조니 프라키데,아이티,아이티,GK,38,1988,바스티아,3,3,270.0,3.0,0.0,0.0,0.0,0.0,0.0,0.0,1.0,0.0,0.0,0.0,0.0,0.0,0.0,0.0,0.0,,0.0,0.0,,,90.0,100.0,90.0,3,0,,0,0.0,2.0,8.0,-6.0,-2.0,,0.0,0.0,0.0,0.0,0.0,0.0,0.0,,,0.0,3.0,3.0,270.0,8.0,2.67,19.0,11.0,57.9,0.0,0.0,3.0,0.0,0.0,0.0,0.0,0.0,0.0,
조수 카시밀,아이티,아이티,MF,24,2001,오세르,3,2,182.0,2.0,0.0,0.0,0.0,0.0,0.0,0.0,1.0,0.0,0.0,0.0,0.0,0.0,0.0,1.0,0.0,0.0,0.49,0.0,0.0,,61.0,67.4,76.0,1,1,30.0,0,0.0,2.0,7.0,-5.0,-2.47,-1.45,0.0,4.0,4.0,0.0,3.0,0.0,0.0,,,0.0,,,,,,,,,,,,,,,,,,
조수 두벨겔,아이티,아이티,GK,26,2000,,0,0,,,,,,,,,,,,,,,,,,,,,,,,,,0,0,,3,,,,,,,,,,,,,,,,,,,,,,,,,,,,,,,,,,
키토 셀몬키,아이티,아이티,DF,20,2006,,0,0,,,,,,,,,,,,,,,,,,,,,,,,,,0,0,,3,,,,,,,,,,,,,,,,,,,,,,,,,,,,,,,,,,
렌니 조세프,아이티,아이티,FW,25,2000,페렌츠바로시,3,1,117.0,1.3,0.0,0.0,0.0,0.0,0.0,0.0,0.0,0.0,0.0,0.0,0.0,0.0,0.0,2.0,0.0,0.0,1.54,0.0,0.0,,39.0,43.3,82.0,0,2,18.0,0,0.0,2.0,3.0,-1.0,-0.77,2.17,0.0,6.0,1.0,0.0,0.0,0.0,0.0,,,0.0,,,,,,,,,,,,,,,,,,
로키스 디드손,아이티,아이티,MF,25,2001,FC 댈러스,3,1,112.0,1.2,0.0,0.0,0.0,0.0,0.0,0.0,0.0,0.0,0.0,0.0,0.0,0.0,0.0,2.0,0.0,0.0,1.61,0.0,0.0,,37.0,41.5,60.0,0,2,26.0,0,0.0,0.0,3.0,-3.0,-2.41,-0.7,0.0,3.0,1.0,1.0,4.0,1.0,0.0,,,0.0,,,,,,,,,,,,,,,,,,
말틴 에스페린케,아이티,아이티,"DF,MF",27,1999,낭시,3,3,270.0,3.0,0.0,0.0,0.0,0.0,0.0,0.0,0.0,0.0,0.0,0.0,0.0,0.0,0.0,1.0,0.0,0.0,0.33,0.0,0.0,,90.0,100.0,90.0,3,0,,0,0.0,2.0,8.0,-6.0,-2.0,,0.0,7.0,6.0,0.0,6.0,4.0,6.0,,,0.0,,,,,,,,,,,,,,,,,,
리칼도 아데,아이티,아이티,DF,36,1990,LDU 키토,3,3,270.0,3.0,0.0,0.0,0.0,0.0,0.0,0.0,0.0,0.0,0.0,0.0,0.0,0.0,0.0,4.0,1.0,25.0,1.33,0.33,0.0,0.0,90.0,100.0,90.0,3,0,,0,0.0,2.0,8.0,-6.0,-2.0,,0.0,6.0,4.0,0.0,1.0,5.0,2.0,,,0.0,,,,,,,,,,,,,,,,,,
루벤 프로비덴케,아이티,아이티,MF,24,2001,알메러 시티,3,3,220.0,2.4,0.0,0.0,0.0,0.0,0.0,0.0,0.0,0.0,0.0,0.0,0.0,0.0,0.0,4.0,1.0,25.0,1.64,0.41,0.0,0.0,73.0,81.5,73.0,0,0,,0,0.0,2.0,6.0,-4.0,-1.64,1.96,0.0,3.0,5.0,0.0,6.0,0.0,2.0,,,0.0,,,,,,,,,,,,,,,,,,
일구느스 포간이,아이티,아이티,DF,24,2001,,0,0,,,,,,,,,,,,,,,,,,,,,,,,,,0,0,,3,,,,,,,,,,,,,,,,,,,,,,,,,,,,,,,,,,
일손 이시돌,아이티,아이티,FW,25,2000,선덜랜드,3,2,186.0,2.1,1.0,0.0,1.0,1.0,0.0,0.0,0.0,0.0,0.48,0.0,0.48,0.48,0.48,5.0,2.0,40.0,2.42,0.97,0.2,0.5,62.0,68.9,71.0,0,1,45.0,0,0.0,2.0,3.0,-1.0,-0.48,4.87,0.0,3.0,2.0,1.0,0.0,1.0,1.0,,,0.0,,,,,,,,,,,,,,,,,,
우데느스키 필레,아이티,아이티,MF,21,2004,,0,0,,,,,,,,,,,,,,,,,,,,,,,,,,0,0,,3,,,,,,,,,,,,,,,,,,,,,,,,,,,,,,,,,,
이스신 폴투네,아이티,아이티,"FW,MF",27,1999,,1,0,6.0,0.1,0.0,0.0,0.0,0.0,0.0,0.0,0.0,0.0,0.0,0.0,0.0,0.0,0.0,0.0,0.0,,0.0,0.0,,,6.0,2.2,,0,1,6.0,2,0.0,0.0,0.0,0.0,0.0,2.05,0.0,0.0,1.0,0.0,0.0,0.0,0.0,,,0.0,,,,,,,,,,,,,,,,,,
아리 아리폴이,이란,이란,FW,30,1995,페르세폴리스,1,0,38.0,0.4,0.0,0.0,0.0,0.0,0.0,0.0,0.0,0.0,0.0,0.0,0.0,0.0,0.0,1.0,0.0,0.0,2.37,0.0,0.0,,38.0,14.1,,0,1,38.0,2,1.0,1.0,1.0,0.0,0.0,0.0,0.0,1.0,1.0,0.0,0.0,1.0,1.0,,,0.0,,,,,,,,,,,,,,,,,,
아리 네마티,이란,이란,DF,30,1996,풀라드,3,3,270.0,3.0,0.0,0.0,0.0,0.0,0.0,0.0,1.0,0.0,0.0,0.0,0.0,0.0,0.0,1.0,0.0,0.0,0.33,0.0,0.0,,90.0,100.0,90.0,3,0,,0,1.0,3.0,3.0,0.0,0.0,,0.0,3.0,0.0,1.0,2.0,0.0,2.0,,,0.0,,,,,,,,,,,,,,,,,,
아리레자 베란바느드,이란,이란,GK,33,1992,트락토르,3,3,270.0,3.0,0.0,0.0,0.0,0.0,0.0,0.0,0.0,0.0,0.0,0.0,0.0,0.0,0.0,0.0,0.0,,0.0,0.0,,,90.0,100.0,90.0,3,0,,0,1.0,3.0,3.0,0.0,0.0,,0.0,0.0,1.0,0.0,0.0,0.0,0.0,,,0.0,3.0,3.0,270.0,3.0,1.0,18.0,15.0,83.3,0.0,3.0,0.0,1.0,33.3,0.0,0.0,0.0,0.0,
아리레자 자한바크흐스,이란,이란,"FW,MF",32,1993,덴더,2,0,46.0,0.5,0.0,0.0,0.0,0.0,0.0,0.0,0.0,0.0,0.0,0.0,0.0,0.0,0.0,1.0,0.0,0.0,1.96,0.0,0.0,,23.0,17.0,,0,2,23.0,1,1.0,0.0,0.0,0.0,0.0,0.0,0.0,2.0,0.0,0.0,1.0,0.0,1.0,,,0.0,,,,,,,,,,,,,,,,,,
아밀호스센 호스센자데,이란,이란,FW,25,2000,트락토르,2,0,17.0,0.2,0.0,0.0,0.0,0.0,0.0,0.0,0.0,0.0,0.0,0.0,0.0,0.0,0.0,1.0,0.0,0.0,5.29,0.0,0.0,,9.0,6.3,,0,2,9.0,1,1.0,0.0,0.0,0.0,0.0,0.0,0.0,0.0,0.0,0.0,0.0,0.0,2.0,,,0.0,,,,,,,,,,,,,,,,,,
아밀모함마드 라즈작히니,이란,이란,MF,20,2006,,0,0,,,,,,,,,,,,,,,,,,,,,,,,,,0,0,,3,,,,,,,,,,,,,,,,,,,,,,,,,,,,,,,,,,
아리 이세피,이란,이란,MF,24,2002,세파한,1,1,45.0,0.5,0.0,0.0,0.0,0.0,0.0,0.0,0.0,0.0,0.0,0.0,0.0,0.0,0.0,1.0,1.0,100.0,2.0,2.0,0.0,0.0,45.0,16.7,45.0,0,0,,2,1.0,1.0,1.0,0.0,0.0,0.0,0.0,0.0,1.0,0.0,0.0,1.0,0.0,,,0.0,,,,,,,,,,,,,,,,,,
다닐 에리,이란,이란,DF,22,2003,,0,0,,,,,,,,,,,,,,,,,,,,,,,,,,0,0,,3,,,,,,,,,,,,,,,,,,,,,,,,,,,,,,,,,,
덴니스 에크케르트,이란,이란,FW,29,1997,,0,0,,,,,,,,,,,,,,,,,,,,,,,,,,0,0,,3,,,,,,,,,,,,,,,,,,,,,,,,,,,,,,,,,,
에산 하즈사피,이란,이란,DF,36,1990,세파한,2,1,91.0,1.0,0.0,0.0,0.0,0.0,0.0,0.0,1.0,0.0,0.0,0.0,0.0,0.0,0.0,1.0,0.0,0.0,0.99,0.0,0.0,,46.0,33.7,65.0,0,1,26.0,1,1.0,0.0,0.0,0.0,0.0,0.0,0.0,2.0,1.0,0.0,2.0,1.0,0.0,,,0.0,,,,,,,,,,,,,,,,,,
호스센 호스세니,이란,이란,GK,33,1992,,0,0,,,,,,,,,,,,,,,,,,,,,,,,,,0,0,,3,,,,,,,,,,,,,,,,,,,,,,,,,,,,,,,,,,
호스센 카나니자데간,이란,이란,DF,32,1994,페르세폴리스,2,2,135.0,1.5,0.0,0.0,0.0,0.0,0.0,0.0,1.0,0.0,0.0,0.0,0.0,0.0,0.0,1.0,1.0,100.0,0.67,0.67,0.0,0.0,68.0,50.0,68.0,1,0,,1,1.0,1.0,1.0,0.0,0.0,0.0,0.0,1.0,0.0,0.0,0.0,2.0,0.0,,,0.0,,,,,,,,,,,,,,,,,,
메디 가디,이란,이란,FW,27,1998,,1,0,45.0,0.5,0.0,0.0,0.0,0.0,0.0,0.0,0.0,0.0,0.0,0.0,0.0,0.0,0.0,1.0,0.0,0.0,2.0,0.0,0.0,,45.0,16.7,,0,1,45.0,2,1.0,1.0,1.0,0.0,0.0,0.0,0.0,2.0,1.0,0.0,3.0,0.0,0.0,,,0.0,,,,,,,,,,,,,,,,,,
메디 타레미,이란,이란,FW,33,1992,올림피아코스,3,3,259.0,2.9,0.0,0.0,0.0,0.0,0.0,1.0,0.0,0.0,0.0,0.0,0.0,0.0,0.0,5.0,2.0,40.0,1.74,0.69,0.0,0.0,86.0,95.9,86.0,2,0,,0,1.0,3.0,3.0,0.0,0.0,0.0,0.0,3.0,5.0,2.0,1.0,2.0,2.0,,,0.0,,,,,,,,,,,,,,,,,,
메디 토라비,이란,이란,MF,31,1994,트락토르,1,0,25.0,0.3,0.0,0.0,0.0,0.0,0.0,0.0,0.0,0.0,0.0,0.0,0.0,0.0,0.0,0.0,0.0,,0.0,0.0,,,25.0,9.3,,0,1,25.0,2,1.0,0.0,0.0,0.0,0.0,0.0,0.0,0.0,0.0,0.0,2.0,1.0,0.0,,,0.0,,,,,,,,,,,,,,,,,,
미라드 모함마디,이란,이란,DF,32,1993,페르세폴리스,3,2,205.0,2.3,0.0,0.0,0.0,0.0,0.0,0.0,0.0,0.0,0.0,0.0,0.0,0.0,0.0,1.0,1.0,100.0,0.44,0.44,0.0,0.0,68.0,75.9,90.0,2,1,25.0,0,1.0,3.0,3.0,0.0,0.0,0.0,0.0,1.0,1.0,2.0,3.0,2.0,4.0,,,0.0,,,,,,,,,,,,,,,,,,
모함마드 골바니,이란,이란,MF,25,2001,,1,1,90.0,1.0,0.0,0.0,0.0,0.0,0.0,0.0,0.0,0.0,0.0,0.0,0.0,0.0,0.0,2.0,1.0,50.0,2.0,1.0,0.0,0.0,90.0,33.3,90.0,1,0,,2,1.0,1.0,1.0,0.0,0.0,0.0,0.0,2.0,1.0,0.0,0.0,2.0,2.0,,,0.0,,,,,,,,,,,,,,,,,,
모함마드 모헤비,이란,이란,MF,27,1998,로스토프,3,3,244.0,2.7,1.0,0.0,1.0,1.0,0.0,0.0,0.0,0.0,0.37,0.0,0.37,0.37,0.37,2.0,1.0,50.0,0.74,0.37,0.5,1.0,81.0,90.4,81.0,1,0,,0,1.0,3.0,3.0,0.0,0.0,0.0,0.0,1.0,1.0,0.0,1.0,1.0,1.0,,,0.0,,,,,,,,,,,,,,,,,,
팜 니즈마느드,이란,이란,GK,31,1995,,0,0,,,,,,,,,,,,,,,,,,,,,,,,,,0,0,,3,,,,,,,,,,,,,,,,,,,,,,,,,,,,,,,,,,
라민 레잔,이란,이란,"DF,MF",36,1990,풀라드,3,3,270.0,3.0,2.0,1.0,3.0,2.0,0.0,0.0,0.0,0.0,0.67,0.33,1.0,0.67,1.0,4.0,2.0,50.0,1.33,0.67,0.5,1.0,90.0,100.0,90.0,3,0,,0,1.0,3.0,3.0,0.0,0.0,,0.0,2.0,3.0,1.0,18.0,2.0,5.0,,,0.0,,,,,,,,,,,,,,,,,,
로이즈베 체시미,이란,이란,"DF,MF",32,1993,,0,0,,,,,,,,,,,,,,,,,,,,,,,,,,0,0,,3,,,,,,,,,,,,,,,,,,,,,,,,,,,,,,,,,,
사드 에자토라히,이란,이란,MF,29,1996,,3,3,264.0,2.9,0.0,0.0,0.0,0.0,0.0,0.0,2.0,0.0,0.0,0.0,0.0,0.0,0.0,6.0,2.0,33.3,2.05,0.68,0.0,0.0,88.0,97.8,88.0,2,0,,0,1.0,3.0,3.0,0.0,0.0,0.0,0.0,7.0,4.0,0.0,0.0,7.0,5.0,,,0.0,,,,,,,,,,,,,,,,,,
사레 할다니,이란,이란,DF,27,1998,에스테그랄,2,1,90.0,1.0,0.0,0.0,0.0,0.0,0.0,0.0,0.0,0.0,0.0,0.0,0.0,0.0,0.0,0.0,0.0,,0.0,0.0,,,45.0,33.3,45.0,0,1,45.0,1,1.0,0.0,0.0,0.0,0.0,0.0,0.0,0.0,2.0,0.0,1.0,2.0,2.0,,,0.0,,,,,,,,,,,,,,,,,,
사만 고드도스,이란,이란,MF,32,1993,,3,3,208.0,2.3,0.0,0.0,0.0,0.0,0.0,0.0,0.0,0.0,0.0,0.0,0.0,0.0,0.0,4.0,0.0,0.0,1.73,0.0,0.0,,69.0,77.0,69.0,0,0,,0,1.0,3.0,3.0,0.0,0.0,0.0,0.0,3.0,0.0,1.0,1.0,5.0,4.0,,,0.0,,,,,,,,,,,,,,,,,,
사릴 목한로이,이란,이란,FW,31,1994,,3,1,88.0,1.0,0.0,0.0,0.0,0.0,0.0,0.0,0.0,0.0,0.0,0.0,0.0,0.0,0.0,3.0,0.0,0.0,3.07,0.0,0.0,,29.0,32.6,52.0,0,2,18.0,0,1.0,1.0,1.0,0.0,0.0,0.0,0.0,1.0,1.0,1.0,2.0,0.0,2.0,,,0.0,,,,,,,,,,,,,,,,,,
소자 카릴자데,이란,이란,DF,37,1989,트락토르,3,3,270.0,3.0,0.0,0.0,0.0,0.0,0.0,0.0,1.0,0.0,0.0,0.0,0.0,0.0,0.0,2.0,0.0,0.0,0.67,0.0,0.0,,90.0,100.0,90.0,3,0,,0,1.0,3.0,3.0,0.0,0.0,,0.0,4.0,0.0,1.0,0.0,3.0,3.0,,,0.0,,,,,,,,,,,,,,,,,,
아메드 바실,이라크,이라크,GK,29,1996,,2,2,135.0,1.5,0.0,0.0,0.0,0.0,0.0,0.0,0.0,0.0,0.0,0.0,0.0,0.0,0.0,0.0,0.0,,0.0,0.0,,,68.0,50.0,68.0,1,0,,1,0.0,0.0,4.0,-4.0,-2.67,2.0,0.0,0.0,1.0,0.0,0.0,0.0,0.0,,,0.0,2.0,2.0,135.0,4.0,2.67,7.0,3.0,42.9,0.0,0.0,2.0,0.0,0.0,0.0,0.0,0.0,0.0,
아메드 만크지,이라크,이라크,DF,24,2001,,1,0,33.0,0.4,0.0,0.0,0.0,0.0,0.0,0.0,0.0,0.0,0.0,0.0,0.0,0.0,0.0,0.0,0.0,,0.0,0.0,,,33.0,12.2,,0,1,33.0,2,0.0,0.0,3.0,-3.0,-8.18,-5.14,0.0,0.0,0.0,0.0,0.0,0.0,2.0,,,0.0,,,,,,,,,,,,,,,,,,
아메드 카셈,이라크,이라크,"MF,FW",22,2003,내슈빌 SC,3,2,123.0,1.4,0.0,0.0,0.0,0.0,0.0,0.0,0.0,0.0,0.0,0.0,0.0,0.0,0.0,0.0,0.0,,0.0,0.0,,,41.0,45.6,53.0,1,1,18.0,0,0.0,0.0,6.0,-6.0,-4.39,-1.33,0.0,0.0,1.0,0.0,1.0,0.0,0.0,,,0.0,,,,,,,,,,,,,,,,,,
아이말 셀,이라크,이라크,MF,23,2002,사르프스보르,1,0,23.0,0.3,0.0,0.0,0.0,0.0,0.0,0.0,0.0,0.0,0.0,0.0,0.0,0.0,0.0,0.0,0.0,,0.0,0.0,,,23.0,8.5,,0,1,23.0,2,0.0,0.0,0.0,0.0,0.0,4.01,0.0,0.0,0.0,0.0,1.0,0.0,0.0,,,0.0,,,,,,,,,,,,,,,,,,
아캄 하스힘,이라크,이라크,DF,27,1998,,3,3,270.0,3.0,0.0,0.0,0.0,0.0,0.0,0.0,0.0,0.0,0.0,0.0,0.0,0.0,0.0,1.0,0.0,0.0,0.33,0.0,0.0,,90.0,100.0,90.0,3,0,,0,0.0,1.0,12.0,-11.0,-3.67,,0.0,0.0,3.0,0.0,0.0,2.0,1.0,,,0.0,,,,,,,,,,,,,,,,,,
아리 알 하마디,이라크,이라크,FW,24,2002,입스위치 타운,3,2,180.0,2.0,0.0,0.0,0.0,0.0,0.0,0.0,0.0,0.0,0.0,0.0,0.0,0.0,0.0,6.0,0.0,0.0,3.0,0.0,0.0,,60.0,66.7,58.0,0,1,65.0,0,0.0,1.0,6.0,-5.0,-2.5,3.5,0.0,1.0,5.0,0.0,0.0,2.0,2.0,,,0.0,,,,,,,,,,,,,,,,,,
아리 자심,이라크,이라크,MF,22,2004,알나즈마,2,2,129.0,1.4,0.0,0.0,0.0,0.0,0.0,0.0,0.0,0.0,0.0,0.0,0.0,0.0,0.0,4.0,1.0,25.0,2.79,0.7,0.0,0.0,65.0,47.8,65.0,0,0,,1,0.0,1.0,4.0,-3.0,-2.09,3.01,0.0,1.0,0.0,0.0,4.0,0.0,1.0,,,0.0,,,,,,,,,,,,,,,,,,
아리 이시프,이라크,이라크,FW,30,1996,,1,0,33.0,0.4,0.0,0.0,0.0,0.0,0.0,0.0,0.0,0.0,0.0,0.0,0.0,0.0,0.0,0.0,0.0,,0.0,0.0,,,33.0,12.2,,0,1,33.0,2,0.0,0.0,3.0,-3.0,-8.18,-5.14,0.0,1.0,0.0,0.0,0.0,0.0,1.0,,,0.0,,,,,,,,,,,,,,,,,,
아밀 알 암마리,이라크,이라크,MF,28,1997,크라코비아,3,3,247.0,2.7,0.0,1.0,1.0,0.0,0.0,0.0,2.0,0.0,0.0,0.36,0.36,0.0,0.36,0.0,0.0,,0.0,0.0,,,82.0,91.5,82.0,2,0,,0,0.0,1.0,12.0,-11.0,-4.01,-4.01,0.0,3.0,0.0,0.0,8.0,2.0,1.0,,,0.0,,,,,,,,,,,,,,,,,,
에이만 후스센,이라크,이라크,FW,30,1996,,2,2,115.0,1.3,1.0,0.0,1.0,1.0,0.0,0.0,0.0,0.0,0.78,0.0,0.78,0.78,0.78,3.0,1.0,33.3,2.35,0.78,0.33,1.0,58.0,42.6,58.0,1,0,,1,0.0,1.0,5.0,-4.0,-3.13,0.93,0.0,2.0,1.0,0.0,0.0,0.0,0.0,,,1.0,,,,,,,,,,,,,,,,,,
파하드 타립,이라크,이라크,GK,31,1994,,0,0,,,,,,,,,,,,,,,,,,,,,,,,,,0,0,,3,,,,,,,,,,,,,,,,,,,,,,,,,,,,,,,,,,
프라느스 드히 푸트로스,이라크,이라크,DF,32,1993,,1,1,90.0,1.0,0.0,0.0,0.0,0.0,0.0,0.0,0.0,0.0,0.0,0.0,0.0,0.0,0.0,0.0,0.0,,0.0,0.0,,,90.0,33.3,90.0,1,0,,2,0.0,0.0,5.0,-5.0,-5.0,-2.0,0.0,2.0,0.0,0.0,1.0,2.0,2.0,,,0.0,,,,,,,,,,,,,,,,,,
후스센 아리,이라크,이라크,DF,24,2002,포고인 슈체친,2,2,162.0,1.8,0.0,0.0,0.0,0.0,0.0,0.0,0.0,0.0,0.0,0.0,0.0,0.0,0.0,1.0,0.0,0.0,0.56,0.0,0.0,,81.0,60.0,81.0,1,0,,1,0.0,1.0,5.0,-4.0,-2.22,3.61,0.0,1.0,0.0,1.0,1.0,2.0,2.0,,,0.0,,,,,,,,,,,,,,,,,,
입라힘 바시,이라크,이라크,"MF,FW",26,2000,,3,3,235.0,2.6,0.0,0.0,0.0,0.0,0.0,0.0,0.0,0.0,0.0,0.0,0.0,0.0,0.0,1.0,0.0,0.0,0.38,0.0,0.0,,78.0,87.0,78.0,1,0,,0,0.0,1.0,11.0,-10.0,-3.83,-1.26,0.0,3.0,5.0,0.0,4.0,1.0,4.0,,,0.0,,,,,,,,,,,,,,,,,,
자랄 하스산,이라크,이라크,GK,35,1991,,2,1,135.0,1.5,0.0,0.0,0.0,0.0,0.0,0.0,0.0,0.0,0.0,0.0,0.0,0.0,0.0,0.0,0.0,,0.0,0.0,,,68.0,50.0,90.0,1,1,45.0,1,0.0,1.0,8.0,-7.0,-4.67,-2.0,0.0,0.0,1.0,0.0,0.0,0.0,0.0,,,0.0,2.0,1.0,135.0,8.0,5.33,16.0,8.0,50.0,0.0,0.0,1.0,0.0,0.0,0.0,0.0,0.0,0.0,
케빈 이콥,이라크,이라크,MF,25,2000,오르후스 GF,1,0,24.0,0.3,0.0,0.0,0.0,0.0,0.0,0.0,0.0,0.0,0.0,0.0,0.0,0.0,0.0,1.0,0.0,0.0,3.75,0.0,0.0,,24.0,8.9,,0,1,24.0,2,0.0,0.0,2.0,-2.0,-7.5,-4.21,0.0,1.0,0.0,0.0,0.0,1.0,0.0,,,0.0,,,,,,,,,,,,,,,,,,
마나프 이니스,이라크,이라크,DF,29,1996,,1,0,75.0,0.8,0.0,0.0,0.0,0.0,0.0,0.0,0.0,0.0,0.0,0.0,0.0,0.0,0.0,0.0,0.0,,0.0,0.0,,,75.0,27.8,,0,1,75.0,2,0.0,0.0,4.0,-4.0,-4.8,-1.57,0.0,0.0,0.0,0.0,0.0,1.0,1.0,,,0.0,,,,,,,,,,,,,,,,,,
말코 팔지,이라크,이라크,MF,22,2004,베네치아,2,0,54.0,0.6,0.0,0.0,0.0,0.0,0.0,0.0,0.0,0.0,0.0,0.0,0.0,0.0,0.0,0.0,0.0,,0.0,0.0,,,27.0,20.0,,0,2,27.0,1,0.0,0.0,2.0,-2.0,-3.33,0.42,0.0,0.0,2.0,0.0,2.0,1.0,1.0,,,0.0,,,,,,,,,,,,,,,,,,
메르크하스 도스키,이라크,이라크,DF,26,1999,빅토리아 플젠,3,3,270.0,3.0,0.0,0.0,0.0,0.0,0.0,0.0,1.0,0.0,0.0,0.0,0.0,0.0,0.0,1.0,0.0,0.0,0.33,0.0,0.0,,90.0,100.0,90.0,3,0,,0,0.0,1.0,12.0,-11.0,-3.67,,0.0,3.0,8.0,0.0,4.0,6.0,9.0,,,0.0,,,,,,,,,,,,,,,,,,
모하나드 아리,이라크,이라크,FW,25,2000,,1,0,13.0,0.1,0.0,0.0,0.0,0.0,0.0,0.0,0.0,0.0,0.0,0.0,0.0,0.0,0.0,0.0,0.0,,0.0,0.0,,,13.0,4.8,,0,1,13.0,2,0.0,0.0,1.0,-1.0,-6.92,-3.42,0.0,0.0,0.0,0.0,0.0,0.0,0.0,,,0.0,,,,,,,,,,,,,,,,,,
무스타파 사둔,이라크,이라크,DF,25,2001,,1,0,18.0,0.2,0.0,0.0,0.0,0.0,0.0,0.0,0.0,0.0,0.0,0.0,0.0,0.0,0.0,0.0,0.0,,0.0,0.0,,,18.0,6.7,,0,1,18.0,2,0.0,0.0,2.0,-2.0,-10.0,-6.79,0.0,2.0,0.0,0.0,0.0,0.0,1.0,,,0.0,,,,,,,,,,,,,,,,,,
레빈 수라카,이라크,이라크,DF,34,1992,,2,1,43.0,0.5,0.0,0.0,0.0,0.0,0.0,0.0,0.0,1.0,0.0,0.0,0.0,0.0,0.0,1.0,0.0,0.0,2.09,0.0,0.0,,22.0,15.9,12.0,0,1,31.0,1,0.0,0.0,2.0,-2.0,-4.19,-0.62,0.0,1.0,0.0,0.0,0.0,1.0,0.0,,,0.0,,,,,,,,,,,,,,,,,,
이스세프 아민,이라크,이라크,MF,22,2003,,1,0,31.0,0.3,0.0,0.0,0.0,0.0,0.0,0.0,0.0,0.0,0.0,0.0,0.0,0.0,0.0,0.0,0.0,,0.0,0.0,,,31.0,11.5,,0,1,31.0,2,0.0,0.0,1.0,-1.0,-2.9,0.86,0.0,0.0,0.0,0.0,0.0,0.0,0.0,,,0.0,,,,,,,,,,,,,,,,,,
자이드 이스말이,이라크,이라크,MF,24,2002,,2,2,117.0,1.3,0.0,0.0,0.0,0.0,0.0,0.0,0.0,0.0,0.0,0.0,0.0,0.0,0.0,0.0,0.0,,0.0,0.0,,,59.0,43.3,59.0,0,0,,1,0.0,1.0,4.0,-3.0,-2.31,2.4,0.0,2.0,0.0,0.0,0.0,1.0,4.0,,,0.0,,,,,,,,,,,,,,,,,,
자이드 타신,이라크,이라크,DF,25,2001,,2,2,149.0,1.7,0.0,0.0,0.0,0.0,0.0,0.0,1.0,0.0,0.0,0.0,0.0,0.0,0.0,2.0,0.0,0.0,1.21,0.0,0.0,,75.0,55.2,75.0,1,0,,1,0.0,1.0,6.0,-5.0,-3.02,1.44,0.0,3.0,2.0,0.0,0.0,0.0,1.0,,,0.0,,,,,,,,,,,,,,,,,,
지다네 이크발,이라크,이라크,MF,23,2003,위트레흐트,3,2,188.0,2.1,0.0,0.0,0.0,0.0,0.0,0.0,0.0,0.0,0.0,0.0,0.0,0.0,0.0,0.0,0.0,,0.0,0.0,,,63.0,69.6,78.0,1,1,32.0,0,0.0,0.0,8.0,-8.0,-3.83,-0.54,0.0,1.0,2.0,0.0,2.0,1.0,2.0,,,0.0,,,,,,,,,,,,,,,,,,
아 타나카,일본,일본,MF,27,1998,리즈 유나이티드,3,2,193.0,2.1,0.0,0.0,0.0,0.0,0.0,0.0,0.0,0.0,0.0,0.0,0.0,0.0,0.0,2.0,0.0,0.0,0.93,0.0,0.0,,64.0,53.6,90.0,2,1,13.0,1,1.33,5.0,2.0,3.0,1.4,1.4,0.0,6.0,2.0,0.0,0.0,1.0,6.0,,,0.0,,,,,,,,,,,,,,,,,,
아세 우다,일본,일본,FW,27,1998,페예노르트,4,4,321.0,3.6,2.0,1.0,3.0,2.0,0.0,0.0,0.0,0.0,0.56,0.28,0.84,0.56,0.84,9.0,4.0,44.4,2.52,1.12,0.22,0.5,80.0,89.2,80.0,1,0,,0,1.25,7.0,5.0,2.0,0.56,-1.75,0.0,6.0,4.0,1.0,0.0,0.0,1.0,,,0.0,,,,,,,,,,,,,,,,,,
아무 세코,일본,일본,DF,26,2000,르아브르,2,1,86.0,1.0,0.0,0.0,0.0,0.0,0.0,0.0,0.0,0.0,0.0,0.0,0.0,0.0,0.0,0.0,0.0,,0.0,0.0,,,43.0,23.9,74.0,0,1,12.0,2,2.0,2.0,1.0,1.0,1.05,0.39,0.0,1.0,0.0,0.0,0.0,1.0,1.0,,,0.0,,,,,,,,,,,,,,,,,,
다이크히 카마다,일본,일본,MF,29,1996,크리스탈 팰리스,4,4,329.0,3.7,2.0,0.0,2.0,2.0,0.0,0.0,1.0,0.0,0.55,0.0,0.55,0.55,0.55,3.0,2.0,66.7,0.82,0.55,0.67,1.0,82.0,91.4,82.0,2,0,,0,1.25,7.0,4.0,3.0,0.82,0.82,0.0,2.0,4.0,1.0,4.0,1.0,3.0,,,0.0,,,,,,,,,,,,,,,,,,
다이젠 마다,일본,일본,MF,28,1997,셀틱,3,3,244.0,2.7,1.0,0.0,1.0,1.0,0.0,0.0,0.0,0.0,0.37,0.0,0.37,0.37,0.37,2.0,1.0,50.0,0.74,0.37,0.5,1.0,81.0,67.8,81.0,1,0,,1,0.67,3.0,4.0,-1.0,-0.37,-3.47,0.0,2.0,1.0,1.0,3.0,2.0,3.0,,,0.0,,,,,,,,,,,,,,,,,,
히로키 이토,일본,일본,DF,27,1999,바이에른 뮌헨,4,4,360.0,4.0,0.0,0.0,0.0,0.0,0.0,0.0,0.0,0.0,0.0,0.0,0.0,0.0,0.0,1.0,0.0,0.0,0.25,0.0,0.0,,90.0,100.0,90.0,4,0,,0,1.25,8.0,5.0,3.0,0.75,,0.0,7.0,0.0,0.0,9.0,0.0,2.0,,,0.0,,,,,,,,,,,,,,,,,,
준노수케 수주키,일본,일본,DF,22,2003,FC 코펜하겐,2,0,43.0,0.5,0.0,0.0,0.0,0.0,0.0,0.0,1.0,0.0,0.0,0.0,0.0,0.0,0.0,0.0,0.0,,0.0,0.0,,,22.0,11.9,,0,2,22.0,2,1.5,1.0,1.0,0.0,0.0,-0.85,0.0,2.0,0.0,0.0,0.0,1.0,0.0,,,0.0,,,,,,,,,,,,,,,,,,
주니 이토,일본,일본,MF,33,1993,헹크,4,2,216.0,2.4,1.0,0.0,1.0,1.0,0.0,0.0,0.0,0.0,0.42,0.0,0.42,0.42,0.42,3.0,1.0,33.3,1.25,0.42,0.33,1.0,54.0,60.0,84.0,1,2,25.0,0,1.25,6.0,1.0,5.0,2.08,3.33,0.0,2.0,5.0,0.0,17.0,1.0,2.0,,,0.0,,,,,,,,,,,,,,,,,,
카이스후 사노,일본,일본,MF,25,2000,마인츠,3,3,270.0,3.0,1.0,1.0,2.0,1.0,0.0,0.0,1.0,0.0,0.33,0.33,0.67,0.33,0.67,1.0,1.0,100.0,0.33,0.33,1.0,1.0,90.0,75.0,90.0,3,0,,1,1.33,7.0,4.0,3.0,1.0,1.0,0.0,4.0,1.0,0.0,1.0,4.0,2.0,,,0.0,,,,,,,,,,,,,,,,,,
케수케 고토,일본,일본,FW,21,2005,신트트라위던,1,0,7.0,0.1,0.0,0.0,0.0,0.0,0.0,0.0,0.0,0.0,0.0,0.0,0.0,0.0,0.0,0.0,0.0,,0.0,0.0,,,7.0,1.9,,0,1,7.0,3,3.0,0.0,0.0,0.0,0.0,-0.76,0.0,0.0,1.0,0.0,0.0,0.0,1.0,,,0.0,,,,,,,,,,,,,,,,,,
케수케 오사코,일본,일본,GK,26,1999,,0,0,,,,,,,,,,,,,,,,,,,,,,,,,,0,0,,4,,,,,,,,,,,,,,,,,,,,,,,,,,,,,,,,,,
케토 나카무라,일본,일본,MF,25,2000,랭스,4,4,307.0,3.4,1.0,1.0,2.0,1.0,0.0,0.0,0.0,0.0,0.29,0.29,0.59,0.29,0.59,5.0,2.0,40.0,1.47,0.59,0.2,0.5,77.0,85.3,77.0,1,0,,0,1.25,7.0,4.0,3.0,0.88,0.88,0.0,3.0,1.0,1.0,9.0,1.0,3.0,,,0.0,,,,,,,,,,,,,,,,,,
켄토 시가이,일본,일본,FW,21,2005,볼프스부르크,1,0,7.0,0.1,0.0,0.0,0.0,0.0,0.0,0.0,0.0,0.0,0.0,0.0,0.0,0.0,0.0,0.0,0.0,,0.0,0.0,,,7.0,1.9,,0,1,7.0,3,1.0,1.0,0.0,1.0,12.86,12.35,0.0,0.0,0.0,0.0,0.0,0.0,0.0,,,0.0,,,,,,,,,,,,,,,,,,
코 이타쿠라,일본,일본,DF,29,1997,아약스,2,2,128.0,1.4,0.0,1.0,1.0,0.0,0.0,0.0,0.0,0.0,0.0,0.7,0.7,0.0,0.7,0.0,0.0,,0.0,0.0,,,64.0,35.6,64.0,1,0,,2,2.0,4.0,0.0,4.0,2.81,3.2,0.0,1.0,0.0,0.0,0.0,1.0,0.0,,,0.0,,,,,,,,,,,,,,,,,,
코키 오가아,일본,일본,FW,28,1997,네이메헌,3,0,42.0,0.5,0.0,1.0,1.0,0.0,0.0,0.0,0.0,0.0,0.0,2.14,2.14,0.0,2.14,3.0,0.0,0.0,6.43,0.0,0.0,,14.0,11.7,,0,3,14.0,1,0.67,1.0,0.0,1.0,2.14,1.58,0.0,1.0,0.0,0.0,0.0,0.0,0.0,,,0.0,,,,,,,,,,,,,,,,,,
리트수 돈,일본,일본,MF,27,1998,프랑크푸르트,4,4,278.0,3.1,0.0,1.0,1.0,0.0,0.0,0.0,0.0,0.0,0.0,0.32,0.32,0.0,0.32,1.0,0.0,0.0,0.32,0.0,0.0,,70.0,77.2,70.0,0,0,,0,1.25,6.0,4.0,2.0,0.65,-0.45,0.0,6.0,4.0,0.0,5.0,1.0,1.0,,,0.0,,,,,,,,,,,,,,,,,,
소고 타니구크히,일본,일본,DF,34,1991,신트트라위던,3,2,232.0,2.6,0.0,0.0,0.0,0.0,0.0,0.0,1.0,0.0,0.0,0.0,0.0,0.0,0.0,0.0,0.0,,0.0,0.0,,,77.0,64.4,90.0,2,1,52.0,1,0.67,4.0,5.0,-1.0,-0.39,-3.2,0.0,2.0,1.0,0.0,0.0,1.0,0.0,,,0.0,,,,,,,,,,,,,,,,,,
수토 마크히노,일본,일본,FW,26,1999,묀헨글라드바흐,1,0,13.0,0.1,0.0,0.0,0.0,0.0,0.0,0.0,0.0,0.0,0.0,0.0,0.0,0.0,0.0,0.0,0.0,,0.0,0.0,,,13.0,3.6,,0,1,13.0,2,0.0,0.0,1.0,-1.0,-6.92,-7.96,0.0,1.0,0.0,0.0,1.0,0.0,0.0,,,0.0,,,,,,,,,,,,,,,,,,
타케푸사 쿠보,일본,일본,MF,25,2001,레알 소시에다드,1,1,74.0,0.8,0.0,1.0,1.0,0.0,0.0,0.0,0.0,0.0,0.0,1.22,1.22,0.0,1.22,1.0,0.0,0.0,1.22,0.0,0.0,,74.0,20.6,74.0,0,0,,1,1.0,1.0,2.0,-1.0,-1.22,-2.47,0.0,1.0,1.0,0.0,0.0,1.0,0.0,,,0.0,,,,,,,,,,,,,,,,,,
타케히로 토미수,일본,일본,DF,27,1998,아약스,3,2,184.0,2.0,0.0,0.0,0.0,0.0,0.0,0.0,0.0,0.0,0.0,0.0,0.0,0.0,0.0,1.0,0.0,0.0,0.49,0.0,0.0,,61.0,51.1,84.0,1,1,16.0,1,1.33,5.0,2.0,3.0,1.47,1.47,0.0,5.0,2.0,0.0,2.0,2.0,1.0,,,0.0,,,,,,,,,,,,,,,,,,
토모키 하카아,일본,일본,GK,27,1999,,0,0,,,,,,,,,,,,,,,,,,,,,,,,,,0,0,,4,,,,,,,,,,,,,,,,,,,,,,,,,,,,,,,,,,
트수스히 아타나베,일본,일본,DF,29,1997,페예노르트,2,1,90.0,1.0,0.0,0.0,0.0,0.0,0.0,0.0,0.0,0.0,0.0,0.0,0.0,0.0,0.0,0.0,0.0,,0.0,0.0,,,45.0,25.0,74.0,0,1,16.0,2,1.0,1.0,2.0,-1.0,-1.0,-2.33,0.0,0.0,1.0,0.0,1.0,0.0,2.0,,,0.0,,,,,,,,,,,,,,,,,,
이토 수주키,일본,일본,"FW,MF",24,2001,프라이부르크,1,0,12.0,0.1,0.0,0.0,0.0,0.0,0.0,0.0,0.0,0.0,0.0,0.0,0.0,0.0,0.0,0.0,0.0,,0.0,0.0,,,12.0,3.3,,0,1,12.0,3,3.0,1.0,0.0,1.0,7.5,6.98,0.0,0.0,0.0,0.0,0.0,0.0,1.0,,,0.0,,,,,,,,,,,,,,,,,,
이키나리 수가아라,일본,일본,MF,25,2000,베르더 브레멘,4,1,148.0,1.6,0.0,0.0,0.0,0.0,0.0,0.0,0.0,0.0,0.0,0.0,0.0,0.0,0.0,2.0,2.0,100.0,1.22,1.22,0.0,0.0,37.0,41.1,90.0,1,3,19.0,0,1.25,3.0,2.0,1.0,0.61,-0.24,0.0,3.0,1.0,0.0,4.0,0.0,3.0,,,0.0,,,,,,,,,,,,,,,,,,
이토 나가토모,일본,일본,"DF,MF",39,1986,FC 도쿄,1,0,16.0,0.2,0.0,0.0,0.0,0.0,0.0,0.0,0.0,0.0,0.0,0.0,0.0,0.0,0.0,0.0,0.0,,0.0,0.0,,,16.0,4.4,,0,1,16.0,3,1.0,0.0,0.0,0.0,0.0,-0.78,0.0,0.0,0.0,0.0,1.0,1.0,0.0,,,0.0,,,,,,,,,,,,,,,,,,
진 수주키,일본,일본,GK,23,2002,파르마,4,4,360.0,4.0,0.0,0.0,0.0,0.0,0.0,0.0,0.0,0.0,0.0,0.0,0.0,0.0,0.0,0.0,0.0,,0.0,0.0,,,90.0,100.0,90.0,4,0,,0,1.25,8.0,5.0,3.0,0.75,,0.0,0.0,1.0,0.0,0.0,0.0,0.0,,,0.0,4.0,4.0,360.0,5.0,1.25,17.0,12.0,70.6,1.0,2.0,1.0,1.0,25.0,0.0,0.0,0.0,0.0,
압달라 알-팍호이리,요르단,요르단,GK,26,2000,,0,0,,,,,,,,,,,,,,,,,,,,,,,,,,0,0,,3,,,,,,,,,,,,,,,,,,,,,,,,,,,,,,,,,,
압달라 나십,요르단,요르단,DF,32,1994,,3,3,260.0,2.9,0.0,0.0,0.0,0.0,0.0,0.0,0.0,0.0,0.0,0.0,0.0,0.0,0.0,0.0,0.0,,0.0,0.0,,,87.0,96.3,87.0,2,0,,0,0.0,3.0,7.0,-4.0,-1.38,7.62,0.0,1.0,1.0,0.0,0.0,7.0,3.0,,,0.0,,,,,,,,,,,,,,,,,,
아리 아자이제,요르단,요르단,MF,22,2004,알샤바브,3,1,54.0,0.6,0.0,0.0,0.0,0.0,0.0,0.0,0.0,0.0,0.0,0.0,0.0,0.0,0.0,2.0,0.0,0.0,3.33,0.0,0.0,,18.0,20.0,45.0,0,2,5.0,0,0.0,0.0,3.0,-3.0,-5.0,-4.17,0.0,1.0,1.0,0.0,1.0,0.0,3.0,,,0.0,,,,,,,,,,,,,,,,,,
아리 올안,요르단,요르단,MF,26,2000,,3,3,268.0,3.0,1.0,0.0,1.0,1.0,0.0,0.0,0.0,0.0,0.34,0.0,0.34,0.34,0.34,6.0,3.0,50.0,2.01,1.01,0.17,0.33,89.0,99.3,89.0,1,0,,0,0.0,3.0,8.0,-5.0,-1.68,-1.68,0.0,1.0,4.0,1.0,5.0,1.0,0.0,,,0.0,,,,,,,,,,,,,,,,,,
아멜 자모이스,요르단,요르단,MF,23,2002,,1,0,15.0,0.2,0.0,0.0,0.0,0.0,0.0,0.0,0.0,0.0,0.0,0.0,0.0,0.0,0.0,0.0,0.0,,0.0,0.0,,,15.0,5.6,,0,1,15.0,2,0.0,0.0,1.0,-1.0,-6.0,-4.59,0.0,1.0,0.0,0.0,0.0,0.0,0.0,,,0.0,,,,,,,,,,,,,,,,,,
아나스 바다이,요르단,요르단,DF,28,1997,,0,0,,,,,,,,,,,,,,,,,,,,,,,,,,0,0,,3,,,,,,,,,,,,,,,,,,,,,,,,,,,,,,,,,,
후삼 아부 다합,요르단,요르단,DF,26,2000,,2,2,178.0,2.0,0.0,0.0,0.0,0.0,0.0,0.0,1.0,0.0,0.0,0.0,0.0,0.0,0.0,0.0,0.0,,0.0,0.0,,,89.0,65.9,89.0,0,0,,1,0.0,2.0,5.0,-3.0,-1.52,0.44,0.0,2.0,1.0,0.0,0.0,0.0,3.0,,,0.0,,,,,,,,,,,,,,,,,,
입라힘 사데,요르단,요르단,MF,26,2000,,0,0,,,,,,,,,,,,,,,,,,,,,,,,,,0,0,,3,,,,,,,,,,,,,,,,,,,,,,,,,,,,,,,,,,
이산 하드다드,요르단,요르단,DF,32,1994,,3,3,260.0,2.9,0.0,1.0,1.0,0.0,0.0,0.0,0.0,0.0,0.0,0.35,0.35,0.0,0.35,1.0,0.0,0.0,0.35,0.0,0.0,,87.0,96.3,87.0,2,0,,0,0.0,3.0,7.0,-4.0,-1.38,7.62,0.0,3.0,1.0,0.0,8.0,2.0,1.0,,,0.0,,,,,,,,,,,,,,,,,,
마모이드 알-말디,요르단,요르단,MF,32,1993,,3,1,130.0,1.4,0.0,0.0,0.0,0.0,0.0,0.0,0.0,0.0,0.0,0.0,0.0,0.0,0.0,1.0,1.0,100.0,0.69,0.69,0.0,0.0,43.0,48.1,75.0,0,2,28.0,0,0.0,2.0,3.0,-1.0,-0.69,1.88,0.0,4.0,2.0,0.0,7.0,0.0,1.0,,,0.0,,,,,,,,,,,,,,,,,,
모 아불나디,요르단,요르단,DF,25,2001,,1,1,71.0,0.8,0.0,0.0,0.0,0.0,0.0,0.0,0.0,0.0,0.0,0.0,0.0,0.0,0.0,0.0,0.0,,0.0,0.0,,,71.0,26.3,71.0,0,0,,2,0.0,1.0,1.0,0.0,0.0,2.26,0.0,0.0,0.0,0.0,0.0,0.0,0.0,,,0.0,,,,,,,,,,,,,,,,,,
모함마드 아부 하스히시,요르단,요르단,DF,31,1995,,1,0,6.0,0.1,0.0,0.0,0.0,0.0,0.0,0.0,0.0,0.0,0.0,0.0,0.0,0.0,0.0,0.0,0.0,,0.0,0.0,,,6.0,2.2,,0,1,6.0,2,0.0,0.0,0.0,0.0,0.0,1.7,0.0,0.0,0.0,0.0,0.0,0.0,2.0,,,0.0,,,,,,,,,,,,,,,,,,
모함마드 알-다우드,요르단,요르단,"FW,MF",34,1992,,1,0,3.0,0.0,0.0,0.0,0.0,0.0,0.0,0.0,0.0,0.0,0.0,0.0,0.0,0.0,0.0,0.0,0.0,,0.0,0.0,,,3.0,1.1,,0,1,3.0,2,0.0,0.0,1.0,-1.0,-30.0,-28.65,0.0,0.0,0.0,0.0,0.0,0.0,0.0,,,0.0,,,,,,,,,,,,,,,,,,
모함마드 타하,요르단,요르단,MF,20,2005,,0,0,,,,,,,,,,,,,,,,,,,,,,,,,,0,0,,3,,,,,,,,,,,,,,,,,,,,,,,,,,,,,,,,,,
모한나드 아부 타하,요르단,요르단,DF,23,2003,,3,3,264.0,2.9,0.0,0.0,0.0,0.0,0.0,0.0,1.0,0.0,0.0,0.0,0.0,0.0,0.0,1.0,0.0,0.0,0.34,0.0,0.0,,88.0,97.8,88.0,2,0,,0,0.0,3.0,8.0,-5.0,-1.7,-1.7,0.0,2.0,1.0,0.0,5.0,6.0,2.0,,,0.0,,,,,,,,,,,,,,,,,,
무사 알-타마리,요르단,요르단,FW,29,1997,렌,3,2,215.0,2.4,1.0,1.0,2.0,1.0,0.0,0.0,0.0,0.0,0.42,0.42,0.84,0.42,0.84,8.0,3.0,37.5,3.35,1.26,0.13,0.33,72.0,79.6,85.0,0,1,45.0,0,0.0,3.0,5.0,-2.0,-0.84,4.07,0.0,2.0,3.0,1.0,0.0,0.0,0.0,,,0.0,,,,,,,,,,,,,,,,,,
니잘 알 라시단,요르단,요르단,MF,27,1999,,3,3,255.0,2.8,1.0,0.0,1.0,1.0,0.0,0.0,0.0,0.0,0.35,0.0,0.35,0.35,0.35,2.0,1.0,50.0,0.71,0.35,0.5,1.0,85.0,94.4,85.0,2,0,,0,0.0,3.0,7.0,-4.0,-1.41,4.59,0.0,5.0,4.0,0.0,0.0,2.0,5.0,,,0.0,,,,,,,,,,,,,,,,,,
눌 알 라압데,요르단,요르단,MF,29,1997,,3,3,270.0,3.0,0.0,1.0,1.0,0.0,0.0,0.0,0.0,0.0,0.0,0.33,0.33,0.0,0.33,1.0,0.0,0.0,0.33,0.0,0.0,,90.0,100.0,90.0,3,0,,0,0.0,3.0,8.0,-5.0,-1.67,,0.0,1.0,0.0,0.0,0.0,2.0,7.0,,,0.0,,,,,,,,,,,,,,,,,,
놀이 바니 아트티,요르단,요르단,GK,33,1993,,0,0,,,,,,,,,,,,,,,,,,,,,,,,,,0,0,,3,,,,,,,,,,,,,,,,,,,,,,,,,,,,,,,,,,
오데 알-팍호이리,요르단,요르단,"MF,FW",20,2005,,3,2,148.0,1.6,0.0,0.0,0.0,0.0,0.0,0.0,0.0,0.0,0.0,0.0,0.0,0.0,0.0,2.0,1.0,50.0,1.22,0.61,0.0,0.0,49.0,54.8,67.0,0,1,15.0,0,0.0,1.0,5.0,-4.0,-2.43,-1.69,0.0,2.0,3.0,1.0,1.0,2.0,1.0,,,0.0,,,,,,,,,,,,,,,,,,
라자 아드,요르단,요르단,MF,32,1993,,0,0,,,,,,,,,,,,,,,,,,,,,,,,,,0,0,,3,,,,,,,,,,,,,,,,,,,,,,,,,,,,,,,,,,
사드 알-로산,요르단,요르단,DF,29,1997,,1,0,10.0,0.1,0.0,0.0,0.0,0.0,0.0,0.0,0.0,0.0,0.0,0.0,0.0,0.0,0.0,0.0,0.0,,0.0,0.0,,,10.0,3.7,,0,1,10.0,2,0.0,0.0,1.0,-1.0,-9.0,-7.62,0.0,0.0,0.0,0.0,0.0,0.0,0.0,,,0.0,,,,,,,,,,,,,,,,,,
사림 오바이드,요르단,요르단,DF,34,1992,,3,0,21.0,0.2,0.0,0.0,0.0,0.0,0.0,0.0,0.0,0.0,0.0,0.0,0.0,0.0,0.0,0.0,0.0,,0.0,0.0,,,7.0,7.8,,0,3,7.0,0,0.0,0.0,2.0,-2.0,-8.57,-7.49,0.0,1.0,0.0,0.0,0.0,0.0,2.0,,,0.0,,,,,,,,,,,,,,,,,,
사라라,요르단,요르단,FW,28,1997,,2,0,2.0,0.0,0.0,0.0,0.0,0.0,0.0,0.0,1.0,0.0,0.0,0.0,0.0,0.0,0.0,0.0,0.0,,0.0,0.0,,,1.0,0.7,,0,2,1.0,1,0.0,0.0,0.0,0.0,0.0,1.68,0.0,1.0,0.0,0.0,0.0,0.0,0.0,,,0.0,,,,,,,,,,,,,,,,,,
이잔 알-아랍,요르단,요르단,DF,30,1996,FC 서울,3,3,270.0,3.0,0.0,0.0,0.0,0.0,0.0,0.0,1.0,0.0,0.0,0.0,0.0,0.0,0.0,0.0,0.0,,0.0,0.0,,,90.0,100.0,90.0,3,0,,0,0.0,3.0,8.0,-5.0,-1.67,,0.0,4.0,0.0,0.0,0.0,11.0,1.0,,,1.0,,,,,,,,,,,,,,,,,,
이지드 아부라이라,요르단,요르단,GK,33,1993,,3,3,270.0,3.0,0.0,0.0,0.0,0.0,0.0,0.0,0.0,0.0,0.0,0.0,0.0,0.0,0.0,0.0,0.0,,0.0,0.0,,,90.0,100.0,90.0,3,0,,0,0.0,3.0,8.0,-5.0,-1.67,,0.0,0.0,0.0,0.0,0.0,0.0,0.0,,,0.0,3.0,3.0,270.0,8.0,2.67,16.0,8.0,50.0,0.0,0.0,3.0,0.0,0.0,2.0,2.0,0.0,0.0,0.0
배준호,대한민국,대한민국,"FW,MF",22,2003,,0,0,,,,,,,,,,,,,,,,,,,,,,,,,,0,0,,3,,,,,,,,,,,,,,,,,,,,,,,,,,,,,,,,,,
조규성,대한민국,대한민국,FW,28,1998,미틸란,2,0,31.0,0.3,0.0,0.0,0.0,0.0,0.0,0.0,1.0,0.0,0.0,0.0,0.0,0.0,0.0,2.0,1.0,50.0,5.81,2.9,0.0,0.0,16.0,11.5,,0,2,16.0,1,0.0,0.0,0.0,0.0,0.0,0.38,0.0,1.0,0.0,0.0,0.0,0.0,0.0,,,0.0,,,,,,,,,,,,,,,,,,
조위제,대한민국,대한민국,DF,24,2001,,0,0,,,,,,,,,,,,,,,,,,,,,,,,,,0,0,,3,,,,,,,,,,,,,,,,,,,,,,,,,,,,,,,,,,
엄지성,대한민국,대한민국,MF,24,2002,스완지 시티,2,0,42.0,0.5,0.0,0.0,0.0,0.0,0.0,0.0,0.0,0.0,0.0,0.0,0.0,0.0,0.0,0.0,0.0,,0.0,0.0,,,21.0,15.6,,0,2,21.0,1,1.5,1.0,0.0,1.0,2.14,2.93,0.0,0.0,1.0,0.0,3.0,0.0,2.0,,,0.0,,,,,,,,,,,,,,,,,,
황희찬,대한민국,대한민국,FW,30,1996,울버햄튼,3,1,108.0,1.2,0.0,0.0,0.0,0.0,0.0,0.0,0.0,0.0,0.0,0.0,0.0,0.0,0.0,1.0,0.0,0.0,0.83,0.0,0.0,,36.0,40.0,45.0,0,2,32.0,0,1.0,2.0,0.0,2.0,1.67,3.33,0.0,1.0,2.0,0.0,0.0,0.0,1.0,,,0.0,,,,,,,,,,,,,,,,,,
황인범,대한민국,대한민국,MF,29,1996,페예노르트,3,3,263.0,2.9,1.0,1.0,2.0,1.0,0.0,0.0,0.0,0.0,0.34,0.34,0.68,0.34,0.68,4.0,2.0,50.0,1.37,0.68,0.25,0.5,88.0,97.4,88.0,2,0,,0,1.0,2.0,3.0,-1.0,-0.34,-0.34,0.0,1.0,1.0,0.0,2.0,4.0,2.0,,,0.0,,,,,,,,,,,,,,,,,,
옌스 카스트롭,대한민국,대한민국,MF,22,2003,묀헨글라드바흐,1,0,45.0,0.5,0.0,0.0,0.0,0.0,0.0,0.0,0.0,0.0,0.0,0.0,0.0,0.0,0.0,0.0,0.0,,0.0,0.0,,,45.0,16.7,,0,1,45.0,2,0.0,0.0,1.0,-1.0,-2.0,-2.0,0.0,3.0,0.0,0.0,3.0,0.0,0.0,,,0.0,,,,,,,,,,,,,,,,,,
조현우,대한민국,대한민국,GK,34,1991,,0,0,,,,,,,,,,,,,,,,,,,,,,,,,,0,0,,3,,,,,,,,,,,,,,,,,,,,,,,,,,,,,,,,,,
김진규,대한민국,대한민국,MF,29,1997,전북현대모터스,2,0,52.0,0.6,0.0,0.0,0.0,0.0,0.0,0.0,0.0,0.0,0.0,0.0,0.0,0.0,0.0,1.0,0.0,0.0,1.73,0.0,0.0,,26.0,19.3,,0,2,26.0,1,1.5,0.0,1.0,-1.0,-1.73,-1.73,0.0,0.0,1.0,0.0,1.0,0.0,1.0,,,0.0,,,,,,,,,,,,,,,,,,
김민재,대한민국,대한민국,DF,29,1996,바이에른 뮌헨,3,3,245.0,2.7,0.0,0.0,0.0,0.0,0.0,0.0,0.0,0.0,0.0,0.0,0.0,0.0,0.0,1.0,1.0,100.0,0.37,0.37,0.0,0.0,82.0,90.7,82.0,2,0,,0,1.0,2.0,3.0,-1.0,-0.37,-0.37,0.0,2.0,1.0,0.0,0.0,2.0,2.0,,,0.0,,,,,,,,,,,,,,,,,,
김문환,대한민국,대한민국,MF,30,1995,대전하나시티즌,1,1,70.0,0.8,0.0,0.0,0.0,0.0,0.0,0.0,0.0,0.0,0.0,0.0,0.0,0.0,0.0,0.0,0.0,,0.0,0.0,,,70.0,25.9,70.0,0,0,,2,0.0,0.0,1.0,-1.0,-1.29,-1.29,0.0,0.0,0.0,0.0,0.0,1.0,1.0,,,0.0,,,,,,,,,,,,,,,,,,
김승규,대한민국,대한민국,GK,35,1990,FC 도쿄,3,3,270.0,3.0,0.0,0.0,0.0,0.0,0.0,0.0,0.0,0.0,0.0,0.0,0.0,0.0,0.0,0.0,0.0,,0.0,0.0,,,90.0,100.0,90.0,3,0,,0,1.0,2.0,3.0,-1.0,-0.33,,0.0,0.0,0.0,0.0,0.0,0.0,0.0,,,0.0,3.0,3.0,270.0,3.0,1.0,12.0,9.0,75.0,1.0,0.0,2.0,0.0,0.0,0.0,0.0,0.0,0.0,
김태현,대한민국,대한민국,DF,25,2000,,0,0,,,,,,,,,,,,,,,,,,,,,,,,,,0,0,,3,,,,,,,,,,,,,,,,,,,,,,,,,,,,,,,,,,
이동경,대한민국,대한민국,"FW,MF",28,1997,,0,0,,,,,,,,,,,,,,,,,,,,,,,,,,0,0,,3,,,,,,,,,,,,,,,,,,,,,,,,,,,,,,,,,,
이기혁,대한민국,대한민국,DF,25,2000,강원FC,3,3,270.0,3.0,0.0,0.0,0.0,0.0,0.0,0.0,1.0,0.0,0.0,0.0,0.0,0.0,0.0,0.0,0.0,,0.0,0.0,,,90.0,100.0,90.0,3,0,,0,1.0,2.0,3.0,-1.0,-0.33,,0.0,2.0,1.0,0.0,2.0,5.0,4.0,,,0.0,,,,,,,,,,,,,,,,,,
이한범,대한민국,대한민국,DF,23,2002,미틸란,3,3,270.0,3.0,0.0,0.0,0.0,0.0,0.0,0.0,0.0,0.0,0.0,0.0,0.0,0.0,0.0,2.0,0.0,0.0,0.67,0.0,0.0,,90.0,100.0,90.0,3,0,,0,1.0,2.0,3.0,-1.0,-0.33,,0.0,7.0,2.0,0.0,2.0,3.0,2.0,,,0.0,,,,,,,,,,,,,,,,,,
이재성,대한민국,대한민국,FW,33,1992,마인츠,2,2,117.0,1.3,0.0,0.0,0.0,0.0,0.0,0.0,0.0,0.0,0.0,0.0,0.0,0.0,0.0,2.0,1.0,50.0,1.54,0.77,0.0,0.0,59.0,43.3,59.0,0,0,,1,1.5,0.0,2.0,-2.0,-1.54,-2.13,0.0,1.0,4.0,1.0,0.0,2.0,3.0,,,0.0,,,,,,,,,,,,,,,,,,
이강인,대한민국,대한민국,FW,25,2001,파리 생제르맹,3,3,270.0,3.0,0.0,1.0,1.0,0.0,0.0,0.0,1.0,0.0,0.0,0.33,0.33,0.0,0.33,4.0,1.0,25.0,1.33,0.33,0.0,0.0,90.0,100.0,90.0,3,0,,0,1.0,2.0,3.0,-1.0,-0.33,,0.0,1.0,7.0,0.0,19.0,0.0,0.0,,,0.0,,,,,,,,,,,,,,,,,,
이태석,대한민국,대한민국,MF,23,2002,오스트리아 빈,2,2,113.0,1.3,0.0,0.0,0.0,0.0,0.0,0.0,0.0,0.0,0.0,0.0,0.0,0.0,0.0,0.0,0.0,,0.0,0.0,,,57.0,41.9,57.0,0,0,,1,1.5,1.0,1.0,0.0,0.0,0.57,0.0,3.0,1.0,0.0,8.0,0.0,3.0,,,0.0,,,,,,,,,,,,,,,,,,
오현규,대한민국,대한민국,FW,25,2001,베식타슈,3,1,129.0,1.4,1.0,0.0,1.0,1.0,0.0,0.0,0.0,0.0,0.7,0.0,0.7,0.7,0.7,4.0,2.0,50.0,2.79,1.4,0.25,0.5,43.0,47.8,73.0,0,2,28.0,0,1.0,1.0,1.0,0.0,0.0,0.64,0.0,0.0,1.0,0.0,1.0,0.0,0.0,,,0.0,,,,,,,,,,,,,,,,,,
백승호,대한민국,대한민국,MF,29,1997,버밍엄 시티,3,3,204.0,2.3,0.0,0.0,0.0,0.0,0.0,0.0,1.0,0.0,0.0,0.0,0.0,0.0,0.0,0.0,0.0,,0.0,0.0,,,68.0,75.6,68.0,0,0,,0,1.0,2.0,2.0,0.0,0.0,1.36,0.0,1.0,2.0,0.0,1.0,1.0,0.0,,,0.0,,,,,,,,,,,,,,,,,,
박진섭,대한민국,대한민국,"DF,MF",30,1995,저장 FC,2,0,32.0,0.4,0.0,0.0,0.0,0.0,0.0,0.0,0.0,0.0,0.0,0.0,0.0,0.0,0.0,1.0,1.0,100.0,2.81,2.81,0.0,0.0,16.0,11.9,,0,2,16.0,1,1.5,0.0,0.0,0.0,0.0,0.38,0.0,0.0,1.0,0.0,0.0,0.0,0.0,,,0.0,,,,,,,,,,,,,,,,,,
설영우,대한민국,대한민국,MF,27,1998,츠르베나 즈베즈다,3,3,250.0,2.8,0.0,0.0,0.0,0.0,0.0,0.0,0.0,0.0,0.0,0.0,0.0,0.0,0.0,2.0,0.0,0.0,0.72,0.0,0.0,,83.0,92.6,83.0,2,0,,0,1.0,2.0,3.0,-1.0,-0.36,-0.36,0.0,1.0,2.0,4.0,9.0,1.0,0.0,,,0.0,,,,,,,,,,,,,,,,,,
손흥민,대한민국,대한민국,FW,33,1992,LAFC,3,2,169.0,1.9,0.0,0.0,0.0,0.0,0.0,0.0,0.0,0.0,0.0,0.0,0.0,0.0,0.0,7.0,1.0,14.3,3.73,0.53,0.0,0.0,56.0,62.6,62.0,0,1,45.0,0,1.0,1.0,3.0,-2.0,-1.07,-1.96,0.0,0.0,4.0,2.0,3.0,0.0,1.0,,,0.0,,,,,,,,,,,,,,,,,,
송범근,대한민국,대한민국,GK,28,1997,,0,0,,,,,,,,,,,,,,,,,,,,,,,,,,0,0,,3,,,,,,,,,,,,,,,,,,,,,,,,,,,,,,,,,,
양현준,대한민국,대한민국,"FW,MF",24,2002,셀틱,1,0,20.0,0.2,0.0,0.0,0.0,0.0,0.0,0.0,0.0,0.0,0.0,0.0,0.0,0.0,0.0,1.0,1.0,100.0,4.5,4.5,0.0,0.0,20.0,7.4,,0,1,20.0,2,0.0,0.0,0.0,0.0,0.0,0.36,0.0,1.0,0.0,1.0,0.0,1.0,1.0,,,0.0,,,,,,,,,,,,,,,,,,
아레크시스 베가,멕시코,멕시코,"FW,MF",28,1997,톨루카,1,0,12.0,0.1,0.0,0.0,0.0,0.0,0.0,0.0,0.0,0.0,0.0,0.0,0.0,0.0,0.0,0.0,0.0,,0.0,0.0,,,12.0,2.7,,0,1,12.0,4,3.0,0.0,0.0,0.0,0.0,-1.44,0.0,0.0,0.0,0.0,1.0,0.0,0.0,,,0.0,,,,,,,,,,,,,,,,,,
알만도 곤자레즈,멕시코,멕시코,FW,23,2003,과달라하라(치바스),1,0,15.0,0.2,0.0,0.0,0.0,0.0,0.0,0.0,0.0,0.0,0.0,0.0,0.0,0.0,0.0,0.0,0.0,,0.0,0.0,,,15.0,3.3,,0,1,15.0,4,3.0,0.0,0.0,0.0,0.0,-1.45,0.0,1.0,0.0,0.0,0.0,0.0,0.0,,,0.0,,,,,,,,,,,,,,,,,,
브린 구틸레즈,멕시코,멕시코,MF,22,2003,과달라하라(치바스),4,2,198.0,2.2,0.0,0.0,0.0,0.0,0.0,0.0,1.0,0.0,0.0,0.0,0.0,0.0,0.0,6.0,0.0,0.0,2.73,0.0,0.0,,50.0,44.0,68.0,0,2,32.0,1,2.25,3.0,0.0,3.0,1.36,-0.06,0.0,5.0,3.0,0.0,5.0,2.0,1.0,,,0.0,,,,,,,,,,,,,,,,,,
칼로스 아케베도,멕시코,멕시코,GK,30,1996,,0,0,,,,,,,,,,,,,,,,,,,,,,,,,,0,0,,5,,,,,,,,,,,,,,,,,,,,,,,,,,,,,,,,,,
케살 훌타,멕시코,멕시코,"FW,MF",25,2000,안더레흐트,1,0,7.0,0.1,0.0,0.0,0.0,0.0,0.0,0.0,0.0,0.0,0.0,0.0,0.0,0.0,0.0,0.0,0.0,,0.0,0.0,,,7.0,1.6,,0,1,7.0,4,3.0,0.0,0.0,0.0,0.0,-1.42,0.0,0.0,0.0,0.0,0.0,0.0,0.0,,,0.0,,,,,,,,,,,,,,,,,,
케살 몬테스,멕시코,멕시코,DF,29,1997,로코모티프 모스크바,4,4,314.0,3.5,0.0,0.0,0.0,0.0,0.0,0.0,0.0,1.0,0.0,0.0,0.0,0.0,0.0,1.0,1.0,100.0,0.29,0.29,0.0,0.0,79.0,69.8,79.0,2,0,,0,2.25,8.0,2.0,6.0,1.72,1.06,0.0,4.0,3.0,0.0,2.0,2.0,1.0,,,0.0,,,,,,,,,,,,,,,,,,
에드손 알바레즈,멕시코,멕시코,"MF,DF",28,1997,웨스트햄,4,2,240.0,2.7,0.0,0.0,0.0,0.0,0.0,0.0,1.0,0.0,0.0,0.0,0.0,0.0,0.0,2.0,0.0,0.0,0.75,0.0,0.0,,60.0,53.3,90.0,2,2,30.0,1,2.25,5.0,1.0,4.0,1.5,0.21,0.0,5.0,2.0,0.0,1.0,3.0,6.0,,,0.0,,,,,,,,,,,,,,,,,,
에릭 리라,멕시코,멕시코,MF,26,2000,크루스 아술,4,4,345.0,3.8,0.0,1.0,1.0,0.0,0.0,0.0,0.0,0.0,0.0,0.26,0.26,0.0,0.26,0.0,0.0,,0.0,0.0,,,86.0,76.7,86.0,3,0,,1,2.25,7.0,3.0,4.0,1.04,-1.53,0.0,3.0,4.0,0.0,2.0,2.0,3.0,,,0.0,,,,,,,,,,,,,,,,,,
길벨토 모라,멕시코,멕시코,MF,17,2008,티후아나,4,3,213.0,2.4,0.0,0.0,0.0,0.0,0.0,0.0,0.0,0.0,0.0,0.0,0.0,0.0,0.0,5.0,0.0,0.0,2.11,0.0,0.0,,53.0,47.3,63.0,0,1,25.0,1,2.25,6.0,3.0,3.0,1.27,-0.25,0.0,3.0,3.0,0.0,4.0,2.0,2.0,,,0.0,,,,,,,,,,,,,,,,,,
굴렐모 말티네즈 아라,멕시코,멕시코,FW,31,1995,UNAM 푸마스,2,1,72.0,0.8,0.0,0.0,0.0,0.0,0.0,0.0,0.0,0.0,0.0,0.0,0.0,0.0,0.0,0.0,0.0,,0.0,0.0,,,36.0,16.0,62.0,0,1,10.0,3,1.5,2.0,0.0,2.0,2.5,1.31,0.0,3.0,1.0,0.0,0.0,0.0,0.0,,,0.0,,,,,,,,,,,,,,,,,,
굴렐모 오크호,멕시코,멕시코,GK,40,1985,,1,0,13.0,0.1,0.0,0.0,0.0,0.0,0.0,0.0,0.0,0.0,0.0,0.0,0.0,0.0,0.0,0.0,0.0,,0.0,0.0,,,13.0,2.9,,0,1,13.0,4,3.0,1.0,0.0,1.0,6.92,5.69,0.0,0.0,0.0,0.0,0.0,0.0,0.0,,,0.0,1.0,0.0,13.0,0.0,0.0,0.0,0.0,,0.0,0.0,0.0,1.0,,0.0,0.0,0.0,0.0,
이스랄 레스,멕시코,멕시코,DF,26,2000,아메리카,4,2,202.0,2.2,0.0,0.0,0.0,0.0,0.0,0.0,0.0,0.0,0.0,0.0,0.0,0.0,0.0,2.0,0.0,0.0,0.89,0.0,0.0,,51.0,44.9,90.0,2,2,11.0,1,3.0,5.0,0.0,5.0,2.23,1.5,0.0,1.0,0.0,0.0,2.0,3.0,1.0,,,0.0,,,,,,,,,,,,,,,,,,
제수스 갈랄도,멕시코,멕시코,DF,31,1994,톨루카,5,4,373.0,4.1,0.0,0.0,0.0,0.0,0.0,0.0,0.0,0.0,0.0,0.0,0.0,0.0,0.0,4.0,0.0,0.0,0.97,0.0,0.0,,75.0,82.9,90.0,4,1,13.0,0,2.4,8.0,3.0,5.0,1.21,-1.13,0.0,7.0,3.0,0.0,16.0,7.0,1.0,,,0.0,,,,,,,,,,,,,,,,,,
조한 바스쿠즈,멕시코,멕시코,DF,27,1998,제노아,4,4,360.0,4.0,0.0,0.0,0.0,0.0,0.0,0.0,1.0,0.0,0.0,0.0,0.0,0.0,0.0,1.0,0.0,0.0,0.25,0.0,0.0,,90.0,80.0,90.0,4,0,,1,2.25,7.0,3.0,4.0,1.0,-2.0,0.0,0.0,2.0,0.0,1.0,2.0,1.0,,,0.0,,,,,,,,,,,,,,,,,,
졸게 사느크헤즈,멕시코,멕시코,DF,28,1997,PAOK,4,4,348.0,3.9,0.0,1.0,1.0,0.0,0.0,0.0,1.0,0.0,0.0,0.26,0.26,0.0,0.26,1.0,1.0,100.0,0.26,0.26,0.0,0.0,87.0,77.3,87.0,3,0,,1,2.25,8.0,3.0,5.0,1.29,-0.47,0.0,5.0,1.0,1.0,6.0,5.0,4.0,,,0.0,,,,,,,,,,,,,,,,,,
주린 쿠노네스,멕시코,멕시코,"FW,MF",29,1997,알카드시아,5,5,410.0,4.6,4.0,1.0,5.0,4.0,0.0,0.0,0.0,0.0,0.88,0.22,1.1,0.88,1.1,14.0,6.0,42.9,3.07,1.32,0.29,0.67,82.0,91.1,82.0,1,0,,0,2.4,10.0,3.0,7.0,1.54,1.54,0.0,5.0,7.0,1.0,3.0,0.0,0.0,,,0.0,,,,,,,,,,,,,,,,,,
루스 차베즈,멕시코,멕시코,MF,30,1996,디나모 모스크바,1,0,25.0,0.3,0.0,0.0,0.0,0.0,0.0,0.0,0.0,0.0,0.0,0.0,0.0,0.0,0.0,0.0,0.0,,0.0,0.0,,,25.0,5.6,,0,1,25.0,4,3.0,1.0,0.0,1.0,3.6,2.33,0.0,1.0,0.0,0.0,1.0,0.0,1.0,,,0.0,,,,,,,,,,,,,,,,,,
루스 로모,멕시코,멕시코,MF,31,1995,과달라하라(치바스),4,4,264.0,2.9,1.0,1.0,2.0,1.0,0.0,0.0,0.0,0.0,0.34,0.34,0.68,0.34,0.68,3.0,1.0,33.3,1.02,0.34,0.33,1.0,66.0,58.7,66.0,0,0,,1,2.25,6.0,3.0,3.0,1.02,-0.91,0.0,1.0,3.0,0.0,1.0,4.0,4.0,,,0.0,,,,,,,,,,,,,,,,,,
마테 차베즈,멕시코,멕시코,DF,22,2004,AZ 알크마르,1,1,77.0,0.9,1.0,0.0,1.0,1.0,0.0,0.0,0.0,0.0,1.17,0.0,1.17,1.17,1.17,1.0,1.0,100.0,1.17,1.17,1.0,1.0,77.0,17.1,77.0,0,0,,4,3.0,2.0,0.0,2.0,2.34,1.13,0.0,1.0,1.0,0.0,1.0,0.0,1.0,,,0.0,,,,,,,,,,,,,,,,,,
오베드 발가스,멕시코,멕시코,MF,20,2005,아틀레티코 마드리드,3,0,66.0,0.7,0.0,0.0,0.0,0.0,0.0,0.0,0.0,0.0,0.0,0.0,0.0,0.0,0.0,1.0,1.0,100.0,1.36,1.36,0.0,0.0,22.0,14.7,,0,3,22.0,2,3.0,1.0,0.0,1.0,1.36,-0.04,0.0,1.0,0.0,0.0,0.0,1.0,2.0,,,0.0,,,,,,,,,,,,,,,,,,
올베린 피네다,멕시코,멕시코,"FW,MF",30,1996,AEK 아테네,2,0,31.0,0.3,0.0,0.0,0.0,0.0,0.0,0.0,0.0,0.0,0.0,0.0,0.0,0.0,0.0,1.0,0.0,0.0,2.9,0.0,0.0,,16.0,6.9,,0,2,16.0,3,3.0,0.0,0.0,0.0,0.0,-1.5,0.0,0.0,2.0,0.0,0.0,0.0,0.0,,,0.0,,,,,,,,,,,,,,,,,,
롤 지메네즈,멕시코,멕시코,FW,35,1991,풀럼,4,4,317.0,3.5,3.0,0.0,3.0,2.0,1.0,1.0,0.0,0.0,0.85,0.0,0.85,0.57,0.57,18.0,7.0,38.9,5.11,1.99,0.11,0.29,79.0,70.4,79.0,1,0,,1,2.25,7.0,3.0,4.0,1.14,-0.89,0.0,7.0,2.0,2.0,0.0,0.0,1.0,,,0.0,,,,,,,,,,,,,,,,,,
롤 란겔,멕시코,멕시코,GK,26,2000,과달라하라(치바스),5,5,437.0,4.9,0.0,0.0,0.0,0.0,0.0,0.0,0.0,0.0,0.0,0.0,0.0,0.0,0.0,0.0,0.0,,0.0,0.0,,,87.0,97.1,87.0,4,0,,0,2.4,9.0,3.0,6.0,1.24,-5.69,0.0,1.0,0.0,0.0,0.0,0.0,0.0,,,0.0,5.0,5.0,437.0,3.0,0.62,11.0,8.0,72.7,4.0,0.0,1.0,4.0,80.0,1.0,1.0,0.0,0.0,0.0
로벨토 알바라도,멕시코,멕시코,"FW,MF",27,1998,과달라하라(치바스),5,5,428.0,4.8,0.0,3.0,3.0,0.0,0.0,0.0,0.0,0.0,0.0,0.63,0.63,0.0,0.63,5.0,0.0,0.0,1.05,0.0,0.0,,86.0,95.1,86.0,3,0,,0,2.4,10.0,3.0,7.0,1.47,1.47,0.0,3.0,5.0,1.0,36.0,2.0,3.0,,,0.0,,,,,,,,,,,,,,,,,,
산티고 기메네즈,멕시코,멕시코,FW,25,2001,AC 밀란,4,0,86.0,1.0,0.0,0.0,0.0,0.0,0.0,0.0,0.0,0.0,0.0,0.0,0.0,0.0,0.0,2.0,1.0,50.0,2.09,1.05,0.0,0.0,22.0,19.1,,0,4,22.0,1,2.25,2.0,0.0,2.0,2.09,0.86,0.0,1.0,3.0,0.0,0.0,0.0,0.0,,,0.0,,,,,,,,,,,,,,,,,,
알바로 피달고,멕시코,멕시코,MF,29,1997,레알 베티스,3,1,96.0,1.1,1.0,0.0,1.0,1.0,0.0,0.0,0.0,0.0,0.94,0.0,0.94,0.94,0.94,3.0,2.0,66.7,2.81,1.87,0.33,0.5,32.0,21.3,65.0,0,2,16.0,2,2.0,2.0,0.0,2.0,1.87,0.6,0.0,0.0,2.0,0.0,4.0,1.0,0.0,,,0.0,,,,,,,,,,,,,,,,,,
아슈라프 하키미,모로코,모로코,DF,27,1998,파리 생제르맹,6,6,570.0,6.3,1.0,2.0,3.0,1.0,0.0,0.0,1.0,0.0,0.16,0.32,0.47,0.16,0.47,14.0,4.0,28.6,2.21,0.63,0.07,0.25,95.0,100.0,95.0,6,0,,0,1.83,10.0,6.0,4.0,0.63,,0.0,7.0,16.0,0.0,35.0,5.0,10.0,,,0.0,,,,,,,,,,,,,,,,,,
아메드 레다 탁나티,모로코,모로코,GK,30,1996,,0,0,,,,,,,,,,,,,,,,,,,,,,,,,,0,0,,6,,,,,,,,,,,,,,,,,,,,,,,,,,,,,,,,,,
아미네 스바이,모로코,모로코,"FW,MF",25,2000,앙제,1,0,6.0,0.1,0.0,0.0,0.0,0.0,0.0,0.0,0.0,0.0,0.0,0.0,0.0,0.0,0.0,0.0,0.0,,0.0,0.0,,,6.0,1.1,,0,1,6.0,5,0.0,0.0,0.0,0.0,0.0,-0.64,0.0,2.0,0.0,0.0,2.0,0.0,0.0,,,0.0,,,,,,,,,,,,,,,,,,
아나스스 사라-에드디네,모로코,모로코,DF,24,2002,PSV 에인트호번,4,2,212.0,2.4,0.0,0.0,0.0,0.0,0.0,0.0,0.0,0.0,0.0,0.0,0.0,0.0,0.0,1.0,0.0,0.0,0.42,0.0,0.0,,53.0,37.2,78.0,0,2,29.0,2,1.25,4.0,4.0,0.0,0.0,-1.01,0.0,3.0,2.0,0.0,3.0,0.0,5.0,,,0.0,,,,,,,,,,,,,,,,,,
압 엘 카비,모로코,모로코,FW,32,1993,올림피아코스,1,1,69.0,0.8,0.0,0.0,0.0,0.0,0.0,0.0,0.0,0.0,0.0,0.0,0.0,0.0,0.0,3.0,2.0,66.7,3.91,2.61,0.0,0.0,69.0,12.1,69.0,0,0,,5,3.0,2.0,2.0,0.0,0.0,-0.72,0.0,1.0,1.0,3.0,0.0,0.0,2.0,,,0.0,,,,,,,,,,,,,,,,,,
아베 아마이모이니,모로코,모로코,MF,21,2004,프랑크푸르트,2,0,18.0,0.2,0.0,0.0,0.0,0.0,0.0,0.0,0.0,0.0,0.0,0.0,0.0,0.0,0.0,2.0,1.0,50.0,10.0,5.0,0.0,0.0,9.0,3.2,,0,2,9.0,4,2.0,0.0,0.0,0.0,0.0,-0.65,0.0,1.0,0.0,0.0,1.0,0.0,1.0,,,0.0,,,,,,,,,,,,,,,,,,
압 보드디,모로코,모로코,MF,18,2007,릴,5,5,381.0,4.2,0.0,0.0,0.0,0.0,0.0,0.0,0.0,0.0,0.0,0.0,0.0,0.0,0.0,3.0,0.0,0.0,0.71,0.0,0.0,,76.0,66.8,76.0,2,0,,1,1.6,3.0,3.0,0.0,0.0,-1.9,0.0,3.0,6.0,0.0,0.0,1.0,3.0,,,0.0,,,,,,,,,,,,,,,,,,
아즈제디네 오이나히,모로코,모로코,MF,26,2000,지로나,6,5,435.0,4.8,2.0,0.0,2.0,2.0,0.0,0.0,1.0,0.0,0.41,0.0,0.41,0.41,0.41,5.0,3.0,60.0,1.03,0.62,0.4,0.67,73.0,76.3,83.0,1,1,21.0,0,1.83,6.0,4.0,2.0,0.41,-0.92,0.0,3.0,7.0,0.0,4.0,1.0,1.0,,,0.0,,,,,,,,,,,,,,,,,,
비랄 엘 칸노이스스,모로코,모로코,"MF,FW",22,2004,슈투트가르트,6,6,461.0,5.1,0.0,0.0,0.0,0.0,0.0,0.0,1.0,0.0,0.0,0.0,0.0,0.0,0.0,6.0,4.0,66.7,1.17,0.78,0.0,0.0,77.0,80.9,77.0,1,0,,0,1.83,7.0,5.0,2.0,0.39,-1.26,0.0,5.0,6.0,0.0,10.0,1.0,7.0,,,0.0,,,,,,,,,,,,,,,,,,
브라힘 디즈,모로코,모로코,MF,26,1999,레알 마드리드,6,6,457.0,5.1,0.0,4.0,4.0,0.0,0.0,0.0,0.0,0.0,0.0,0.79,0.79,0.0,0.79,6.0,1.0,16.7,1.18,0.2,0.0,0.0,76.0,80.2,76.0,1,0,,0,1.83,7.0,6.0,1.0,0.2,-2.19,0.0,3.0,10.0,0.0,8.0,4.0,2.0,,,0.0,,,,,,,,,,,,,,,,,,
차디 리드,모로코,모로코,DF,22,2003,크리스탈 팰리스,4,4,344.0,3.8,0.0,1.0,1.0,0.0,0.0,0.0,0.0,0.0,0.0,0.26,0.26,0.0,0.26,1.0,0.0,0.0,0.26,0.0,0.0,,86.0,60.4,86.0,3,0,,2,2.0,6.0,4.0,2.0,0.52,-0.27,0.0,0.0,1.0,0.0,0.0,4.0,1.0,,,0.0,,,,,,,,,,,,,,,,,,
체므스디네 탈비,모로코,모로코,MF,21,2005,선덜랜드,5,1,179.0,2.0,0.0,1.0,1.0,0.0,0.0,0.0,0.0,0.0,0.0,0.5,0.5,0.0,0.5,2.0,0.0,0.0,1.01,0.0,0.0,,36.0,31.4,84.0,0,4,24.0,1,1.6,3.0,2.0,1.0,0.5,-0.19,0.0,0.0,1.0,0.0,9.0,2.0,2.0,,,0.0,,,,,,,,,,,,,,,,,,
게스시메 이스시네,모로코,모로코,MF,20,2005,스트라스부르,3,0,80.0,0.9,1.0,0.0,1.0,1.0,0.0,0.0,0.0,0.0,1.13,0.0,1.13,1.13,1.13,2.0,1.0,50.0,2.25,1.13,0.5,1.0,27.0,14.0,,0,3,27.0,3,1.33,3.0,0.0,3.0,3.38,3.19,0.0,2.0,3.0,0.0,1.0,1.0,2.0,,,0.0,,,,,,,,,,,,,,,,,,
이스말 사이바리,모로코,모로코,FW,25,2001,PSV 에인트호번,5,5,381.0,4.2,3.0,0.0,3.0,3.0,0.0,0.0,0.0,0.0,0.71,0.0,0.71,0.71,0.71,10.0,3.0,30.0,2.36,0.71,0.3,1.0,76.0,66.8,76.0,1,0,,1,2.2,5.0,4.0,1.0,0.24,-1.19,0.0,8.0,3.0,3.0,5.0,0.0,2.0,,,0.0,,,,,,,,,,,,,,,,,,
이스사 딥,모로코,모로코,DF,29,1997,풀럼,5,5,476.0,5.3,1.0,0.0,1.0,1.0,0.0,0.0,3.0,0.0,0.19,0.0,0.19,0.19,0.19,1.0,1.0,100.0,0.19,0.19,1.0,1.0,95.0,83.5,95.0,4,0,,1,1.6,5.0,4.0,1.0,0.19,-2.68,0.0,4.0,1.0,0.0,0.0,7.0,1.0,,,0.0,,,,,,,,,,,,,,,,,,
말아네 사다네,모로코,모로코,"DF,MF",34,1992,알파테,1,0,4.0,0.0,0.0,0.0,0.0,0.0,0.0,0.0,0.0,0.0,0.0,0.0,0.0,0.0,0.0,0.0,0.0,,0.0,0.0,,,4.0,0.7,,0,1,4.0,5,3.0,1.0,0.0,1.0,22.5,22.02,0.0,0.0,1.0,0.0,0.0,0.0,0.0,,,0.0,,,,,,,,,,,,,,,,,,
무닐,모로코,모로코,GK,37,1989,,0,0,,,,,,,,,,,,,,,,,,,,,,,,,,0,0,,6,,,,,,,,,,,,,,,,,,,,,,,,,,,,,,,,,,
넬 엘 에이나,모로코,모로코,MF,24,2001,AS 로마,6,6,562.0,6.2,0.0,0.0,0.0,0.0,0.0,0.0,0.0,0.0,0.0,0.0,0.0,0.0,0.0,7.0,2.0,28.6,1.12,0.32,0.0,0.0,94.0,98.6,94.0,5,0,,0,1.83,9.0,6.0,3.0,0.48,-10.77,0.0,15.0,7.0,0.0,0.0,8.0,9.0,,,0.0,,,,,,,,,,,,,,,,,,
노이스살이 마즈라,모로코,모로코,DF,28,1997,맨체스터 유나이티드,6,5,477.0,5.3,0.0,0.0,0.0,0.0,0.0,0.0,0.0,0.0,0.0,0.0,0.0,0.0,0.0,0.0,0.0,,0.0,0.0,,,80.0,83.7,94.0,4,1,8.0,0,1.83,7.0,4.0,3.0,0.57,-0.4,0.0,4.0,6.0,0.0,3.0,2.0,8.0,,,0.0,,,,,,,,,,,,,,,,,,
레도네 할할,모로코,모로코,DF,23,2003,메헬런,2,2,180.0,2.0,0.0,0.0,0.0,0.0,0.0,0.0,1.0,0.0,0.0,0.0,0.0,0.0,0.0,0.0,0.0,,0.0,0.0,,,90.0,31.6,90.0,2,0,,4,3.0,7.0,2.0,5.0,2.5,2.73,0.0,3.0,5.0,1.0,0.0,1.0,1.0,,,0.0,,,,,,,,,,,,,,,,,,
사밀 엘 모이라베트,모로코,모로코,MF,20,2005,스트라스부르,5,0,81.0,0.9,0.0,0.0,0.0,0.0,0.0,0.0,0.0,0.0,0.0,0.0,0.0,0.0,0.0,0.0,0.0,,0.0,0.0,,,16.0,14.2,,0,5,16.0,1,2.2,3.0,0.0,3.0,3.33,3.15,0.0,0.0,1.0,0.0,1.0,1.0,1.0,,,0.0,,,,,,,,,,,,,,,,,,
소핀 암라바트,모로코,모로코,MF,29,1996,레알 베티스,3,1,147.0,1.6,0.0,0.0,0.0,0.0,0.0,0.0,0.0,0.0,0.0,0.0,0.0,0.0,0.0,0.0,0.0,,0.0,0.0,,,49.0,25.8,90.0,1,2,29.0,3,2.0,6.0,3.0,3.0,1.84,1.62,0.0,4.0,2.0,0.0,0.0,2.0,1.0,,,0.0,,,,,,,,,,,,,,,,,,
소이피네 라히미,모로코,모로코,FW,30,1996,,6,0,163.0,1.8,2.0,1.0,3.0,2.0,0.0,0.0,0.0,0.0,1.1,0.55,1.66,1.1,1.66,6.0,4.0,66.7,3.31,2.21,0.33,0.5,27.0,28.6,,0,6,27.0,0,1.83,6.0,1.0,5.0,2.76,2.98,0.0,5.0,6.0,2.0,1.0,0.0,2.0,,,0.0,,,,,,,,,,,,,,,,,,
이스시네 보이노이,모로코,모로코,GK,35,1991,알힐랄,6,6,570.0,6.3,0.0,0.0,0.0,0.0,0.0,0.0,0.0,0.0,0.0,0.0,0.0,0.0,0.0,0.0,0.0,,0.0,0.0,,,95.0,100.0,95.0,6,0,,0,1.83,10.0,6.0,4.0,0.63,,0.0,0.0,4.0,0.0,0.0,0.0,0.0,,,1.0,6.0,6.0,570.0,6.0,0.95,20.0,14.0,70.0,3.0,2.0,1.0,2.0,33.3,1.0,0.0,1.0,0.0,100.0
이스세프 베람마리,모로코,모로코,DF,27,1998,,0,0,,,,,,,,,,,,,,,,,,,,,,,,,,0,0,,6,,,,,,,,,,,,,,,,,,,,,,,,,,,,,,,,,,
자카리 엘 오디,모로코,모로코,"DF,MF",24,2001,헹크,1,0,17.0,0.2,0.0,0.0,0.0,0.0,0.0,0.0,0.0,0.0,0.0,0.0,0.0,0.0,0.0,0.0,0.0,,0.0,0.0,,,17.0,3.0,,0,1,17.0,5,0.0,0.0,0.0,0.0,0.0,-0.65,0.0,1.0,1.0,0.0,0.0,0.0,0.0,,,0.0,,,,,,,,,,,,,,,,,,
바르트 벱르룩겐,네덜란드,네덜란드,GK,23,2002,브라이턴,4,4,390.0,4.3,0.0,0.0,0.0,0.0,0.0,0.0,0.0,0.0,0.0,0.0,0.0,0.0,0.0,0.0,0.0,,0.0,0.0,,,98.0,100.0,98.0,4,0,,0,2.0,11.0,5.0,6.0,1.38,,0.0,0.0,0.0,0.0,0.0,0.0,0.0,,,0.0,4.0,4.0,390.0,5.0,1.15,21.0,16.0,76.2,2.0,2.0,0.0,0.0,0.0,0.0,0.0,0.0,0.0,
브린 브롭베이,네덜란드,네덜란드,FW,24,2002,선덜랜드,4,3,223.0,2.5,3.0,0.0,3.0,3.0,0.0,0.0,0.0,0.0,1.21,0.0,1.21,1.21,1.21,4.0,3.0,75.0,1.61,1.21,0.75,1.0,56.0,57.2,72.0,0,1,6.0,0,2.0,7.0,3.0,4.0,1.61,0.54,0.0,4.0,3.0,2.0,1.0,0.0,1.0,,,0.0,,,,,,,,,,,,,,,,,,
코디 각포,네덜란드,네덜란드,FW,27,1999,리버풀,4,4,368.0,4.1,3.0,1.0,4.0,3.0,0.0,0.0,0.0,0.0,0.73,0.24,0.98,0.73,0.98,10.0,6.0,60.0,2.45,1.47,0.3,0.5,92.0,94.4,92.0,0,0,,0,2.0,11.0,4.0,7.0,1.71,5.8,0.0,3.0,3.0,3.0,12.0,2.0,1.0,,,0.0,,,,,,,,,,,,,,,,,,
크리센키 숨멜빌레,네덜란드,네덜란드,FW,24,2001,웨스트햄,4,2,253.0,2.8,2.0,2.0,4.0,2.0,0.0,0.0,1.0,0.0,0.71,0.71,1.42,0.71,1.42,2.0,2.0,100.0,0.71,0.71,1.0,1.0,63.0,64.9,95.0,1,2,32.0,0,2.0,6.0,3.0,3.0,1.07,-0.9,0.0,2.0,5.0,1.0,7.0,2.0,2.0,,,0.0,,,,,,,,,,,,,,,,,,
덴젤 두므프리스,네덜란드,네덜란드,"DF,MF",30,1996,인터 밀란,4,4,390.0,4.3,0.0,2.0,2.0,0.0,0.0,0.0,0.0,0.0,0.0,0.46,0.46,0.0,0.46,5.0,2.0,40.0,1.15,0.46,0.0,0.0,98.0,100.0,98.0,4,0,,0,2.0,11.0,5.0,6.0,1.38,,0.0,6.0,3.0,1.0,16.0,1.0,6.0,,,0.0,,,,,,,,,,,,,,,,,,
도닐르 마렌,네덜란드,네덜란드,FW,27,1999,AS 로마,3,3,185.0,2.1,0.0,0.0,0.0,0.0,0.0,0.0,0.0,0.0,0.0,0.0,0.0,0.0,0.0,4.0,2.0,50.0,1.95,0.97,0.0,0.0,62.0,47.4,62.0,0,0,,1,2.33,7.0,2.0,5.0,2.43,1.99,0.0,0.0,2.0,0.0,5.0,0.0,0.0,,,0.0,,,,,,,,,,,,,,,,,,
프렌키 데 종,네덜란드,네덜란드,MF,29,1997,바르셀로나,4,4,328.0,3.6,0.0,0.0,0.0,0.0,0.0,0.0,0.0,0.0,0.0,0.0,0.0,0.0,0.0,1.0,0.0,0.0,0.27,0.0,0.0,,82.0,84.1,82.0,1,0,,0,2.0,10.0,5.0,5.0,1.37,-0.08,0.0,6.0,6.0,0.0,1.0,8.0,7.0,,,0.0,,,,,,,,,,,,,,,,,,
구스 틸,네덜란드,네덜란드,"FW,MF",28,1997,PSV 에인트호번,1,0,32.0,0.4,0.0,0.0,0.0,0.0,0.0,0.0,0.0,0.0,0.0,0.0,0.0,0.0,0.0,0.0,0.0,,0.0,0.0,,,32.0,8.2,,0,1,32.0,3,3.0,1.0,0.0,1.0,2.81,1.56,0.0,0.0,0.0,0.0,0.0,0.0,0.0,,,0.0,,,,,,,,,,,,,,,,,,
잔 폴 반 헤크케,네덜란드,네덜란드,DF,26,2000,브라이턴,4,4,390.0,4.3,1.0,0.0,1.0,1.0,0.0,0.0,0.0,0.0,0.23,0.0,0.23,0.23,0.23,3.0,2.0,66.7,0.69,0.46,0.33,0.5,98.0,100.0,98.0,4,0,,0,2.0,11.0,5.0,6.0,1.38,,0.0,4.0,2.0,0.0,1.0,4.0,3.0,,,0.0,,,,,,,,,,,,,,,,,,
졸렐 하토,네덜란드,네덜란드,DF,20,2006,첼시,1,0,35.0,0.4,0.0,0.0,0.0,0.0,0.0,0.0,0.0,0.0,0.0,0.0,0.0,0.0,0.0,0.0,0.0,,0.0,0.0,,,35.0,9.0,,0,1,35.0,3,1.0,0.0,1.0,-1.0,-2.57,-4.35,0.0,0.0,0.0,0.0,1.0,0.0,0.0,,,0.0,,,,,,,,,,,,,,,,,,
주스틴 크루베르트,네덜란드,네덜란드,"FW,MF",27,1999,본머스,2,0,27.0,0.3,0.0,0.0,0.0,0.0,0.0,0.0,0.0,0.0,0.0,0.0,0.0,0.0,0.0,0.0,0.0,,0.0,0.0,,,14.0,6.9,,0,2,14.0,2,2.0,0.0,0.0,0.0,0.0,-1.49,0.0,0.0,2.0,0.0,1.0,0.0,0.0,,,0.0,,,,,,,,,,,,,,,,,,
루트스하렐 기르트루다,네덜란드,네덜란드,DF,25,2000,,0,0,,,,,,,,,,,,,,,,,,,,,,,,,,0,0,,4,,,,,,,,,,,,,,,,,,,,,,,,,,,,,,,,,,
막르 프렉켄,네덜란드,네덜란드,GK,33,1993,,0,0,,,,,,,,,,,,,,,,,,,,,,,,,,0,0,,4,,,,,,,,,,,,,,,,,,,,,,,,,,,,,,,,,,
말텐 데 룬,네덜란드,네덜란드,"DF,MF",35,1991,아탈란타,1,0,11.0,0.1,0.0,0.0,0.0,0.0,0.0,0.0,0.0,0.0,0.0,0.0,0.0,0.0,0.0,0.0,0.0,,0.0,0.0,,,11.0,2.8,,0,1,11.0,3,1.0,0.0,0.0,0.0,0.0,-1.42,0.0,0.0,0.0,0.0,0.0,0.0,0.0,,,0.0,,,,,,,,,,,,,,,,,,
마트스 이프펠,네덜란드,네덜란드,"DF,MF",26,1999,,0,0,,,,,,,,,,,,,,,,,,,,,,,,,,0,0,,4,,,,,,,,,,,,,,,,,,,,,,,,,,,,,,,,,,
멥므히스,네덜란드,네덜란드,"FW,MF",32,1994,코린치안스,3,0,54.0,0.6,0.0,1.0,1.0,0.0,0.0,0.0,1.0,0.0,0.0,1.67,1.67,0.0,1.67,0.0,0.0,,0.0,0.0,,,18.0,13.8,,0,3,18.0,1,2.33,1.0,1.0,0.0,0.0,-1.61,0.0,1.0,1.0,0.0,1.0,0.0,0.0,,,0.0,,,,,,,,,,,,,,,,,,
미크키 반 데 벤,네덜란드,네덜란드,"DF,MF",25,2001,토트넘 홋스퍼,3,3,265.0,2.9,0.0,0.0,0.0,0.0,0.0,0.0,1.0,0.0,0.0,0.0,0.0,0.0,0.0,3.0,1.0,33.3,1.02,0.34,0.0,0.0,88.0,67.9,88.0,2,0,,1,1.67,8.0,3.0,5.0,1.7,0.98,0.0,5.0,1.0,0.0,2.0,2.0,3.0,,,0.0,,,,,,,,,,,,,,,,,,
나트한 아케,네덜란드,네덜란드,DF,31,1995,맨체스터 시티,3,2,170.0,1.9,0.0,0.0,0.0,0.0,0.0,0.0,0.0,0.0,0.0,0.0,0.0,0.0,0.0,1.0,0.0,0.0,0.53,0.0,0.0,,57.0,43.6,80.0,1,1,10.0,1,1.67,3.0,2.0,1.0,0.53,-1.52,0.0,2.0,2.0,0.0,1.0,4.0,0.0,,,0.0,,,,,,,,,,,,,,,,,,
노 랑,네덜란드,네덜란드,"FW,MF",26,1999,갈라타사라이,2,0,8.0,0.1,0.0,0.0,0.0,0.0,0.0,0.0,0.0,0.0,0.0,0.0,0.0,0.0,0.0,0.0,0.0,,0.0,0.0,,,4.0,2.1,,0,2,4.0,2,3.0,0.0,0.0,0.0,0.0,-1.41,0.0,0.0,1.0,0.0,0.0,0.0,0.0,,,0.0,,,,,,,,,,,,,,,,,,
쿤텐 팀벨,네덜란드,네덜란드,MF,24,2001,마르세유,2,0,55.0,0.6,0.0,0.0,0.0,0.0,0.0,0.0,0.0,0.0,0.0,0.0,0.0,0.0,0.0,0.0,0.0,,0.0,0.0,,,28.0,14.1,,0,2,28.0,1,1.0,0.0,2.0,-2.0,-3.27,-5.42,0.0,0.0,2.0,0.0,1.0,1.0,0.0,,,0.0,,,,,,,,,,,,,,,,,,
로빈 뢰프스,네덜란드,네덜란드,GK,23,2003,,0,0,,,,,,,,,,,,,,,,,,,,,,,,,,0,0,,4,,,,,,,,,,,,,,,,,,,,,,,,,,,,,,,,,,
린 그라벤베르크,네덜란드,네덜란드,MF,24,2002,리버풀,4,4,345.0,3.8,0.0,2.0,2.0,0.0,0.0,0.0,0.0,0.0,0.0,0.52,0.52,0.0,0.52,5.0,0.0,0.0,1.3,0.0,0.0,,86.0,88.5,86.0,2,0,,0,2.0,11.0,3.0,8.0,2.09,6.09,0.0,5.0,3.0,0.0,4.0,6.0,1.0,,,0.0,,,,,,,,,,,,,,,,,,
튼 쿱메네르스,네덜란드,네덜란드,"DF,MF",28,1998,유벤투스,4,0,122.0,1.4,0.0,0.0,0.0,0.0,0.0,0.0,0.0,0.0,0.0,0.0,0.0,0.0,0.0,2.0,0.0,0.0,1.48,0.0,0.0,,31.0,31.3,,0,4,31.0,0,2.0,2.0,2.0,0.0,0.0,-2.01,0.0,3.0,0.0,0.0,5.0,1.0,1.0,,,0.0,,,,,,,,,,,,,,,,,,
티즈자니 렌즈데르스,네덜란드,네덜란드,MF,27,1998,맨체스터 시티,3,3,199.0,2.2,0.0,1.0,1.0,0.0,0.0,0.0,0.0,0.0,0.0,0.45,0.45,0.0,0.45,4.0,2.0,50.0,1.81,0.9,0.0,0.0,66.0,51.0,66.0,0,0,,1,2.33,9.0,3.0,6.0,2.71,2.71,0.0,0.0,3.0,1.0,15.0,2.0,0.0,,,0.0,,,,,,,,,,,,,,,,,,
빌길 반 딕즈,네덜란드,네덜란드,DF,34,1991,리버풀,4,4,390.0,4.3,1.0,1.0,2.0,1.0,0.0,0.0,0.0,0.0,0.23,0.23,0.46,0.23,0.46,2.0,2.0,100.0,0.46,0.46,0.5,0.5,98.0,100.0,98.0,4,0,,0,2.0,11.0,5.0,6.0,1.38,,0.0,2.0,2.0,0.0,0.0,3.0,1.0,,,0.0,,,,,,,,,,,,,,,,,,
오이트 엑호르스트,네덜란드,네덜란드,FW,33,1992,아약스,1,0,50.0,0.6,0.0,0.0,0.0,0.0,0.0,0.0,0.0,0.0,0.0,0.0,0.0,0.0,0.0,0.0,0.0,,0.0,0.0,,,50.0,12.8,,0,1,50.0,3,1.0,1.0,1.0,0.0,0.0,-1.59,0.0,1.0,2.0,0.0,0.0,0.0,1.0,,,0.0,,,,,,,,,,,,,,,,,,
아레스 폴센,뉴질랜드,뉴질랜드,GK,23,2002,,0,0,,,,,,,,,,,,,,,,,,,,,,,,,,0,0,,3,,,,,,,,,,,,,,,,,,,,,,,,,,,,,,,,,,
아레스 루펠,뉴질랜드,뉴질랜드,MF,30,1996,,0,0,,,,,,,,,,,,,,,,,,,,,,,,,,0,0,,3,,,,,,,,,,,,,,,,,,,,,,,,,,,,,,,,,,
벤 오르드,뉴질랜드,뉴질랜드,MF,23,2002,생테티엔,3,0,93.0,1.0,0.0,0.0,0.0,0.0,0.0,0.0,0.0,0.0,0.0,0.0,0.0,0.0,0.0,0.0,0.0,,0.0,0.0,,,31.0,34.4,,0,3,31.0,0,0.33,1.0,6.0,-5.0,-4.84,-4.33,0.0,0.0,1.0,0.0,1.0,1.0,0.0,,,0.0,,,,,,,,,,,,,,,,,,
벤 아이네,뉴질랜드,뉴질랜드,FW,25,2001,,0,0,,,,,,,,,,,,,,,,,,,,,,,,,,0,0,,3,,,,,,,,,,,,,,,,,,,,,,,,,,,,,,,,,,
칼란 엘리트,뉴질랜드,뉴질랜드,DF,26,1999,오클랜드 FC,1,0,13.0,0.1,0.0,0.0,0.0,0.0,0.0,0.0,0.0,0.0,0.0,0.0,0.0,0.0,0.0,0.0,0.0,,0.0,0.0,,,13.0,4.8,,0,1,13.0,2,1.0,0.0,0.0,0.0,0.0,2.1,0.0,0.0,0.0,0.0,0.0,0.0,1.0,,,0.0,,,,,,,,,,,,,,,,,,
칼룸 므크코아트트,뉴질랜드,뉴질랜드,MF,27,1999,실케보르,3,2,159.0,1.8,0.0,0.0,0.0,0.0,0.0,0.0,1.0,0.0,0.0,0.0,0.0,0.0,0.0,4.0,3.0,75.0,2.26,1.7,0.0,0.0,53.0,58.9,66.0,0,1,27.0,0,0.33,4.0,6.0,-2.0,-1.13,2.11,0.0,4.0,1.0,0.0,3.0,1.0,1.0,,,0.0,,,,,,,,,,,,,,,,,,
크흐리스 우드,뉴질랜드,뉴질랜드,FW,34,1991,노팅엄 포레스트,3,3,270.0,3.0,0.0,2.0,2.0,0.0,0.0,0.0,0.0,0.0,0.0,0.67,0.67,0.0,0.67,5.0,2.0,40.0,1.67,0.67,0.0,0.0,90.0,100.0,90.0,3,0,,0,0.33,4.0,10.0,-6.0,-2.0,,0.0,2.0,1.0,4.0,0.0,0.0,1.0,,,0.0,,,,,,,,,,,,,,,,,,
에리자 주스트,뉴질랜드,뉴질랜드,MF,26,2000,마더웰,3,3,264.0,2.9,3.0,0.0,3.0,3.0,0.0,0.0,1.0,0.0,1.02,0.0,1.02,1.02,1.02,7.0,5.0,71.4,2.39,1.7,0.43,0.6,88.0,97.8,88.0,2,0,,0,0.33,4.0,10.0,-6.0,-2.05,-2.05,0.0,3.0,2.0,0.0,2.0,2.0,3.0,,,0.0,,,,,,,,,,,,,,,,,,
핀느 술만,뉴질랜드,뉴질랜드,DF,22,2003,포틀랜드 팀버스,3,3,270.0,3.0,1.0,0.0,1.0,1.0,0.0,0.0,0.0,0.0,0.33,0.0,0.33,0.33,0.33,2.0,1.0,50.0,0.67,0.33,0.5,1.0,90.0,100.0,90.0,3,0,,0,0.33,4.0,10.0,-6.0,-2.0,,0.0,4.0,2.0,0.0,0.0,4.0,1.0,,,0.0,,,,,,,,,,,,,,,,,,
프란키스 데 브리스,뉴질랜드,뉴질랜드,DF,31,1994,오클랜드 FC,2,0,18.0,0.2,0.0,0.0,0.0,0.0,0.0,0.0,0.0,0.0,0.0,0.0,0.0,0.0,0.0,0.0,0.0,,0.0,0.0,,,9.0,6.7,,0,2,9.0,1,0.0,1.0,2.0,-1.0,-5.0,-3.21,0.0,0.0,0.0,0.0,3.0,1.0,0.0,,,0.0,,,,,,,,,,,,,,,,,,
제스세 란달르,뉴질랜드,뉴질랜드,MF,23,2002,오클랜드 FC,3,0,61.0,0.7,0.0,0.0,0.0,0.0,0.0,0.0,0.0,0.0,0.0,0.0,0.0,0.0,0.0,1.0,0.0,0.0,1.48,0.0,0.0,,20.0,22.6,,0,3,20.0,0,0.33,1.0,5.0,-4.0,-5.9,-5.04,0.0,0.0,1.0,0.0,5.0,0.0,0.0,,,0.0,,,,,,,,,,,,,,,,,,
죄 벨르,뉴질랜드,뉴질랜드,MF,27,1999,비킹,3,3,243.0,2.7,0.0,0.0,0.0,0.0,0.0,0.0,0.0,0.0,0.0,0.0,0.0,0.0,0.0,1.0,0.0,0.0,0.37,0.0,0.0,,81.0,90.0,81.0,2,0,,0,0.33,3.0,7.0,-4.0,-1.48,5.19,0.0,3.0,0.0,0.0,0.0,4.0,2.0,,,0.0,,,,,,,,,,,,,,,,,,
코스타 발바로이세스,뉴질랜드,뉴질랜드,"FW,MF",36,1990,,0,0,,,,,,,,,,,,,,,,,,,,,,,,,,0,0,,3,,,,,,,,,,,,,,,,,,,,,,,,,,,,,,,,,,
라치란 베이리스스,뉴질랜드,뉴질랜드,MF,23,2002,,0,0,,,,,,,,,,,,,,,,,,,,,,,,,,0,0,,3,,,,,,,,,,,,,,,,,,,,,,,,,,,,,,,,,,
리베라토 카카케,뉴질랜드,뉴질랜드,DF,25,2000,렉섬,3,3,220.0,2.4,0.0,0.0,0.0,0.0,0.0,0.0,0.0,0.0,0.0,0.0,0.0,0.0,0.0,1.0,1.0,100.0,0.41,0.41,0.0,0.0,73.0,81.5,73.0,0,0,,0,0.33,3.0,7.0,-4.0,-1.64,1.96,0.0,1.0,5.0,0.0,8.0,3.0,2.0,,,0.0,,,,,,,,,,,,,,,,,,
로간 로겔손,뉴질랜드,뉴질랜드,"FW,MF",28,1998,,0,0,,,,,,,,,,,,,,,,,,,,,,,,,,0,0,,2,,,,,,,,,,,,,,,,,,,,,,,,,,,,,,,,,,
말코 스타메니크,뉴질랜드,뉴질랜드,MF,24,2002,스완지 시티,3,3,269.0,3.0,0.0,0.0,0.0,0.0,0.0,0.0,1.0,0.0,0.0,0.0,0.0,0.0,0.0,3.0,0.0,0.0,1.0,0.0,0.0,,90.0,99.6,90.0,2,0,,0,0.33,4.0,10.0,-6.0,-2.01,-2.01,0.0,4.0,0.0,0.0,1.0,4.0,1.0,,,0.0,,,,,,,,,,,,,,,,,,
마스 크로콤베,뉴질랜드,뉴질랜드,GK,32,1993,밀월,3,3,270.0,3.0,0.0,0.0,0.0,0.0,0.0,0.0,0.0,0.0,0.0,0.0,0.0,0.0,0.0,0.0,0.0,,0.0,0.0,,,90.0,100.0,90.0,3,0,,0,0.33,4.0,10.0,-6.0,-2.0,,0.0,0.0,1.0,0.0,0.0,0.0,0.0,,,0.0,3.0,3.0,270.0,10.0,3.33,21.0,11.0,52.4,0.0,1.0,2.0,0.0,0.0,0.0,0.0,0.0,0.0,
미크할 보크살르,뉴질랜드,뉴질랜드,DF,37,1988,미네소타 유나이티드,3,2,207.0,2.3,0.0,0.0,0.0,0.0,0.0,0.0,0.0,0.0,0.0,0.0,0.0,0.0,0.0,0.0,0.0,,0.0,0.0,,,69.0,76.7,90.0,2,1,27.0,0,0.33,4.0,8.0,-4.0,-1.74,1.12,0.0,2.0,2.0,0.0,1.0,2.0,1.0,,,0.0,,,,,,,,,,,,,,,,,,
미크할 오이드,뉴질랜드,뉴질랜드,GK,27,1999,,0,0,,,,,,,,,,,,,,,,,,,,,,,,,,0,0,,3,,,,,,,,,,,,,,,,,,,,,,,,,,,,,,,,,,
난도 피즈나켈,뉴질랜드,뉴질랜드,DF,27,1999,,0,0,,,,,,,,,,,,,,,,,,,,,,,,,,0,0,,3,,,,,,,,,,,,,,,,,,,,,,,,,,,,,,,,,,
린 소마스,뉴질랜드,뉴질랜드,MF,31,1994,즈볼레,3,1,83.0,0.9,0.0,0.0,0.0,0.0,0.0,0.0,0.0,0.0,0.0,0.0,0.0,0.0,0.0,0.0,0.0,,0.0,0.0,,,28.0,30.7,45.0,0,2,19.0,0,0.33,0.0,2.0,-2.0,-2.17,-0.24,0.0,3.0,3.0,0.0,1.0,0.0,2.0,,,0.0,,,,,,,,,,,,,,,,,,
삽르리트 시느그,뉴질랜드,뉴질랜드,MF,27,1999,웰링턴 피닉스,3,3,209.0,2.3,0.0,0.0,0.0,0.0,0.0,0.0,1.0,0.0,0.0,0.0,0.0,0.0,0.0,4.0,2.0,50.0,1.72,0.86,0.0,0.0,70.0,77.4,70.0,0,0,,0,0.33,3.0,5.0,-2.0,-0.86,5.04,0.0,2.0,2.0,0.0,7.0,0.0,1.0,,,0.0,,,,,,,,,,,,,,,,,,
팀 페이네,뉴질랜드,뉴질랜드,DF,32,1994,웰링턴 피닉스,3,3,224.0,2.5,0.0,1.0,1.0,0.0,0.0,0.0,0.0,0.0,0.0,0.4,0.4,0.0,0.4,1.0,0.0,0.0,0.4,0.0,0.0,,75.0,83.0,75.0,0,0,,0,0.33,3.0,7.0,-4.0,-1.61,2.31,0.0,2.0,2.0,0.0,10.0,1.0,3.0,,,0.0,,,,,,,,,,,,,,,,,,
톰미 스미트,뉴질랜드,뉴질랜드,DF,36,1990,,0,0,,,,,,,,,,,,,,,,,,,,,,,,,,0,0,,3,,,,,,,,,,,,,,,,,,,,,,,,,,,,,,,,,,
티렐 빈돈,뉴질랜드,뉴질랜드,DF,21,2005,셰필드 유나이티드,3,1,97.0,1.1,0.0,0.0,0.0,0.0,0.0,0.0,0.0,0.0,0.0,0.0,0.0,0.0,0.0,2.0,1.0,50.0,1.86,0.93,0.0,0.0,32.0,35.9,90.0,1,2,4.0,0,0.33,1.0,5.0,-4.0,-3.71,-2.67,0.0,2.0,1.0,0.0,2.0,1.0,2.0,,,0.0,,,,,,,,,,,,,,,,,,
아레크산델 스르로트,노르웨이,노르웨이,FW,30,1995,아틀레티코 마드리드,5,5,337.0,3.7,0.0,0.0,0.0,0.0,0.0,0.0,0.0,0.0,0.0,0.0,0.0,0.0,0.0,5.0,0.0,0.0,1.34,0.0,0.0,,67.0,59.1,67.0,0,0,,1,2.4,7.0,3.0,4.0,1.07,1.84,0.0,6.0,2.0,2.0,5.0,0.0,1.0,,,0.0,,,,,,,,,,,,,,,,,,
아느드리스 스크흐젤데룹,노르웨이,노르웨이,FW,22,2004,벤피카,6,2,252.0,2.8,1.0,3.0,4.0,1.0,0.0,0.0,0.0,0.0,0.36,1.07,1.43,0.36,1.43,3.0,2.0,66.7,1.07,0.71,0.33,0.5,42.0,44.2,75.0,0,4,26.0,0,2.0,7.0,7.0,0.0,0.0,-0.57,0.0,2.0,3.0,0.0,4.0,5.0,3.0,,,0.0,,,,,,,,,,,,,,,,,,
안토니 누사,노르웨이,노르웨이,FW,21,2005,라이프치히,6,4,318.0,3.5,1.0,0.0,1.0,1.0,0.0,0.0,1.0,0.0,0.28,0.0,0.28,0.28,0.28,6.0,2.0,33.3,1.7,0.57,0.17,0.5,53.0,55.8,64.0,0,2,31.0,0,2.0,6.0,4.0,2.0,0.57,0.57,0.0,1.0,5.0,2.0,7.0,2.0,2.0,,,0.0,,,,,,,,,,,,,,,,,,
다비드 므르렐 올페,노르웨이,노르웨이,DF,24,2002,울버햄튼,5,5,430.0,4.8,0.0,1.0,1.0,0.0,0.0,0.0,0.0,0.0,0.0,0.21,0.21,0.0,0.21,0.0,0.0,,0.0,0.0,,,86.0,75.4,86.0,2,0,,1,2.4,10.0,5.0,5.0,1.05,2.98,0.0,7.0,2.0,0.0,5.0,3.0,3.0,,,0.0,,,,,,,,,,,,,,,,,,
에길 셀빅,노르웨이,노르웨이,GK,28,1997,왓퍼드,1,1,90.0,1.0,0.0,0.0,0.0,0.0,0.0,0.0,0.0,0.0,0.0,0.0,0.0,0.0,0.0,0.0,0.0,,0.0,0.0,,,90.0,15.8,90.0,1,0,,5,0.0,1.0,4.0,-3.0,-3.0,-3.94,0.0,0.0,0.0,0.0,0.0,0.0,0.0,,,0.0,1.0,1.0,90.0,4.0,4.0,9.0,5.0,55.6,0.0,0.0,1.0,0.0,0.0,0.0,0.0,0.0,0.0,
엘링 홀란,노르웨이,노르웨이,FW,25,2000,맨체스터 시티,5,5,465.0,5.2,7.0,0.0,7.0,7.0,0.0,0.0,0.0,0.0,1.35,0.0,1.35,1.35,1.35,20.0,13.0,65.0,3.87,2.52,0.35,0.54,93.0,81.6,93.0,4,0,,1,2.4,12.0,7.0,5.0,0.97,3.54,0.0,5.0,3.0,0.0,1.0,1.0,0.0,,,0.0,,,,,,,,,,,,,,,,,,
프레드릭 아느드레 브즈르칸,노르웨이,노르웨이,DF,27,1998,보되 글림트,1,1,45.0,0.5,0.0,0.0,0.0,0.0,0.0,0.0,0.0,0.0,0.0,0.0,0.0,0.0,0.0,0.0,0.0,,0.0,0.0,,,45.0,7.9,45.0,0,0,,5,0.0,1.0,3.0,-2.0,-4.0,-4.69,0.0,0.0,0.0,0.0,0.0,2.0,1.0,,,0.0,,,,,,,,,,,,,,,,,,
프레드릭 오르스네스,노르웨이,노르웨이,"MF,DF",30,1995,벤피카,6,3,304.0,3.4,0.0,0.0,0.0,0.0,0.0,0.0,0.0,0.0,0.0,0.0,0.0,0.0,0.0,2.0,0.0,0.0,0.59,0.0,0.0,,51.0,53.3,69.0,1,3,32.0,0,2.0,7.0,7.0,0.0,0.0,-0.68,0.0,5.0,3.0,0.0,5.0,1.0,8.0,,,0.0,,,,,,,,,,,,,,,,,,
헨릭 파르크헤넬,노르웨이,노르웨이,DF,23,2003,비킹,1,1,65.0,0.7,0.0,0.0,0.0,0.0,0.0,0.0,0.0,0.0,0.0,0.0,0.0,0.0,0.0,0.0,0.0,,0.0,0.0,,,65.0,11.4,65.0,0,0,,5,0.0,1.0,3.0,-2.0,-2.77,-3.48,0.0,0.0,0.0,0.0,0.0,1.0,0.0,,,0.0,,,,,,,,,,,,,,,,,,
제느스 페트텔 호게,노르웨이,노르웨이,"DF,FW",26,1999,보되 글림트,1,0,8.0,0.1,0.0,0.0,0.0,0.0,0.0,0.0,0.0,0.0,0.0,0.0,0.0,0.0,0.0,0.0,0.0,,0.0,0.0,,,8.0,1.4,,0,1,8.0,5,0.0,0.0,1.0,-1.0,-11.25,-11.73,0.0,0.0,0.0,0.0,0.0,0.0,0.0,,,0.0,,,,,,,,,,,,,,,,,,
주린 릴손,노르웨이,노르웨이,DF,28,1997,도르트문트,4,4,223.0,2.5,0.0,0.0,0.0,0.0,0.0,0.0,0.0,0.0,0.0,0.0,0.0,0.0,0.0,0.0,0.0,,0.0,0.0,,,56.0,39.1,56.0,1,0,,2,2.25,5.0,2.0,3.0,1.21,1.47,0.0,6.0,1.0,0.0,15.0,0.0,8.0,,,0.0,,,,,,,,,,,,,,,,,,
즈르겐 스트라느드 랄센,노르웨이,노르웨이,FW,26,2000,크리스탈 팰리스,2,1,105.0,1.2,0.0,0.0,0.0,0.0,0.0,1.0,0.0,0.0,0.0,0.0,0.0,0.0,0.0,2.0,1.0,50.0,1.71,0.86,0.0,0.0,53.0,18.4,90.0,1,1,15.0,4,0.0,1.0,4.0,-3.0,-2.57,-3.54,0.0,0.0,2.0,1.0,0.0,0.0,0.0,,,0.0,,,,,,,,,,,,,,,,,,
크리스틴 소르스트베드트,노르웨이,노르웨이,MF,27,1999,사수올로,2,1,63.0,0.7,0.0,0.0,0.0,0.0,0.0,0.0,0.0,0.0,0.0,0.0,0.0,0.0,0.0,3.0,1.0,33.3,4.29,1.43,0.0,0.0,32.0,11.1,45.0,0,1,18.0,4,1.5,3.0,3.0,0.0,0.0,-0.36,0.0,2.0,1.0,0.0,0.0,0.0,1.0,,,0.0,,,,,,,,,,,,,,,,,,
크리스토프펠 아젤,노르웨이,노르웨이,DF,28,1998,브렌트포드,5,5,480.0,5.3,0.0,0.0,0.0,0.0,0.0,0.0,1.0,0.0,0.0,0.0,0.0,0.0,0.0,2.0,1.0,50.0,0.37,0.19,0.0,0.0,96.0,84.2,96.0,5,0,,1,2.4,12.0,7.0,5.0,0.94,3.94,0.0,2.0,1.0,0.0,1.0,4.0,8.0,,,0.0,,,,,,,,,,,,,,,,,,
레 스티가르드,노르웨이,노르웨이,DF,26,1999,제노아,5,1,146.0,1.6,1.0,0.0,1.0,1.0,0.0,0.0,0.0,0.0,0.62,0.0,0.62,0.62,0.62,3.0,1.0,33.3,1.85,0.62,0.33,1.0,29.0,25.6,90.0,1,4,14.0,1,1.8,3.0,7.0,-4.0,-2.47,-3.74,0.0,2.0,2.0,0.0,0.0,1.0,3.0,,,0.0,,,,,,,,,,,,,,,,,,
말쿠스 페델센,노르웨이,노르웨이,DF,25,2000,토리노,4,1,236.0,2.6,1.0,0.0,1.0,1.0,0.0,0.0,0.0,0.0,0.38,0.0,0.38,0.38,0.38,1.0,1.0,100.0,0.38,0.38,1.0,1.0,59.0,41.4,82.0,0,3,51.0,1,1.5,4.0,5.0,-1.0,-0.38,-1.19,0.0,3.0,1.0,0.0,6.0,0.0,2.0,,,0.0,,,,,,,,,,,,,,,,,,
말틴 데가르드,노르웨이,노르웨이,MF,27,1998,아스널,5,5,470.0,5.2,0.0,4.0,4.0,0.0,0.0,0.0,0.0,0.0,0.0,0.77,0.77,0.0,0.77,9.0,3.0,33.3,1.72,0.57,0.0,0.0,94.0,82.5,94.0,4,0,,1,2.4,11.0,7.0,4.0,0.77,2.57,0.0,3.0,4.0,0.0,15.0,3.0,4.0,,,0.0,,,,,,,,,,,,,,,,,,
몰텐 소르스비,노르웨이,노르웨이,MF,30,1996,크레모네세,1,0,45.0,0.5,0.0,0.0,0.0,0.0,0.0,0.0,0.0,0.0,0.0,0.0,0.0,0.0,0.0,0.0,0.0,,0.0,0.0,,,45.0,7.9,,0,1,45.0,5,0.0,0.0,1.0,-1.0,-2.0,-2.51,0.0,1.0,0.0,0.0,0.0,1.0,1.0,,,0.0,,,,,,,,,,,,,,,,,,
오스칼 봅브,노르웨이,노르웨이,FW,22,2003,풀럼,6,1,225.0,2.5,0.0,0.0,0.0,0.0,0.0,0.0,0.0,0.0,0.0,0.0,0.0,0.0,0.0,4.0,2.0,50.0,1.6,0.8,0.0,0.0,38.0,39.5,82.0,0,5,29.0,0,2.0,6.0,7.0,-1.0,-0.4,-1.18,0.0,1.0,4.0,0.0,2.0,3.0,3.0,,,0.0,,,,,,,,,,,,,,,,,,
파트릭크 벡르,노르웨이,노르웨이,MF,28,1997,보되 글림트,6,4,445.0,4.9,0.0,2.0,2.0,0.0,0.0,0.0,1.0,0.0,0.0,0.4,0.4,0.0,0.4,3.0,0.0,0.0,0.61,0.0,0.0,,74.0,78.1,98.0,4,2,28.0,0,2.0,9.0,10.0,-1.0,-0.2,-2.36,0.0,4.0,2.0,0.0,11.0,2.0,7.0,,,0.0,,,,,,,,,,,,,,,,,,
산델 벨게,노르웨이,노르웨이,MF,28,1998,풀럼,5,5,480.0,5.3,0.0,0.0,0.0,0.0,0.0,0.0,0.0,0.0,0.0,0.0,0.0,0.0,0.0,0.0,0.0,,0.0,0.0,,,96.0,84.2,96.0,5,0,,1,2.4,12.0,7.0,5.0,0.94,3.94,0.0,6.0,2.0,0.0,1.0,9.0,4.0,,,0.0,,,,,,,,,,,,,,,,,,
산델 탕빅,노르웨이,노르웨이,GK,23,2002,,0,0,,,,,,,,,,,,,,,,,,,,,,,,,,0,0,,6,,,,,,,,,,,,,,,,,,,,,,,,,,,,,,,,,,
소느드레 란가스,노르웨이,노르웨이,DF,25,2001,더비 카운티,1,0,25.0,0.3,0.0,0.0,0.0,0.0,0.0,0.0,0.0,0.0,0.0,0.0,0.0,0.0,0.0,0.0,0.0,,0.0,0.0,,,25.0,4.4,,0,1,25.0,5,0.0,0.0,1.0,-1.0,-3.6,-4.1,0.0,0.0,0.0,0.0,0.0,0.0,0.0,,,0.0,,,,,,,,,,,,,,,,,,
세로 아스가르드,노르웨이,노르웨이,MF,24,2002,레인저스,1,1,90.0,1.0,1.0,0.0,1.0,1.0,0.0,0.0,0.0,0.0,1.0,0.0,1.0,1.0,1.0,2.0,1.0,50.0,2.0,1.0,0.5,1.0,90.0,15.8,90.0,1,0,,5,0.0,1.0,4.0,-3.0,-3.0,-3.94,0.0,0.0,3.0,0.0,0.0,3.0,1.0,,,0.0,,,,,,,,,,,,,,,,,,
톤르브즈르 헥겜,노르웨이,노르웨이,DF,27,1999,볼로냐,5,5,443.0,4.9,0.0,0.0,0.0,0.0,0.0,0.0,0.0,0.0,0.0,0.0,0.0,0.0,0.0,1.0,1.0,100.0,0.2,0.2,0.0,0.0,89.0,77.7,89.0,3,0,,1,2.4,12.0,5.0,7.0,1.42,4.97,0.0,2.0,0.0,0.0,0.0,2.0,7.0,,,0.0,,,,,,,,,,,,,,,,,,
르잔 니라느드,노르웨이,노르웨이,GK,35,1990,세비야,5,5,480.0,5.3,0.0,0.0,0.0,0.0,0.0,0.0,0.0,0.0,0.0,0.0,0.0,0.0,0.0,0.0,0.0,,0.0,0.0,,,96.0,84.2,96.0,5,0,,1,2.4,12.0,7.0,5.0,0.94,3.94,0.0,0.0,0.0,0.0,0.0,1.0,0.0,,,0.0,5.0,5.0,480.0,7.0,1.31,22.0,15.0,68.2,4.0,0.0,1.0,0.0,0.0,2.0,1.0,1.0,0.0,50.0
아달벨토 칼라스쿨라,파나마,파나마,MF,27,1998,,0,0,,,,,,,,,,,,,,,,,,,,,,,,,,0,0,,3,,,,,,,,,,,,,,,,,,,,,,,,,,,,,,,,,,
알벨토 쿤테로,파나마,파나마,"FW,MF",38,1987,,1,0,3.0,0.0,0.0,0.0,0.0,0.0,0.0,0.0,0.0,0.0,0.0,0.0,0.0,0.0,0.0,0.0,0.0,,0.0,0.0,,,3.0,1.1,,0,1,3.0,2,0.0,0.0,0.0,0.0,0.0,1.35,0.0,1.0,0.0,0.0,1.0,0.0,0.0,,,0.0,,,,,,,,,,,,,,,,,,
아느드레스 아느드라데 케데노,파나마,파나마,DF,27,1998,LASK,3,3,270.0,3.0,0.0,0.0,0.0,0.0,0.0,0.0,1.0,0.0,0.0,0.0,0.0,0.0,0.0,0.0,0.0,,0.0,0.0,,,90.0,100.0,90.0,3,0,,0,0.0,0.0,4.0,-4.0,-1.33,,0.0,4.0,0.0,0.0,8.0,3.0,3.0,,,0.0,,,,,,,,,,,,,,,,,,
아니발 고도이,파나마,파나마,MF,36,1990,샌디에이고 FC,1,0,1.0,0.0,0.0,0.0,0.0,0.0,0.0,0.0,0.0,0.0,0.0,0.0,0.0,0.0,0.0,0.0,0.0,,0.0,0.0,,,1.0,0.4,,0,1,1.0,2,0.0,0.0,1.0,-1.0,-90.0,-89.0,0.0,0.0,1.0,0.0,1.0,0.0,0.0,,,0.0,,,,,,,,,,,,,,,,,,
아자리스 론도노,파나마,파나마,MF,24,2001,우니베르시다드 카톨리카,3,0,56.0,0.6,0.0,0.0,0.0,0.0,0.0,0.0,0.0,0.0,0.0,0.0,0.0,0.0,0.0,1.0,0.0,0.0,1.61,0.0,0.0,,19.0,20.7,,0,3,19.0,0,0.0,0.0,1.0,-1.0,-1.61,-0.35,0.0,1.0,0.0,0.0,1.0,1.0,0.0,,,0.0,,,,,,,,,,,,,,,,,,
칼로스 할베이,파나마,파나마,MF,26,2000,미네소타 유나이티드,3,3,267.0,3.0,0.0,0.0,0.0,0.0,0.0,0.0,1.0,0.0,0.0,0.0,0.0,0.0,0.0,5.0,0.0,0.0,1.69,0.0,0.0,,89.0,98.9,89.0,2,0,,0,0.0,0.0,4.0,-4.0,-1.35,-1.35,0.0,8.0,3.0,0.0,0.0,0.0,3.0,,,0.0,,,,,,,,,,,,,,,,,,
케키리 아텔만,파나마,파나마,FW,35,1991,우니베르시다드 데 콘셉시온,2,1,76.0,0.8,0.0,0.0,0.0,0.0,0.0,0.0,0.0,0.0,0.0,0.0,0.0,0.0,0.0,2.0,1.0,50.0,2.37,1.18,0.0,0.0,38.0,28.1,62.0,0,1,14.0,1,0.0,0.0,0.0,0.0,0.0,1.86,0.0,1.0,1.0,0.0,0.0,0.0,0.0,,,0.0,,,,,,,,,,,,,,,,,,
크리스틴 말티네즈,파나마,파나마,"MF,FW",29,1997,,3,3,242.0,2.7,0.0,0.0,0.0,0.0,0.0,0.0,0.0,0.0,0.0,0.0,0.0,0.0,0.0,1.0,0.0,0.0,0.37,0.0,0.0,,81.0,89.6,81.0,2,0,,0,0.0,0.0,3.0,-3.0,-1.12,2.1,0.0,5.0,5.0,1.0,12.0,1.0,4.0,,,0.0,,,,,,,,,,,,,,,,,,
케살 브락크만,파나마,파나마,"MF,DF",28,1998,,2,2,178.0,2.0,0.0,0.0,0.0,0.0,0.0,0.0,1.0,0.0,0.0,0.0,0.0,0.0,0.0,2.0,1.0,50.0,1.01,0.51,0.0,0.0,89.0,65.9,89.0,0,0,,1,0.0,0.0,1.0,-1.0,-0.51,2.43,0.0,2.0,2.0,1.0,0.0,1.0,0.0,,,0.0,,,,,,,,,,,,,,,,,,
케살 사무디,파나마,파나마,GK,32,1994,,0,0,,,,,,,,,,,,,,,,,,,,,,,,,,0,0,,3,,,,,,,,,,,,,,,,,,,,,,,,,,,,,,,,,,
케살 이니스,파나마,파나마,MF,30,1996,,0,0,,,,,,,,,,,,,,,,,,,,,,,,,,0,0,,3,,,,,,,,,,,,,,,,,,,,,,,,,,,,,,,,,,
에드갈도 파리나,파나마,파나마,DF,24,2001,,0,0,,,,,,,,,,,,,,,,,,,,,,,,,,0,0,,3,,,,,,,,,,,,,,,,,,,,,,,,,,,,,,,,,,
에릭크 다비스,파나마,파나마,DF,35,1991,,2,0,4.0,0.0,0.0,0.0,0.0,0.0,0.0,0.0,0.0,0.0,0.0,0.0,0.0,0.0,0.0,1.0,0.0,0.0,22.5,0.0,0.0,,2.0,1.5,,0,2,2.0,1,0.0,0.0,0.0,0.0,0.0,1.35,0.0,0.0,1.0,0.0,2.0,0.0,1.0,,,0.0,,,,,,,,,,,,,,,,,,
피델 에스코발,파나마,파나마,DF,31,1995,,1,1,90.0,1.0,0.0,0.0,0.0,0.0,0.0,0.0,0.0,0.0,0.0,0.0,0.0,0.0,0.0,0.0,0.0,,0.0,0.0,,,90.0,33.3,90.0,1,0,,2,0.0,0.0,2.0,-2.0,-2.0,-1.0,0.0,1.0,0.0,0.0,1.0,1.0,2.0,,,0.0,,,,,,,,,,,,,,,,,,
이스말 디즈,파나마,파나마,"FW,MF",29,1997,레온,2,0,37.0,0.4,0.0,0.0,0.0,0.0,0.0,0.0,0.0,0.0,0.0,0.0,0.0,0.0,0.0,6.0,2.0,33.3,14.59,4.86,0.0,0.0,19.0,13.7,,0,2,19.0,1,0.0,0.0,1.0,-1.0,-2.43,-1.27,0.0,0.0,0.0,2.0,0.0,0.0,1.0,,,0.0,,,,,,,,,,,,,,,,,,
지바니 라모스,파나마,파나마,DF,29,1997,푸에르토 카베요,2,2,166.0,1.8,0.0,0.0,0.0,0.0,0.0,0.0,0.0,0.0,0.0,0.0,0.0,0.0,0.0,2.0,0.0,0.0,1.08,0.0,0.0,,83.0,61.5,83.0,1,0,,1,0.0,0.0,2.0,-2.0,-1.08,0.65,0.0,2.0,1.0,0.0,0.0,3.0,1.0,,,0.0,,,,,,,,,,,,,,,,,,
졸게 구틸레즈,파나마,파나마,DF,27,1998,데포르티보 라과이라,1,1,87.0,1.0,0.0,0.0,0.0,0.0,0.0,0.0,0.0,0.0,0.0,0.0,0.0,0.0,0.0,0.0,0.0,,0.0,0.0,,,87.0,32.2,87.0,0,0,,2,0.0,0.0,2.0,-2.0,-2.07,-1.09,0.0,1.0,2.0,0.0,0.0,1.0,1.0,,,0.0,,,,,,,,,,,,,,,,,,
조세 콜도바,파나마,파나마,DF,25,2001,노리치 시티,3,3,270.0,3.0,0.0,0.0,0.0,0.0,0.0,0.0,0.0,0.0,0.0,0.0,0.0,0.0,0.0,0.0,0.0,,0.0,0.0,,,90.0,100.0,90.0,3,0,,0,0.0,0.0,4.0,-4.0,-1.33,,0.0,5.0,1.0,0.0,1.0,1.0,3.0,,,0.0,,,,,,,,,,,,,,,,,,
조세 파잘도,파나마,파나마,FW,32,1993,우니베르시다드 카톨리카,3,1,155.0,1.7,0.0,0.0,0.0,0.0,0.0,0.0,1.0,0.0,0.0,0.0,0.0,0.0,0.0,1.0,0.0,0.0,0.58,0.0,0.0,,52.0,57.4,82.0,0,2,37.0,0,0.0,0.0,4.0,-4.0,-2.32,-2.32,0.0,4.0,3.0,1.0,0.0,0.0,2.0,,,0.0,,,,,,,,,,,,,,,,,,
조세 루스 로드리구즈,파나마,파나마,"MF,FW",27,1998,FC 후아레스,3,3,233.0,2.6,0.0,0.0,0.0,0.0,0.0,0.0,0.0,0.0,0.0,0.0,0.0,0.0,0.0,3.0,1.0,33.3,1.16,0.39,0.0,0.0,78.0,86.3,78.0,1,0,,0,0.0,0.0,3.0,-3.0,-1.16,1.27,0.0,4.0,2.0,0.0,17.0,0.0,3.0,,,0.0,,,,,,,,,,,,,,,,,,
루스 메지,파나마,파나마,GK,35,1991,,0,0,,,,,,,,,,,,,,,,,,,,,,,,,,0,0,,3,,,,,,,,,,,,,,,,,,,,,,,,,,,,,,,,,,
미크할 아밀 무릴로,파나마,파나마,"DF,MF",30,1996,베식타슈,3,3,270.0,3.0,0.0,0.0,0.0,0.0,0.0,0.0,0.0,0.0,0.0,0.0,0.0,0.0,0.0,5.0,1.0,20.0,1.67,0.33,0.0,0.0,90.0,100.0,90.0,3,0,,0,0.0,0.0,4.0,-4.0,-1.33,,0.0,1.0,7.0,1.0,8.0,1.0,3.0,,,0.0,,,,,,,,,,,,,,,,,,
올란도 모스쿠라,파나마,파나마,GK,31,1994,알파이하,3,3,270.0,3.0,0.0,0.0,0.0,0.0,0.0,0.0,0.0,0.0,0.0,0.0,0.0,0.0,0.0,0.0,0.0,,0.0,0.0,,,90.0,100.0,90.0,3,0,,0,0.0,0.0,4.0,-4.0,-1.33,,0.0,0.0,0.0,0.0,0.0,0.0,0.0,,,0.0,3.0,3.0,270.0,4.0,1.33,11.0,7.0,63.6,0.0,0.0,3.0,0.0,0.0,0.0,0.0,0.0,0.0,
로데릭크 밀렐,파나마,파나마,DF,34,1992,,0,0,,,,,,,,,,,,,,,,,,,,,,,,,,0,0,,3,,,,,,,,,,,,,,,,,,,,,,,,,,,,,,,,,,
토마스 로드리구즈,파나마,파나마,FW,27,1999,,2,1,46.0,0.5,0.0,0.0,0.0,0.0,0.0,0.0,0.0,0.0,0.0,0.0,0.0,0.0,0.0,1.0,1.0,100.0,1.96,1.96,0.0,0.0,23.0,17.0,45.0,0,1,1.0,1,0.0,0.0,0.0,0.0,0.0,1.61,0.0,3.0,1.0,0.0,0.0,0.0,0.0,,,0.0,,,,,,,,,,,,,,,,,,
일 발케나스,파나마,파나마,MF,32,1993,마사틀란,3,3,249.0,2.8,0.0,0.0,0.0,0.0,0.0,0.0,1.0,0.0,0.0,0.0,0.0,0.0,0.0,2.0,0.0,0.0,0.72,0.0,0.0,,83.0,92.2,83.0,1,0,,0,0.0,0.0,4.0,-4.0,-1.45,-1.45,0.0,3.0,3.0,0.0,7.0,2.0,0.0,,,0.0,,,,,,,,,,,,,,,,,,
아레크사느드로 마이다나,파라과이,파라과이,DF,20,2005,탈레레스 코르도바,2,1,55.0,0.6,0.0,0.0,0.0,0.0,0.0,0.0,0.0,0.0,0.0,0.0,0.0,0.0,0.0,0.0,0.0,,0.0,0.0,,,28.0,11.5,45.0,0,1,10.0,3,2.0,0.0,0.0,0.0,0.0,0.64,0.0,0.0,0.0,0.0,1.0,1.0,0.0,,,0.0,,,,,,,,,,,,,,,,,,
아느드레스 쿠바스,파라과이,파라과이,MF,30,1996,밴쿠버 화이트캡스,5,5,480.0,5.3,0.0,0.0,0.0,0.0,0.0,0.0,1.0,0.0,0.0,0.0,0.0,0.0,0.0,1.0,0.0,0.0,0.19,0.0,0.0,,96.0,100.0,96.0,5,0,,0,1.0,3.0,6.0,-3.0,-0.56,,0.0,14.0,3.0,0.0,0.0,11.0,13.0,,,0.0,,,,,,,,,,,,,,,,,,
안토니 사납리,파라과이,파라과이,FW,30,1996,크레모네세,2,1,83.0,0.9,0.0,0.0,0.0,0.0,0.0,0.0,0.0,0.0,0.0,0.0,0.0,0.0,0.0,0.0,0.0,,0.0,0.0,,,42.0,17.3,61.0,0,1,22.0,3,0.5,0.0,3.0,-3.0,-3.25,-3.25,0.0,1.0,2.0,0.0,0.0,0.0,2.0,,,0.0,,,,,,,,,,,,,,,,,,
브란 오제다,파라과이,파라과이,MF,25,2000,올랜도 시티,1,0,22.0,0.2,0.0,0.0,0.0,0.0,0.0,0.0,0.0,0.0,0.0,0.0,0.0,0.0,0.0,0.0,0.0,,0.0,0.0,,,22.0,4.6,,0,1,22.0,4,1.0,0.0,0.0,0.0,0.0,0.59,0.0,0.0,0.0,0.0,0.0,0.0,0.0,,,0.0,,,,,,,,,,,,,,,,,,
다민 보바딜라,파라과이,파라과이,MF,24,2001,상파울루,4,2,189.0,2.1,0.0,0.0,0.0,0.0,0.0,0.0,0.0,0.0,0.0,0.0,0.0,0.0,0.0,0.0,0.0,,0.0,0.0,,,47.0,39.4,72.0,0,2,23.0,1,1.25,1.0,4.0,-3.0,-1.43,-1.43,0.0,1.0,1.0,0.0,1.0,5.0,3.0,,,1.0,,,,,,,,,,,,,,,,,,
디고 고메즈,파라과이,파라과이,MF,23,2003,브라이턴,4,4,304.0,3.4,0.0,0.0,0.0,0.0,0.0,0.0,2.0,0.0,0.0,0.0,0.0,0.0,0.0,6.0,0.0,0.0,1.78,0.0,0.0,,76.0,63.3,76.0,0,0,,0,1.0,2.0,4.0,-2.0,-0.59,-0.08,0.0,5.0,1.0,0.0,1.0,9.0,6.0,,,0.0,,,,,,,,,,,,,,,,,,
파빈 발부나,파라과이,파라과이,DF,34,1991,그레미우,1,0,1.0,0.0,0.0,0.0,0.0,0.0,0.0,0.0,0.0,0.0,0.0,0.0,0.0,0.0,0.0,0.0,0.0,,0.0,0.0,,,1.0,0.2,,0,1,1.0,4,1.0,0.0,0.0,0.0,0.0,0.56,0.0,0.0,0.0,0.0,0.0,0.0,0.0,,,0.0,,,,,,,,,,,,,,,,,,
갑릴 아바로스,파라과이,파라과이,FW,35,1990,인데펜디엔테,4,2,141.0,1.6,0.0,0.0,0.0,0.0,0.0,0.0,0.0,0.0,0.0,0.0,0.0,0.0,0.0,1.0,0.0,0.0,0.64,0.0,0.0,,35.0,29.4,60.0,0,2,11.0,1,1.25,1.0,1.0,0.0,0.0,0.8,0.0,1.0,2.0,0.0,0.0,0.0,2.0,,,0.0,,,,,,,,,,,,,,,,,,
가스톤 올베라,파라과이,파라과이,GK,33,1993,,0,0,,,,,,,,,,,,,,,,,,,,,,,,,,0,0,,5,,,,,,,,,,,,,,,,,,,,,,,,,,,,,,,,,,
가티토 펠난데즈,파라과이,파라과이,GK,38,1988,,0,0,,,,,,,,,,,,,,,,,,,,,,,,,,0,0,,5,,,,,,,,,,,,,,,,,,,,,,,,,,,,,,,,,,
구스타보 카발레로,파라과이,파라과이,"FW,MF",24,2001,포츠머스,2,0,96.0,1.1,0.0,0.0,0.0,0.0,0.0,0.0,0.0,0.0,0.0,0.0,0.0,0.0,0.0,1.0,1.0,100.0,0.94,0.94,0.0,0.0,48.0,20.0,,0,2,48.0,3,0.5,0.0,1.0,-1.0,-0.94,-0.47,0.0,2.0,2.0,1.0,0.0,0.0,2.0,,,0.0,,,,,,,,,,,,,,,,,,
구스타보 고메즈,파라과이,파라과이,DF,33,1993,팔메이라스,5,5,480.0,5.3,0.0,0.0,0.0,0.0,0.0,0.0,0.0,0.0,0.0,0.0,0.0,0.0,0.0,2.0,0.0,0.0,0.37,0.0,0.0,,96.0,100.0,96.0,5,0,,0,1.0,3.0,6.0,-3.0,-0.56,,0.0,3.0,2.0,1.0,0.0,2.0,3.0,,,0.0,,,,,,,,,,,,,,,,,,
구스타보 베라스쿠즈,파라과이,파라과이,DF,35,1991,세로 포르테뇨,5,2,246.0,2.7,0.0,0.0,0.0,0.0,0.0,0.0,0.0,0.0,0.0,0.0,0.0,0.0,0.0,0.0,0.0,,0.0,0.0,,,49.0,51.3,90.0,2,3,22.0,0,1.0,0.0,2.0,-2.0,-0.73,-0.35,0.0,2.0,0.0,0.0,3.0,1.0,1.0,,,0.0,,,,,,,,,,,,,,,,,,
이시드로 피트타,파라과이,파라과이,FW,26,1999,RB 브라간치누,1,1,45.0,0.5,0.0,0.0,0.0,0.0,0.0,0.0,0.0,0.0,0.0,0.0,0.0,0.0,0.0,0.0,0.0,,0.0,0.0,,,45.0,9.4,45.0,0,0,,4,3.0,1.0,0.0,1.0,2.0,2.83,0.0,2.0,0.0,2.0,0.0,0.0,0.0,,,0.0,,,,,,,,,,,,,,,,,,
조세 카나레,파라과이,파라과이,DF,29,1996,라누스,4,1,161.0,1.8,0.0,0.0,0.0,0.0,0.0,0.0,0.0,0.0,0.0,0.0,0.0,0.0,0.0,0.0,0.0,,0.0,0.0,,,40.0,33.5,120.0,1,3,14.0,1,1.25,1.0,2.0,-1.0,-0.56,0.01,0.0,1.0,2.0,0.0,1.0,1.0,6.0,,,0.0,,,,,,,,,,,,,,,,,,
준 카케레스,파라과이,파라과이,DF,26,2000,디나모 모스크바,5,5,436.0,4.8,0.0,0.0,0.0,0.0,0.0,0.0,1.0,0.0,0.0,0.0,0.0,0.0,0.0,2.0,1.0,50.0,0.41,0.21,0.0,0.0,87.0,90.8,87.0,2,0,,0,1.0,3.0,5.0,-2.0,-0.41,1.63,0.0,9.0,6.0,0.0,10.0,5.0,11.0,,,0.0,,,,,,,,,,,,,,,,,,
주리 엔키소,파라과이,파라과이,FW,22,2004,스트라스부르,5,5,386.0,4.3,1.0,2.0,3.0,1.0,0.0,0.0,0.0,0.0,0.23,0.47,0.7,0.23,0.7,8.0,1.0,12.5,1.87,0.23,0.13,1.0,77.0,80.4,77.0,2,0,,0,1.0,3.0,5.0,-2.0,-0.47,0.49,0.0,3.0,9.0,0.0,5.0,1.0,5.0,,,0.0,,,,,,,,,,,,,,,,,,
주닐 아론소,파라과이,파라과이,DF,33,1993,아틀레치쿠 미네이루,5,4,390.0,4.3,0.0,0.0,0.0,0.0,0.0,0.0,1.0,0.0,0.0,0.0,0.0,0.0,0.0,3.0,1.0,33.3,0.69,0.23,0.0,0.0,78.0,81.3,97.0,3,1,1.0,0,1.0,3.0,6.0,-3.0,-0.69,-0.69,0.0,3.0,3.0,1.0,2.0,4.0,9.0,,,0.0,,,,,,,,,,,,,,,,,,
카쿠,파라과이,파라과이,MF,31,1995,,1,0,11.0,0.1,0.0,0.0,0.0,0.0,0.0,0.0,0.0,0.0,0.0,0.0,0.0,0.0,0.0,0.0,0.0,,0.0,0.0,,,11.0,2.3,,0,1,11.0,4,0.0,0.0,1.0,-1.0,-8.18,-7.8,0.0,1.0,1.0,0.0,0.0,0.0,0.0,,,0.0,,,,,,,,,,,,,,,,,,
마티스 가랄자,파라과이,파라과이,MF,24,2002,애틀랜타 유나이티드,4,4,388.0,4.3,1.0,1.0,2.0,1.0,0.0,0.0,2.0,0.0,0.23,0.23,0.46,0.23,0.46,2.0,1.0,50.0,0.46,0.23,0.5,1.0,97.0,80.8,97.0,2,0,,1,1.25,2.0,2.0,0.0,0.0,2.93,0.0,10.0,9.0,0.0,4.0,7.0,11.0,,,0.0,,,,,,,,,,,,,,,,,,
모리키,파라과이,파라과이,MF,25,2001,팔메이라스,4,0,173.0,1.9,1.0,0.0,1.0,1.0,0.0,0.0,0.0,0.0,0.52,0.0,0.52,0.52,0.52,4.0,3.0,75.0,2.08,1.56,0.25,0.33,43.0,36.0,,0,4,43.0,1,0.5,1.0,1.0,0.0,0.0,0.88,0.0,3.0,3.0,0.0,11.0,1.0,6.0,,,0.0,,,,,,,,,,,,,,,,,,
미굴 알미론,파라과이,파라과이,"MF,FW",32,1994,애틀랜타 유나이티드,4,4,282.0,3.1,0.0,0.0,0.0,0.0,0.0,0.0,1.0,1.0,0.0,0.0,0.0,0.0,0.0,4.0,0.0,0.0,1.28,0.0,0.0,,71.0,58.8,71.0,0,0,,0,1.0,3.0,5.0,-2.0,-0.64,-0.18,0.0,2.0,7.0,0.0,4.0,3.0,7.0,,,0.0,,,,,,,,,,,,,,,,,,
오말 알데레테,파라과이,파라과이,DF,29,1996,선덜랜드,4,4,320.0,3.6,0.0,0.0,0.0,0.0,0.0,0.0,0.0,0.0,0.0,0.0,0.0,0.0,0.0,1.0,0.0,0.0,0.28,0.0,0.0,,80.0,66.7,80.0,2,0,,1,1.0,2.0,4.0,-2.0,-0.56,0.0,0.0,2.0,3.0,0.0,0.0,2.0,0.0,,,0.0,,,,,,,,,,,,,,,,,,
올란도 길르,파라과이,파라과이,GK,26,2000,산로렌소,5,5,480.0,5.3,0.0,0.0,0.0,0.0,0.0,0.0,0.0,0.0,0.0,0.0,0.0,0.0,0.0,0.0,0.0,,0.0,0.0,,,96.0,100.0,96.0,5,0,,0,1.0,3.0,6.0,-3.0,-0.56,,0.0,0.0,3.0,0.0,0.0,0.0,0.0,,,0.0,5.0,5.0,480.0,6.0,1.13,29.0,23.0,79.3,1.0,2.0,2.0,2.0,40.0,1.0,1.0,0.0,0.0,0.0
라몬 소사,파라과이,파라과이,"FW,MF",26,1999,팔메이라스,1,0,12.0,0.1,0.0,0.0,0.0,0.0,0.0,0.0,0.0,0.0,0.0,0.0,0.0,0.0,0.0,0.0,0.0,,0.0,0.0,,,12.0,2.5,,0,1,12.0,4,0.0,0.0,1.0,-1.0,-7.5,-7.12,0.0,0.0,1.0,0.0,0.0,0.0,0.0,,,0.0,,,,,,,,,,,,,,,,,,
아레스 알케,파라과이,파라과이,FW,30,1995,인데펜디엔테 리바다비아,2,0,53.0,0.6,0.0,0.0,0.0,0.0,0.0,0.0,1.0,0.0,0.0,0.0,0.0,0.0,0.0,0.0,0.0,,0.0,0.0,,,27.0,11.0,,0,2,27.0,3,0.5,1.0,1.0,0.0,0.0,0.63,0.0,1.0,0.0,0.0,0.0,0.0,1.0,,,0.0,,,,,,,,,,,,,,,,,,
벨날도 실바,포르투갈,포르투갈,MF,31,1994,맨체스터 시티,4,1,97.0,1.1,0.0,0.0,0.0,0.0,0.0,0.0,2.0,0.0,0.0,0.0,0.0,0.0,0.0,1.0,0.0,0.0,0.93,0.0,0.0,,24.0,21.6,45.0,0,3,17.0,1,1.75,4.0,2.0,2.0,1.86,1.09,0.0,3.0,0.0,0.0,0.0,1.0,0.0,,,0.0,,,,,,,,,,,,,,,,,,
브루누 페르난데스,포르투갈,포르투갈,MF,31,1994,맨체스터 유나이티드,5,5,422.0,4.7,0.0,1.0,1.0,0.0,0.0,0.0,0.0,0.0,0.0,0.21,0.21,0.0,0.21,9.0,3.0,33.3,1.92,0.64,0.0,0.0,84.0,93.8,84.0,4,0,,0,1.6,6.0,3.0,3.0,0.64,-5.79,0.0,2.0,8.0,1.0,22.0,0.0,5.0,,,0.0,,,,,,,,,,,,,,,,,,
크리스티아누 호날두,포르투갈,포르투갈,FW,41,1985,알나스르,5,5,440.0,4.9,3.0,0.0,3.0,2.0,1.0,1.0,0.0,0.0,0.61,0.0,0.61,0.41,0.41,18.0,9.0,50.0,3.68,1.84,0.11,0.22,88.0,97.8,88.0,4,0,,0,1.6,7.0,3.0,4.0,0.82,-8.18,0.0,2.0,5.0,6.0,0.0,1.0,1.0,,,0.0,,,,,,,,,,,,,,,,,,
디고 코스타,포르투갈,포르투갈,GK,26,1999,포르투,5,5,450.0,5.0,0.0,0.0,0.0,0.0,0.0,0.0,0.0,0.0,0.0,0.0,0.0,0.0,0.0,0.0,0.0,,0.0,0.0,,,90.0,100.0,90.0,5,0,,0,1.6,8.0,3.0,5.0,1.0,,0.0,0.0,1.0,0.0,0.0,0.0,0.0,,,0.0,5.0,5.0,450.0,3.0,0.6,22.0,19.0,86.4,2.0,2.0,1.0,2.0,40.0,0.0,0.0,0.0,0.0,
디고 다로트,포르투갈,포르투갈,"DF,MF",27,1999,맨체스터 유나이티드,2,0,65.0,0.7,0.0,0.0,0.0,0.0,0.0,0.0,0.0,0.0,0.0,0.0,0.0,0.0,0.0,1.0,0.0,0.0,1.38,0.0,0.0,,33.0,14.4,,0,2,33.0,3,0.5,0.0,1.0,-1.0,-1.38,-2.79,0.0,0.0,1.0,0.0,1.0,0.0,2.0,,,0.0,,,,,,,,,,,,,,,,,,
프란키스코 콘케카,포르투갈,포르투갈,MF,23,2002,유벤투스,4,0,126.0,1.4,0.0,0.0,0.0,0.0,0.0,0.0,0.0,0.0,0.0,0.0,0.0,0.0,0.0,2.0,0.0,0.0,1.43,0.0,0.0,,32.0,28.0,,0,4,32.0,1,1.75,4.0,1.0,3.0,2.14,1.59,0.0,1.0,2.0,1.0,3.0,0.0,2.0,,,0.0,,,,,,,,,,,,,,,,,,
프란키스코 트린카,포르투갈,포르투갈,"FW,MF",26,1999,스포르팅 CP,1,0,28.0,0.3,0.0,0.0,0.0,0.0,0.0,0.0,0.0,0.0,0.0,0.0,0.0,0.0,0.0,1.0,0.0,0.0,3.21,0.0,0.0,,28.0,6.2,,0,1,28.0,4,3.0,1.0,0.0,1.0,3.21,2.36,0.0,0.0,0.0,0.0,0.0,0.0,1.0,,,0.0,,,,,,,,,,,,,,,,,,
곤카로 구데스,포르투갈,포르투갈,"FW,MF",29,1996,,0,0,,,,,,,,,,,,,,,,,,,,,,,,,,0,0,,5,,,,,,,,,,,,,,,,,,,,,,,,,,,,,,,,,,
곤카로 이나키,포르투갈,포르투갈,DF,24,2001,,0,0,,,,,,,,,,,,,,,,,,,,,,,,,,0,0,,5,,,,,,,,,,,,,,,,,,,,,,,,,,,,,,,,,,
곤카로 라모스,포르투갈,포르투갈,FW,24,2001,파리 생제르맹,2,0,36.0,0.4,1.0,0.0,1.0,1.0,0.0,0.0,0.0,0.0,2.5,0.0,2.5,2.5,2.5,2.0,1.0,50.0,5.0,2.5,0.5,1.0,18.0,8.0,,0,2,18.0,3,2.0,2.0,0.0,2.0,5.0,4.35,0.0,0.0,0.0,0.0,0.0,0.0,0.0,,,0.0,,,,,,,,,,,,,,,,,,
조세 사,포르투갈,포르투갈,GK,33,1993,,0,0,,,,,,,,,,,,,,,,,,,,,,,,,,0,0,,5,,,,,,,,,,,,,,,,,,,,,,,,,,,,,,,,,,
조 칸케로,포르투갈,포르투갈,DF,32,1994,바르셀로나,5,5,312.0,3.5,0.0,1.0,1.0,0.0,0.0,0.0,0.0,0.0,0.0,0.29,0.29,0.0,0.29,3.0,0.0,0.0,0.87,0.0,0.0,,62.0,69.3,62.0,1,0,,0,1.6,4.0,2.0,2.0,0.58,-1.38,0.0,6.0,2.0,1.0,17.0,5.0,4.0,,,0.0,,,,,,,,,,,,,,,,,,
조 페리스,포르투갈,포르투갈,MF,26,1999,알나스르,3,3,201.0,2.2,0.0,0.0,0.0,0.0,0.0,0.0,0.0,0.0,0.0,0.0,0.0,0.0,0.0,6.0,1.0,16.7,2.69,0.45,0.0,0.0,67.0,44.7,67.0,0,0,,2,1.33,4.0,0.0,4.0,1.79,1.43,0.0,3.0,6.0,0.0,4.0,3.0,4.0,,,0.0,,,,,,,,,,,,,,,,,,
조 네베스,포르투갈,포르투갈,MF,21,2004,파리 생제르맹,5,4,390.0,4.3,1.0,0.0,1.0,1.0,0.0,0.0,0.0,0.0,0.23,0.0,0.23,0.23,0.23,3.0,1.0,33.3,0.69,0.23,0.33,1.0,78.0,86.7,86.0,3,1,45.0,0,1.6,7.0,3.0,4.0,0.92,-0.58,0.0,1.0,4.0,0.0,2.0,4.0,7.0,,,0.0,,,,,,,,,,,,,,,,,,
마트흐스 누네스,포르투갈,포르투갈,"DF,MF",27,1998,맨체스터 시티,1,0,1.0,0.0,0.0,0.0,0.0,0.0,0.0,0.0,0.0,0.0,0.0,0.0,0.0,0.0,0.0,0.0,0.0,,0.0,0.0,,,1.0,0.2,,0,1,1.0,4,1.0,0.0,0.0,0.0,0.0,-1.0,0.0,0.0,0.0,0.0,0.0,0.0,0.0,,,0.0,,,,,,,,,,,,,,,,,,
누노 멘데스,포르투갈,포르투갈,DF,23,2002,파리 생제르맹,5,5,395.0,4.4,1.0,0.0,1.0,1.0,0.0,0.0,0.0,0.0,0.23,0.0,0.23,0.23,0.23,3.0,1.0,33.3,0.68,0.23,0.33,1.0,79.0,87.8,79.0,2,0,,0,1.6,8.0,2.0,6.0,1.37,3.0,0.0,3.0,12.0,1.0,19.0,0.0,6.0,,,0.0,,,,,,,,,,,,,,,,,,
넬손 세메도,포르투갈,포르투갈,"DF,MF",32,1993,페네르바흐체,4,0,127.0,1.4,0.0,0.0,0.0,0.0,0.0,0.0,1.0,0.0,0.0,0.0,0.0,0.0,0.0,0.0,0.0,,0.0,0.0,,,32.0,28.2,,0,4,32.0,1,1.75,4.0,1.0,3.0,2.13,1.57,0.0,2.0,2.0,0.0,3.0,0.0,0.0,,,0.0,,,,,,,,,,,,,,,,,,
페드로 네토,포르투갈,포르투갈,MF,26,2000,첼시,5,5,350.0,3.9,0.0,1.0,1.0,0.0,0.0,0.0,0.0,0.0,0.0,0.26,0.26,0.0,0.26,1.0,0.0,0.0,0.26,0.0,0.0,,70.0,77.8,70.0,1,0,,0,1.6,4.0,2.0,2.0,0.51,-2.19,0.0,4.0,4.0,0.0,13.0,0.0,2.0,,,0.0,,,,,,,,,,,,,,,,,,
라팔 레,포르투갈,포르투갈,MF,27,1999,AC 밀란,5,1,158.0,1.8,1.0,1.0,2.0,1.0,0.0,0.0,0.0,0.0,0.57,0.57,1.14,0.57,1.14,4.0,1.0,25.0,2.28,0.57,0.25,1.0,32.0,35.1,90.0,1,4,17.0,0,1.6,3.0,2.0,1.0,0.57,-0.66,0.0,1.0,2.0,0.0,7.0,2.0,0.0,,,0.0,,,,,,,,,,,,,,,,,,
레나토 베가,포르투갈,포르투갈,DF,22,2003,비야레알,5,5,450.0,5.0,0.0,0.0,0.0,0.0,0.0,0.0,2.0,0.0,0.0,0.0,0.0,0.0,0.0,2.0,0.0,0.0,0.4,0.0,0.0,,90.0,100.0,90.0,5,0,,0,1.6,8.0,3.0,5.0,1.0,,0.0,5.0,3.0,0.0,0.0,6.0,1.0,,,0.0,,,,,,,,,,,,,,,,,,
루 실바,포르투갈,포르투갈,GK,32,1994,,0,0,,,,,,,,,,,,,,,,,,,,,,,,,,0,0,,5,,,,,,,,,,,,,,,,,,,,,,,,,,,,,,,,,,
루벤 디스,포르투갈,포르투갈,DF,29,1997,맨체스터 시티,4,4,360.0,4.0,0.0,0.0,0.0,0.0,0.0,0.0,1.0,0.0,0.0,0.0,0.0,0.0,0.0,0.0,0.0,,0.0,0.0,,,90.0,80.0,90.0,4,0,,1,1.75,7.0,2.0,5.0,1.25,1.25,0.0,6.0,3.0,0.0,0.0,5.0,3.0,,,0.0,,,,,,,,,,,,,,,,,,
루벤 네베스,포르투갈,포르투갈,MF,29,1997,알힐랄,2,1,55.0,0.6,0.0,0.0,0.0,0.0,0.0,0.0,0.0,0.0,0.0,0.0,0.0,0.0,0.0,2.0,0.0,0.0,3.27,0.0,0.0,,28.0,12.2,45.0,0,1,10.0,3,2.0,1.0,0.0,1.0,1.64,0.72,0.0,0.0,0.0,0.0,0.0,0.0,0.0,,,0.0,,,,,,,,,,,,,,,,,,
사무 코스타,포르투갈,포르투갈,MF,25,2000,마요르카,1,0,21.0,0.2,0.0,0.0,0.0,0.0,0.0,0.0,0.0,0.0,0.0,0.0,0.0,0.0,0.0,0.0,0.0,,0.0,0.0,,,21.0,4.7,,0,1,21.0,4,1.0,0.0,0.0,0.0,0.0,-1.05,0.0,0.0,0.0,0.0,0.0,0.0,1.0,,,0.0,,,,,,,,,,,,,,,,,,
토마스 아로조,포르투갈,포르투갈,DF,24,2002,벤피카,1,1,90.0,1.0,0.0,0.0,0.0,0.0,0.0,0.0,1.0,0.0,0.0,0.0,0.0,0.0,0.0,0.0,0.0,,0.0,0.0,,,90.0,20.0,90.0,1,0,,4,1.0,1.0,1.0,0.0,0.0,-1.25,0.0,1.0,0.0,0.0,0.0,1.0,0.0,,,0.0,,,,,,,,,,,,,,,,,,
비틴하,포르투갈,포르투갈,MF,26,2000,파리 생제르맹,5,5,376.0,4.2,0.0,0.0,0.0,0.0,0.0,0.0,0.0,0.0,0.0,0.0,0.0,0.0,0.0,4.0,0.0,0.0,0.96,0.0,0.0,,75.0,83.6,75.0,0,0,,0,1.6,5.0,2.0,3.0,0.72,-1.71,0.0,4.0,5.0,0.0,1.0,2.0,0.0,,,0.0,,,,,,,,,,,,,,,,,,
압두라지즈 하템,카타르,카타르,MF,36,1990,,1,0,45.0,0.5,0.0,0.0,0.0,0.0,0.0,0.0,0.0,0.0,0.0,0.0,0.0,0.0,0.0,0.0,0.0,,0.0,0.0,,,45.0,16.7,,0,1,45.0,2,0.0,0.0,1.0,-1.0,-2.0,0.8,0.0,1.0,0.0,0.0,0.0,0.0,0.0,,,0.0,,,,,,,,,,,,,,,,,,
아메드 알-가네히,카타르,카타르,FW,25,2000,,1,0,36.0,0.4,0.0,0.0,0.0,0.0,0.0,0.0,0.0,0.0,0.0,0.0,0.0,0.0,0.0,1.0,0.0,0.0,2.5,0.0,0.0,,36.0,13.3,,0,1,36.0,2,0.0,0.0,1.0,-1.0,-2.5,0.19,0.0,1.0,0.0,0.0,1.0,0.0,1.0,,,0.0,,,,,,,,,,,,,,,,,,
아메드 아랄딘,카타르,카타르,FW,33,1993,,2,0,43.0,0.5,0.0,0.0,0.0,0.0,0.0,0.0,0.0,0.0,0.0,0.0,0.0,0.0,0.0,1.0,1.0,100.0,2.09,2.09,0.0,0.0,22.0,15.9,,0,2,22.0,1,0.5,1.0,1.0,0.0,0.0,3.17,0.0,1.0,1.0,0.0,0.0,0.0,1.0,,,0.0,,,,,,,,,,,,,,,,,,
아메드 파트히,카타르,카타르,MF,33,1993,,3,1,150.0,1.7,0.0,0.0,0.0,0.0,0.0,0.0,2.0,0.0,0.0,0.0,0.0,0.0,0.0,0.0,0.0,,0.0,0.0,,,50.0,55.6,78.0,0,2,36.0,0,0.33,2.0,4.0,-2.0,-1.2,3.3,0.0,2.0,1.0,0.0,0.0,3.0,3.0,,,0.0,,,,,,,,,,,,,,,,,,
악람 아피프,카타르,카타르,"FW,MF",29,1996,,3,3,238.0,2.6,0.0,0.0,0.0,0.0,0.0,0.0,0.0,0.0,0.0,0.0,0.0,0.0,0.0,2.0,0.0,0.0,0.76,0.0,0.0,,79.0,88.1,79.0,2,0,,0,0.33,2.0,7.0,-5.0,-1.89,6.55,0.0,0.0,4.0,2.0,11.0,0.0,1.0,,,0.0,,,,,,,,,,,,,,,,,,
알-하시미 알-후스산이,카타르,카타르,MF,22,2003,,1,0,32.0,0.4,0.0,0.0,0.0,0.0,0.0,0.0,0.0,0.0,0.0,0.0,0.0,0.0,0.0,0.0,0.0,,0.0,0.0,,,32.0,11.9,,0,1,32.0,2,0.0,0.0,3.0,-3.0,-8.44,-6.55,0.0,2.0,2.0,0.0,0.0,1.0,2.0,,,0.0,,,,,,,,,,,,,,,,,,
알뫼즈 아리,카타르,카타르,FW,29,1996,,1,0,19.0,0.2,0.0,0.0,0.0,0.0,0.0,0.0,0.0,0.0,0.0,0.0,0.0,0.0,0.0,1.0,1.0,100.0,4.74,4.74,0.0,0.0,19.0,7.0,,0,1,19.0,2,0.0,0.0,1.0,-1.0,-4.74,-2.23,0.0,0.0,0.0,0.0,0.0,0.0,0.0,,,0.0,,,,,,,,,,,,,,,,,,
아스심 마디보,카타르,카타르,MF,29,1996,,2,2,131.0,1.5,0.0,0.0,0.0,0.0,0.0,0.0,0.0,1.0,0.0,0.0,0.0,0.0,0.0,0.0,0.0,,0.0,0.0,,,66.0,48.5,66.0,0,0,,0,0.5,0.0,4.0,-4.0,-2.75,-0.16,0.0,2.0,1.0,0.0,0.0,4.0,1.0,,,0.0,,,,,,,,,,,,,,,,,,
압 알-오,카타르,카타르,DF,21,2005,,2,2,149.0,1.7,0.0,0.0,0.0,0.0,0.0,0.0,0.0,0.0,0.0,0.0,0.0,0.0,0.0,0.0,0.0,,0.0,0.0,,,75.0,55.2,75.0,1,0,,1,0.5,0.0,7.0,-7.0,-4.23,-3.48,0.0,1.0,0.0,0.0,0.0,2.0,0.0,,,0.0,,,,,,,,,,,,,,,,,,
보렘 콕이히,카타르,카타르,DF,35,1990,,3,3,270.0,3.0,1.0,0.0,1.0,1.0,0.0,0.0,0.0,0.0,0.33,0.0,0.33,0.33,0.33,3.0,1.0,33.3,1.0,0.33,0.33,1.0,90.0,100.0,90.0,3,0,,0,0.33,2.0,10.0,-8.0,-2.67,,0.0,2.0,1.0,0.0,2.0,3.0,3.0,,,0.0,,,,,,,,,,,,,,,,,,
에드밀손 주닐,카타르,카타르,"MF,FW",31,1994,,3,3,210.0,2.3,0.0,1.0,1.0,0.0,0.0,0.0,0.0,0.0,0.0,0.43,0.43,0.0,0.43,3.0,2.0,66.7,1.29,0.86,0.0,0.0,70.0,77.8,70.0,0,0,,0,0.33,1.0,6.0,-5.0,-2.14,2.36,0.0,4.0,2.0,1.0,4.0,0.0,1.0,,,0.0,,,,,,,,,,,,,,,,,,
하스산 알-헤이도스,카타르,카타르,MF,35,1990,,2,1,57.0,0.6,1.0,0.0,1.0,1.0,0.0,0.0,0.0,0.0,1.58,0.0,1.58,1.58,1.58,1.0,1.0,100.0,1.58,1.58,1.0,1.0,29.0,21.1,54.0,0,1,3.0,1,0.5,2.0,2.0,0.0,0.0,3.38,0.0,1.0,1.0,0.0,0.0,0.0,0.0,,,0.0,,,,,,,,,,,,,,,,,,
호맘 아메드,카타르,카타르,DF,26,1999,쿨투랄 레오네사,2,2,122.0,1.4,0.0,1.0,1.0,0.0,0.0,0.0,0.0,1.0,0.0,0.74,0.74,0.0,0.74,1.0,0.0,0.0,0.74,0.0,0.0,,61.0,45.2,61.0,1,0,,0,0.5,1.0,3.0,-2.0,-1.48,2.17,0.0,4.0,0.0,0.0,3.0,3.0,1.0,,,0.0,,,,,,,,,,,,,,,,,,
이스사 라,카타르,카타르,"MF,DF",28,1997,,3,3,270.0,3.0,0.0,0.0,0.0,0.0,0.0,0.0,0.0,0.0,0.0,0.0,0.0,0.0,0.0,1.0,0.0,0.0,0.33,0.0,0.0,,90.0,100.0,90.0,3,0,,0,0.33,2.0,10.0,-8.0,-2.67,,0.0,0.0,3.0,0.0,0.0,1.0,1.0,,,0.0,,,,,,,,,,,,,,,,,,
자스셈 가벨,카타르,카타르,MF,24,2002,,3,3,149.0,1.7,0.0,0.0,0.0,0.0,0.0,0.0,1.0,0.0,0.0,0.0,0.0,0.0,0.0,0.0,0.0,,0.0,0.0,,,50.0,55.2,50.0,0,0,,0,0.33,1.0,6.0,-5.0,-3.02,-0.79,0.0,7.0,0.0,0.0,0.0,0.0,2.0,,,0.0,,,,,,,,,,,,,,,,,,
카림 보이디프,카타르,카타르,MF,35,1990,,2,1,102.0,1.1,0.0,0.0,0.0,0.0,0.0,0.0,0.0,0.0,0.0,0.0,0.0,0.0,0.0,1.0,0.0,0.0,0.88,0.0,0.0,,51.0,37.8,71.0,0,1,31.0,1,0.5,2.0,2.0,0.0,0.0,4.29,0.0,0.0,2.0,0.0,0.0,0.0,0.0,,,0.0,,,,,,,,,,,,,,,,,,
루카스 멘데스,카타르,카타르,DF,35,1990,,1,0,4.0,0.0,0.0,0.0,0.0,0.0,0.0,0.0,0.0,0.0,0.0,0.0,0.0,0.0,0.0,0.0,0.0,,0.0,0.0,,,4.0,1.5,,0,1,4.0,2,0.0,0.0,1.0,-1.0,-22.5,-20.13,0.0,0.0,0.0,1.0,0.0,0.0,0.0,,,0.0,,,,,,,,,,,,,,,,,,
마모이드 아부나다,카타르,카타르,GK,26,2000,,3,3,270.0,3.0,0.0,0.0,0.0,0.0,0.0,0.0,1.0,0.0,0.0,0.0,0.0,0.0,0.0,0.0,0.0,,0.0,0.0,,,90.0,100.0,90.0,3,0,,0,0.33,2.0,10.0,-8.0,-2.67,,0.0,1.0,1.0,0.0,0.0,0.0,0.0,,,1.0,3.0,3.0,270.0,10.0,3.33,22.0,12.0,54.5,0.0,1.0,2.0,0.0,0.0,1.0,1.0,0.0,0.0,0.0
메스할 바르스함,카타르,카타르,GK,28,1998,,0,0,,,,,,,,,,,,,,,,,,,,,,,,,,0,0,,3,,,,,,,,,,,,,,,,,,,,,,,,,,,,,,,,,,
모하메드 마나이,카타르,카타르,DF,23,2002,,3,0,69.0,0.8,0.0,0.0,0.0,0.0,0.0,0.0,0.0,0.0,0.0,0.0,0.0,0.0,0.0,0.0,0.0,,0.0,0.0,,,23.0,25.6,,0,3,23.0,0,0.33,1.0,4.0,-3.0,-3.91,-1.67,0.0,3.0,0.0,0.0,0.0,2.0,0.0,,,1.0,,,,,,,,,,,,,,,,,,
모함메드 문타리,카타르,카타르,FW,32,1993,,0,0,,,,,,,,,,,,,,,,,,,,,,,,,,0,0,,3,,,,,,,,,,,,,,,,,,,,,,,,,,,,,,,,,,
로-로,카타르,카타르,DF,35,1990,,3,3,270.0,3.0,0.0,0.0,0.0,0.0,0.0,0.0,0.0,0.0,0.0,0.0,0.0,0.0,0.0,3.0,1.0,33.3,1.0,0.33,0.0,0.0,90.0,100.0,90.0,3,0,,0,0.33,2.0,10.0,-8.0,-2.67,,0.0,1.0,7.0,0.0,2.0,3.0,4.0,,,0.0,,,,,,,,,,,,,,,,,,
사라 자카리,카타르,카타르,GK,27,1999,,0,0,,,,,,,,,,,,,,,,,,,,,,,,,,0,0,,3,,,,,,,,,,,,,,,,,,,,,,,,,,,,,,,,,,
술탄 알-브라케,카타르,카타르,DF,30,1996,,2,1,141.0,1.6,0.0,0.0,0.0,0.0,0.0,0.0,0.0,0.0,0.0,0.0,0.0,0.0,0.0,0.0,0.0,,0.0,0.0,,,71.0,52.2,90.0,1,1,51.0,1,0.0,1.0,7.0,-6.0,-3.83,-2.43,0.0,2.0,0.0,0.0,5.0,2.0,1.0,,,0.0,,,,,,,,,,,,,,,,,,
타신 자므스히드,카타르,카타르,FW,19,2006,,0,0,,,,,,,,,,,,,,,,,,,,,,,,,,0,0,,3,,,,,,,,,,,,,,,,,,,,,,,,,,,,,,,,,,
이수프 압두리삭,카타르,카타르,FW,26,1999,,2,2,98.0,1.1,0.0,0.0,0.0,0.0,0.0,0.0,0.0,0.0,0.0,0.0,0.0,0.0,0.0,0.0,0.0,,0.0,0.0,,,49.0,36.3,49.0,0,0,,1,0.5,0.0,3.0,-3.0,-2.76,-0.14,0.0,1.0,2.0,0.0,0.0,1.0,2.0,,,0.0,,,,,,,,,,,,,,,,,,
압두레라 알-암리,사우디아라비아,사우디아라비아,DF,29,1997,,3,3,239.0,2.7,1.0,0.0,1.0,1.0,0.0,0.0,1.0,0.0,0.38,0.0,0.38,0.38,0.38,4.0,2.0,50.0,1.51,0.75,0.25,0.5,80.0,88.5,80.0,2,0,,0,0.67,1.0,5.0,-4.0,-1.51,-1.51,0.0,1.0,0.0,0.0,1.0,4.0,2.0,,,0.0,,,,,,,,,,,,,,,,,,
압둘라 알-함단,사우디아라비아,사우디아라비아,FW,26,1999,알나스르,3,0,71.0,0.8,0.0,0.0,0.0,0.0,0.0,0.0,0.0,0.0,0.0,0.0,0.0,0.0,0.0,2.0,2.0,100.0,2.54,2.54,0.0,0.0,24.0,26.3,,0,3,24.0,0,0.67,0.0,1.0,-1.0,-1.27,0.09,0.0,2.0,0.0,0.0,1.0,0.0,0.0,,,0.0,,,,,,,,,,,,,,,,,,
압둘라 알-카이바리,사우디아라비아,사우디아라비아,MF,29,1996,알나스르,3,3,180.0,2.0,0.0,0.0,0.0,0.0,0.0,0.0,0.0,0.0,0.0,0.0,0.0,0.0,0.0,1.0,0.0,0.0,0.5,0.0,0.0,,60.0,66.7,60.0,1,0,,0,0.67,1.0,4.0,-3.0,-1.5,-0.5,0.0,0.0,2.0,0.0,0.0,1.0,1.0,,,0.0,,,,,,,,,,,,,,,,,,
아메드 알-카스살,사우디아라비아,사우디아라비아,GK,35,1991,,0,0,,,,,,,,,,,,,,,,,,,,,,,,,,0,0,,3,,,,,,,,,,,,,,,,,,,,,,,,,,,,,,,,,,
아라 알 헤즈지,사우디아라비아,사우디아라비아,MF,30,1995,네옴 SC,2,0,32.0,0.4,0.0,0.0,0.0,0.0,0.0,0.0,0.0,0.0,0.0,0.0,0.0,0.0,0.0,0.0,0.0,,0.0,0.0,,,16.0,11.9,,0,2,16.0,1,0.5,0.0,0.0,0.0,0.0,1.51,0.0,0.0,0.0,0.0,0.0,1.0,0.0,,,0.0,,,,,,,,,,,,,,,,,,
아리 라자미,사우디아라비아,사우디아라비아,DF,30,1996,알힐랄,3,1,149.0,1.7,0.0,0.0,0.0,0.0,0.0,0.0,0.0,0.0,0.0,0.0,0.0,0.0,0.0,0.0,0.0,,0.0,0.0,,,50.0,55.2,90.0,1,2,30.0,0,0.67,0.0,4.0,-4.0,-2.42,-2.42,0.0,0.0,2.0,0.0,0.0,3.0,2.0,,,0.0,,,,,,,,,,,,,,,,,,
아리 마즈라스히,사우디아라비아,사우디아라비아,DF,26,1999,,0,0,,,,,,,,,,,,,,,,,,,,,,,,,,0,0,,3,,,,,,,,,,,,,,,,,,,,,,,,,,,,,,,,,,
에이만 이히,사우디아라비아,사우디아라비아,MF,25,2001,,0,0,,,,,,,,,,,,,,,,,,,,,,,,,,0,0,,3,,,,,,,,,,,,,,,,,,,,,,,,,,,,,,,,,,
피라스 알-부라이칸,사우디아라비아,사우디아라비아,FW,26,2000,알아흘리,3,3,238.0,2.6,0.0,0.0,0.0,0.0,0.0,0.0,1.0,0.0,0.0,0.0,0.0,0.0,0.0,0.0,0.0,,0.0,0.0,,,79.0,88.1,79.0,1,0,,0,0.67,1.0,5.0,-4.0,-1.51,-1.51,0.0,2.0,3.0,0.0,0.0,1.0,0.0,,,0.0,,,,,,,,,,,,,,,,,,
하스산 알 탐박티,사우디아라비아,사우디아라비아,DF,27,1999,알힐랄,3,3,212.0,2.4,0.0,0.0,0.0,0.0,0.0,0.0,0.0,0.0,0.0,0.0,0.0,0.0,0.0,0.0,0.0,,0.0,0.0,,,71.0,78.5,71.0,2,0,,0,0.67,1.0,5.0,-4.0,-1.7,-1.7,0.0,0.0,1.0,0.0,0.0,3.0,3.0,,,1.0,,,,,,,,,,,,,,,,,,
하스산 카데시,사우디아라비아,사우디아라비아,DF,33,1992,,0,0,,,,,,,,,,,,,,,,,,,,,,,,,,0,0,,3,,,,,,,,,,,,,,,,,,,,,,,,,,,,,,,,,,
제하드 삭리,사우디아라비아,사우디아라비아,DF,24,2001,,0,0,,,,,,,,,,,,,,,,,,,,,,,,,,0,0,,3,,,,,,,,,,,,,,,,,,,,,,,,,,,,,,,,,,
카리드 알 간남,사우디아라비아,사우디아라비아,MF,25,2000,알이티파크,1,0,1.0,0.0,0.0,0.0,0.0,0.0,0.0,0.0,0.0,0.0,0.0,0.0,0.0,0.0,0.0,0.0,0.0,,0.0,0.0,,,1.0,0.4,,0,1,1.0,2,0.0,0.0,0.0,0.0,0.0,1.34,0.0,0.0,0.0,0.0,0.0,0.0,0.0,,,0.0,,,,,,,,,,,,,,,,,,
모하메드 칸노,사우디아라비아,사우디아라비아,MF,31,1994,알힐랄,3,2,225.0,2.5,0.0,0.0,0.0,0.0,0.0,0.0,1.0,0.0,0.0,0.0,0.0,0.0,0.0,3.0,2.0,66.7,1.2,0.8,0.0,0.0,75.0,83.3,90.0,2,1,45.0,0,0.67,1.0,2.0,-1.0,-0.4,5.6,0.0,5.0,0.0,0.0,0.0,2.0,4.0,,,0.0,,,,,,,,,,,,,,,,,,
모함메드 아부 알-사마트,사우디아라비아,사우디아라비아,MF,23,2002,알카드시아,3,1,136.0,1.5,0.0,0.0,0.0,0.0,0.0,0.0,0.0,0.0,0.0,0.0,0.0,0.0,0.0,1.0,1.0,100.0,0.66,0.66,0.0,0.0,45.0,50.4,80.0,0,2,28.0,0,0.67,1.0,1.0,0.0,0.0,2.69,0.0,2.0,1.0,0.0,3.0,1.0,3.0,,,0.0,,,,,,,,,,,,,,,,,,
모함메드 알-오아이스,사우디아라비아,사우디아라비아,GK,34,1991,알울라,3,3,270.0,3.0,0.0,0.0,0.0,0.0,0.0,0.0,0.0,0.0,0.0,0.0,0.0,0.0,0.0,0.0,0.0,,0.0,0.0,,,90.0,100.0,90.0,3,0,,0,0.67,1.0,5.0,-4.0,-1.33,,0.0,0.0,1.0,0.0,0.0,0.0,0.0,,,0.0,3.0,3.0,270.0,5.0,1.67,21.0,16.0,76.2,0.0,2.0,1.0,1.0,33.3,0.0,0.0,0.0,0.0,
모텝 알-할비,사우디아라비아,사우디아라비아,DF,26,2000,알힐랄,3,2,188.0,2.1,0.0,0.0,0.0,0.0,0.0,0.0,0.0,0.0,0.0,0.0,0.0,0.0,0.0,0.0,0.0,,0.0,0.0,,,63.0,69.6,90.0,1,1,9.0,0,0.67,1.0,5.0,-4.0,-1.91,-1.91,0.0,0.0,4.0,0.0,1.0,4.0,1.0,,,0.0,,,,,,,,,,,,,,,,,,
무삽 알 주엘이,사우디아라비아,사우디아라비아,"MF,FW",22,2003,알카드시아,3,2,152.0,1.7,0.0,0.0,0.0,0.0,0.0,0.0,0.0,0.0,0.0,0.0,0.0,0.0,0.0,0.0,0.0,,0.0,0.0,,,51.0,56.3,54.0,0,1,45.0,0,0.67,1.0,3.0,-2.0,-1.18,0.34,0.0,1.0,1.0,2.0,7.0,1.0,3.0,,,0.0,,,,,,,,,,,,,,,,,,
나스셀 알-다사리,사우디아라비아,사우디아라비아,MF,27,1998,알힐랄,3,2,207.0,2.3,0.0,0.0,0.0,0.0,0.0,0.0,1.0,0.0,0.0,0.0,0.0,0.0,0.0,1.0,0.0,0.0,0.43,0.0,0.0,,69.0,76.7,90.0,1,1,28.0,0,0.67,0.0,5.0,-5.0,-2.17,-3.6,0.0,7.0,2.0,0.0,1.0,4.0,4.0,,,0.0,,,,,,,,,,,,,,,,,,
나아프 알 아키디,사우디아라비아,사우디아라비아,GK,26,2000,,0,0,,,,,,,,,,,,,,,,,,,,,,,,,,0,0,,3,,,,,,,,,,,,,,,,,,,,,,,,,,,,,,,,,,
나아프 보이스할,사우디아라비아,사우디아라비아,DF,26,1999,알나스르,2,1,91.0,1.0,0.0,0.0,0.0,0.0,0.0,0.0,0.0,0.0,0.0,0.0,0.0,0.0,0.0,0.0,0.0,,0.0,0.0,,,46.0,33.7,81.0,0,1,10.0,1,1.0,0.0,0.0,0.0,0.0,2.01,0.0,1.0,1.0,0.0,0.0,1.0,0.0,,,0.0,,,,,,,,,,,,,,,,,,
사레 알-세리,사우디아라비아,사우디아라비아,FW,32,1993,,0,0,,,,,,,,,,,,,,,,,,,,,,,,,,0,0,,3,,,,,,,,,,,,,,,,,,,,,,,,,,,,,,,,,,
사렘 알-다사리,사우디아라비아,사우디아라비아,MF,34,1991,알힐랄,3,3,245.0,2.7,0.0,0.0,0.0,0.0,0.0,0.0,1.0,0.0,0.0,0.0,0.0,0.0,0.0,3.0,0.0,0.0,1.1,0.0,0.0,,82.0,90.7,82.0,2,0,,0,0.67,1.0,5.0,-4.0,-1.47,-1.47,0.0,3.0,4.0,1.0,3.0,1.0,1.0,,,0.0,,,,,,,,,,,,,,,,,,
소드 압둘하미드,사우디아라비아,사우디아라비아,DF,26,1999,랑스,3,3,269.0,3.0,0.0,0.0,0.0,0.0,0.0,0.0,1.0,0.0,0.0,0.0,0.0,0.0,0.0,2.0,0.0,0.0,0.67,0.0,0.0,,90.0,99.6,90.0,2,0,,0,0.67,1.0,5.0,-4.0,-1.34,-1.34,0.0,4.0,2.0,0.0,5.0,2.0,9.0,,,0.0,,,,,,,,,,,,,,,,,,
술탄 멘다시,사우디아라비아,사우디아라비아,MF,31,1994,알힐랄,1,1,65.0,0.7,0.0,0.0,0.0,0.0,0.0,0.0,0.0,0.0,0.0,0.0,0.0,0.0,0.0,0.0,0.0,,0.0,0.0,,,65.0,24.1,65.0,0,0,,2,1.0,0.0,0.0,0.0,0.0,1.76,0.0,1.0,2.0,0.0,0.0,0.0,3.0,,,0.0,,,,,,,,,,,,,,,,,,
지드 알 조하니,사우디아라비아,사우디아라비아,MF,24,2001,,0,0,,,,,,,,,,,,,,,,,,,,,,,,,,0,0,,3,,,,,,,,,,,,,,,,,,,,,,,,,,,,,,,,,,
아론 히크케이,스코틀랜드,스코틀랜드,DF,24,2002,브렌트포드,1,1,74.0,0.8,0.0,0.0,0.0,0.0,0.0,0.0,1.0,0.0,0.0,0.0,0.0,0.0,0.0,0.0,0.0,,0.0,0.0,,,74.0,27.4,74.0,0,0,,2,3.0,1.0,0.0,1.0,1.22,3.05,0.0,2.0,4.0,0.0,1.0,1.0,0.0,,,0.0,,,,,,,,,,,,,,,,,,
안디 로베르트손,스코틀랜드,스코틀랜드,DF,32,1994,리버풀,3,3,225.0,2.5,0.0,0.0,0.0,0.0,0.0,0.0,1.0,0.0,0.0,0.0,0.0,0.0,0.0,0.0,0.0,,0.0,0.0,,,75.0,83.3,75.0,2,0,,0,1.0,1.0,3.0,-2.0,-0.8,1.2,0.0,3.0,1.0,0.0,10.0,2.0,1.0,,,0.0,,,,,,,,,,,,,,,,,,
안구스 군느,스코틀랜드,스코틀랜드,GK,30,1996,노팅엄 포레스트,3,3,270.0,3.0,0.0,0.0,0.0,0.0,0.0,0.0,0.0,0.0,0.0,0.0,0.0,0.0,0.0,0.0,0.0,,0.0,0.0,,,90.0,100.0,90.0,3,0,,0,1.0,1.0,4.0,-3.0,-1.0,,0.0,0.0,0.0,0.0,0.0,0.0,1.0,,,0.0,3.0,3.0,270.0,4.0,1.33,12.0,8.0,66.7,1.0,0.0,2.0,1.0,33.3,0.0,0.0,0.0,0.0,
아느트호니 라르스톤,스코틀랜드,스코틀랜드,DF,27,1998,셀틱,2,0,11.0,0.1,0.0,0.0,0.0,0.0,0.0,0.0,0.0,0.0,0.0,0.0,0.0,0.0,0.0,1.0,1.0,100.0,8.18,8.18,0.0,0.0,6.0,4.1,,0,2,6.0,1,0.0,0.0,0.0,0.0,0.0,1.04,0.0,2.0,0.0,0.0,1.0,0.0,0.0,,,0.0,,,,,,,,,,,,,,,,,,
벤 간논-독,스코틀랜드,스코틀랜드,MF,20,2005,본머스,3,2,186.0,2.1,0.0,0.0,0.0,0.0,0.0,0.0,0.0,0.0,0.0,0.0,0.0,0.0,0.0,4.0,0.0,0.0,1.94,0.0,0.0,,62.0,68.9,78.0,0,1,31.0,0,1.0,1.0,3.0,-2.0,-0.97,0.1,0.0,3.0,1.0,0.0,6.0,0.0,1.0,,,0.0,,,,,,,,,,,,,,,,,,
체 아다므스,스코틀랜드,스코틀랜드,FW,29,1996,토리노,3,2,145.0,1.6,0.0,0.0,0.0,0.0,0.0,0.0,0.0,0.0,0.0,0.0,0.0,0.0,0.0,1.0,1.0,100.0,0.62,0.62,0.0,0.0,48.0,53.7,72.0,0,1,1.0,0,1.0,1.0,1.0,0.0,0.0,2.16,0.0,4.0,2.0,0.0,0.0,0.0,1.0,,,0.0,,,,,,,,,,,,,,,,,,
크락이 골돈,스코틀랜드,스코틀랜드,GK,43,1982,,0,0,,,,,,,,,,,,,,,,,,,,,,,,,,0,0,,3,,,,,,,,,,,,,,,,,,,,,,,,,,,,,,,,,,
도미니크 힘,스코틀랜드,스코틀랜드,DF,30,1995,,0,0,,,,,,,,,,,,,,,,,,,,,,,,,,0,0,,3,,,,,,,,,,,,,,,,,,,,,,,,,,,,,,,,,,
피느드레이 쿨티스,스코틀랜드,스코틀랜드,MF,19,2006,킬마넉,2,0,9.0,0.1,0.0,0.0,0.0,0.0,0.0,0.0,1.0,0.0,0.0,0.0,0.0,0.0,0.0,0.0,0.0,,0.0,0.0,,,5.0,3.3,,0,2,5.0,1,1.5,0.0,0.0,0.0,0.0,1.03,0.0,1.0,0.0,0.0,1.0,0.0,0.0,,,0.0,,,,,,,,,,,,,,,,,,
겔게 히르스트,스코틀랜드,스코틀랜드,FW,27,1999,,0,0,,,,,,,,,,,,,,,,,,,,,,,,,,0,0,,3,,,,,,,,,,,,,,,,,,,,,,,,,,,,,,,,,,
그라느트 한레이,스코틀랜드,스코틀랜드,DF,34,1991,히버니안,2,2,180.0,2.0,0.0,0.0,0.0,0.0,0.0,0.0,0.0,0.0,0.0,0.0,0.0,0.0,0.0,0.0,0.0,,0.0,0.0,,,90.0,66.7,90.0,2,0,,1,1.5,1.0,1.0,0.0,0.0,3.0,0.0,1.0,0.0,1.0,0.0,1.0,2.0,,,0.0,,,,,,,,,,,,,,,,,,
작크 헤느드리,스코틀랜드,스코틀랜드,DF,31,1995,알이티파크,3,3,270.0,3.0,0.0,0.0,0.0,0.0,0.0,0.0,0.0,0.0,0.0,0.0,0.0,0.0,0.0,0.0,0.0,,0.0,0.0,,,90.0,100.0,90.0,3,0,,0,1.0,1.0,4.0,-3.0,-1.0,,0.0,1.0,3.0,0.0,0.0,0.0,2.0,,,0.0,,,,,,,,,,,,,,,,,,
존흐 므크긴느,스코틀랜드,스코틀랜드,MF,31,1994,아스톤 빌라,3,3,259.0,2.9,1.0,0.0,1.0,1.0,0.0,0.0,0.0,0.0,0.35,0.0,0.35,0.35,0.35,3.0,1.0,33.3,1.04,0.35,0.33,1.0,86.0,95.9,86.0,0,0,,0,1.0,1.0,4.0,-3.0,-1.04,-1.04,0.0,2.0,11.0,0.0,10.0,0.0,0.0,,,0.0,,,,,,,,,,,,,,,,,,
존흐 소이트탈,스코틀랜드,스코틀랜드,DF,29,1996,,0,0,,,,,,,,,,,,,,,,,,,,,,,,,,0,0,,3,,,,,,,,,,,,,,,,,,,,,,,,,,,,,,,,,,
켄니 므크린,스코틀랜드,스코틀랜드,MF,34,1992,노리치 시티,3,1,118.0,1.3,0.0,0.0,0.0,0.0,0.0,0.0,1.0,0.0,0.0,0.0,0.0,0.0,0.0,1.0,0.0,0.0,0.76,0.0,0.0,,39.0,43.7,90.0,1,2,14.0,0,1.0,0.0,3.0,-3.0,-2.29,-2.29,0.0,1.0,1.0,0.0,2.0,2.0,1.0,,,0.0,,,,,,,,,,,,,,,,,,
키란 틸네이,스코틀랜드,스코틀랜드,MF,29,1997,셀틱,2,1,104.0,1.2,0.0,0.0,0.0,0.0,0.0,0.0,0.0,0.0,0.0,0.0,0.0,0.0,0.0,2.0,0.0,0.0,1.73,0.0,0.0,,52.0,38.5,59.0,0,1,45.0,1,0.0,0.0,2.0,-2.0,-1.73,-1.19,0.0,3.0,2.0,0.0,7.0,2.0,1.0,,,0.0,,,,,,,,,,,,,,,,,,
라렌케 삭느라느드,스코틀랜드,스코틀랜드,FW,30,1995,하트 오브 미들로시안,2,2,171.0,1.9,0.0,0.0,0.0,0.0,0.0,0.0,0.0,0.0,0.0,0.0,0.0,0.0,0.0,4.0,0.0,0.0,2.11,0.0,0.0,,86.0,63.3,86.0,0,0,,1,1.5,1.0,3.0,-2.0,-1.05,-0.14,0.0,5.0,3.0,1.0,0.0,0.0,1.0,,,0.0,,,,,,,,,,,,,,,,,,
레이스 펠구손,스코틀랜드,스코틀랜드,MF,26,1999,볼로냐,3,3,270.0,3.0,0.0,0.0,0.0,0.0,0.0,0.0,0.0,0.0,0.0,0.0,0.0,0.0,0.0,2.0,1.0,50.0,0.67,0.33,0.0,0.0,90.0,100.0,90.0,3,0,,0,1.0,1.0,4.0,-3.0,-1.0,,0.0,5.0,10.0,0.0,9.0,4.0,7.0,,,0.0,,,,,,,,,,,,,,,,,,
림 켈리,스코틀랜드,스코틀랜드,GK,30,1996,,0,0,,,,,,,,,,,,,,,,,,,,,,,,,,0,0,,3,,,,,,,,,,,,,,,,,,,,,,,,,,,,,,,,,,
린돈 디케스,스코틀랜드,스코틀랜드,"FW,MF",30,1995,찰턴 애슬레틱,2,0,36.0,0.4,0.0,0.0,0.0,0.0,0.0,0.0,0.0,0.0,0.0,0.0,0.0,0.0,0.0,1.0,0.0,0.0,2.5,0.0,0.0,,18.0,13.3,,0,2,18.0,1,1.5,0.0,0.0,0.0,0.0,1.15,0.0,2.0,0.0,0.0,1.0,0.0,0.0,,,0.0,,,,,,,,,,,,,,,,,,
나트한 파트텔손,스코틀랜드,스코틀랜드,DF,24,2001,에버턴,3,2,185.0,2.1,0.0,0.0,0.0,0.0,0.0,0.0,0.0,0.0,0.0,0.0,0.0,0.0,0.0,0.0,0.0,,0.0,0.0,,,62.0,68.5,85.0,0,1,16.0,0,1.0,0.0,4.0,-4.0,-1.95,-3.0,0.0,2.0,0.0,0.0,1.0,3.0,2.0,,,0.0,,,,,,,,,,,,,,,,,,
로스스 스테아르트,스코틀랜드,스코틀랜드,FW,29,1996,사우샘프턴,1,0,2.0,0.0,0.0,0.0,0.0,0.0,0.0,0.0,0.0,0.0,0.0,0.0,0.0,0.0,0.0,0.0,0.0,,0.0,0.0,,,2.0,0.7,,0,1,2.0,2,0.0,0.0,0.0,0.0,0.0,1.01,0.0,0.0,0.0,0.0,0.0,0.0,0.0,,,0.0,,,,,,,,,,,,,,,,,,
린 크흐리스티,스코틀랜드,스코틀랜드,MF,31,1995,본머스,3,1,95.0,1.1,0.0,0.0,0.0,0.0,0.0,0.0,1.0,0.0,0.0,0.0,0.0,0.0,0.0,2.0,0.0,0.0,1.89,0.0,0.0,,32.0,35.2,70.0,0,2,13.0,0,1.0,0.0,1.0,-1.0,-0.95,0.08,0.0,2.0,1.0,0.0,1.0,2.0,3.0,,,0.0,,,,,,,,,,,,,,,,,,
스코트트 므크켄나,스코틀랜드,스코틀랜드,DF,29,1996,디나모 자그레브,1,1,90.0,1.0,0.0,0.0,0.0,0.0,0.0,0.0,0.0,0.0,0.0,0.0,0.0,0.0,0.0,0.0,0.0,,0.0,0.0,,,90.0,33.3,90.0,1,0,,2,0.0,0.0,3.0,-3.0,-3.0,-3.0,0.0,0.0,0.0,0.0,0.0,0.0,0.0,,,0.0,,,,,,,,,,,,,,,,,,
스코트트 므크토미네이,스코틀랜드,스코틀랜드,MF,29,1996,나폴리,3,3,270.0,3.0,0.0,0.0,0.0,0.0,0.0,0.0,0.0,0.0,0.0,0.0,0.0,0.0,0.0,8.0,3.0,37.5,2.67,1.0,0.0,0.0,90.0,100.0,90.0,3,0,,0,1.0,1.0,4.0,-3.0,-1.0,,0.0,3.0,0.0,0.0,0.0,0.0,2.0,,,0.0,,,,,,,,,,,,,,,,,,
티렐 프레트크헬,스코틀랜드,스코틀랜드,MF,19,2007,,0,0,,,,,,,,,,,,,,,,,,,,,,,,,,0,0,,3,,,,,,,,,,,,,,,,,,,,,,,,,,,,,,,,,,
압도이라 섹크,세네갈,세네갈,DF,34,1992,,1,1,57.0,0.6,0.0,1.0,1.0,0.0,0.0,0.0,1.0,0.0,0.0,1.58,1.58,0.0,1.58,2.0,0.0,0.0,3.16,0.0,0.0,,57.0,14.6,57.0,0,0,,3,3.0,2.0,0.0,2.0,3.16,3.43,0.0,1.0,1.0,0.0,0.0,0.0,0.0,,,0.0,,,,,,,,,,,,,,,,,,
안토네 멘디,세네갈,세네갈,DF,22,2004,,0,0,,,,,,,,,,,,,,,,,,,,,,,,,,0,0,,4,,,,,,,,,,,,,,,,,,,,,,,,,,,,,,,,,,
아스사네 디,세네갈,세네갈,MF,20,2005,코모,1,0,10.0,0.1,0.0,0.0,0.0,0.0,0.0,0.0,0.0,0.0,0.0,0.0,0.0,0.0,0.0,0.0,0.0,,0.0,0.0,,,10.0,2.6,,0,1,10.0,3,3.0,1.0,0.0,1.0,9.0,9.0,0.0,0.0,0.0,0.0,0.0,0.0,1.0,,,0.0,,,,,,,,,,,,,,,,,,
밤바 딩,세네갈,세네갈,FW,26,2000,로리앙,1,0,8.0,0.1,0.0,0.0,0.0,0.0,0.0,0.0,0.0,0.0,0.0,0.0,0.0,0.0,0.0,0.0,0.0,,0.0,0.0,,,8.0,2.1,,0,1,8.0,3,0.0,1.0,1.0,0.0,0.0,-0.24,0.0,0.0,0.0,0.0,0.0,0.0,0.0,,,0.0,,,,,,,,,,,,,,,,,,
바라 사포코 느디,세네갈,세네갈,MF,18,2007,바이에른 뮌헨,1,0,26.0,0.3,0.0,0.0,0.0,0.0,0.0,0.0,0.0,0.0,0.0,0.0,0.0,0.0,0.0,1.0,1.0,100.0,3.46,3.46,0.0,0.0,26.0,6.7,,0,1,26.0,3,0.0,0.0,1.0,-1.0,-3.46,-3.96,0.0,0.0,2.0,0.0,0.0,0.0,0.0,,,0.0,,,,,,,,,,,,,,,,,,
체리프 느디,세네갈,세네갈,"FW,MF",30,1996,,0,0,,,,,,,,,,,,,,,,,,,,,,,,,,0,0,,4,,,,,,,,,,,,,,,,,,,,,,,,,,,,,,,,,,
엘 하드지 마릭크 디프,세네갈,세네갈,DF,21,2004,웨스트햄,3,2,171.0,1.9,0.0,0.0,0.0,0.0,0.0,0.0,0.0,0.0,0.0,0.0,0.0,0.0,0.0,0.0,0.0,,0.0,0.0,,,57.0,43.8,72.0,1,1,28.0,1,0.0,2.0,6.0,-4.0,-2.11,-4.16,0.0,2.0,0.0,0.0,8.0,1.0,1.0,,,0.0,,,,,,,,,,,,,,,,,,
하빕 딜라,세네갈,세네갈,MF,22,2004,선덜랜드,3,2,143.0,1.6,2.0,0.0,2.0,2.0,0.0,0.0,0.0,0.0,1.26,0.0,1.26,1.26,1.26,4.0,2.0,50.0,2.52,1.26,0.5,1.0,48.0,36.7,64.0,0,1,15.0,1,1.0,5.0,2.0,3.0,1.89,2.62,0.0,2.0,2.0,0.0,1.0,1.0,2.0,,,0.0,,,,,,,,,,,,,,,,,,
입라힘 므바,세네갈,세네갈,MF,18,2008,파리 생제르맹,4,1,157.0,1.7,1.0,0.0,1.0,1.0,0.0,0.0,0.0,0.0,0.57,0.0,0.57,0.57,0.57,4.0,1.0,25.0,2.29,0.57,0.25,1.0,39.0,40.3,56.0,0,3,34.0,0,0.75,4.0,6.0,-2.0,-1.15,-2.31,0.0,0.0,2.0,0.0,9.0,1.0,0.0,,,0.0,,,,,,,,,,,,,,,,,,
이드리스사 구,세네갈,세네갈,MF,36,1989,에버턴,4,4,361.0,4.0,0.0,0.0,0.0,0.0,0.0,0.0,0.0,0.0,0.0,0.0,0.0,0.0,0.0,5.0,1.0,20.0,1.25,0.25,0.0,0.0,90.0,92.6,90.0,2,0,,0,0.75,9.0,7.0,2.0,0.5,3.6,0.0,2.0,2.0,0.0,1.0,2.0,4.0,,,0.0,,,,,,,,,,,,,,,,,,
이리만 느디,세네갈,세네갈,FW,26,2000,에버턴,3,1,114.0,1.3,1.0,2.0,3.0,1.0,0.0,0.0,0.0,0.0,0.79,1.58,2.37,0.79,2.37,3.0,2.0,66.7,2.37,1.58,0.33,0.5,38.0,29.2,72.0,0,2,21.0,1,1.0,6.0,1.0,5.0,3.95,5.25,0.0,2.0,1.0,0.0,2.0,2.0,0.0,,,0.0,,,,,,,,,,,,,,,,,,
이스말이 자코브스,세네갈,세네갈,DF,26,1999,갈라타사라이,3,2,219.0,2.4,0.0,0.0,0.0,0.0,0.0,0.0,0.0,0.0,0.0,0.0,0.0,0.0,0.0,1.0,0.0,0.0,0.41,0.0,0.0,,73.0,56.2,91.0,1,1,37.0,1,1.0,8.0,3.0,5.0,2.05,4.16,0.0,2.0,0.0,0.0,18.0,2.0,2.0,,,0.0,,,,,,,,,,,,,,,,,,
이스마이라 살르,세네갈,세네갈,"MF,FW",28,1998,크리스탈 팰리스,4,4,364.0,4.0,4.0,1.0,5.0,4.0,0.0,0.0,0.0,0.0,0.99,0.25,1.24,0.99,1.24,17.0,6.0,35.3,4.2,1.48,0.24,0.67,91.0,93.3,91.0,2,0,,0,0.75,8.0,7.0,1.0,0.25,0.25,0.0,1.0,9.0,2.0,2.0,2.0,1.0,,,0.0,,,,,,,,,,,,,,,,,,
카리도이 코이리바리,세네갈,세네갈,DF,34,1991,알힐랄,2,2,161.0,1.8,0.0,0.0,0.0,0.0,0.0,0.0,0.0,0.0,0.0,0.0,0.0,0.0,0.0,0.0,0.0,,0.0,0.0,,,81.0,41.3,81.0,1,0,,2,0.0,2.0,6.0,-4.0,-2.24,-4.2,0.0,0.0,0.0,0.0,0.0,2.0,1.0,,,0.0,,,,,,,,,,,,,,,,,,
크레핀 디트타,세네갈,세네갈,DF,27,1999,모나코,4,4,390.0,4.3,0.0,0.0,0.0,0.0,0.0,0.0,0.0,0.0,0.0,0.0,0.0,0.0,0.0,1.0,0.0,0.0,0.23,0.0,0.0,,98.0,100.0,98.0,4,0,,0,0.75,10.0,9.0,1.0,0.23,,0.0,4.0,6.0,0.0,12.0,3.0,10.0,,,0.0,,,,,,,,,,,,,,,,,,
라미네 카마라,세네갈,세네갈,MF,22,2004,모나코,4,3,248.0,2.8,0.0,1.0,1.0,0.0,0.0,0.0,1.0,0.0,0.0,0.36,0.36,0.0,0.36,3.0,0.0,0.0,1.09,0.0,0.0,,62.0,63.6,64.0,0,1,55.0,0,0.75,3.0,7.0,-4.0,-1.45,-4.62,0.0,5.0,3.0,0.0,7.0,2.0,1.0,,,0.0,,,,,,,,,,,,,,,,,,
마마도이 살르,세네갈,세네갈,DF,20,2005,,0,0,,,,,,,,,,,,,,,,,,,,,,,,,,0,0,,4,,,,,,,,,,,,,,,,,,,,,,,,,,,,,,,,,,
모리 디,세네갈,세네갈,GK,32,1993,르아브르,3,2,238.0,2.6,0.0,0.0,0.0,0.0,0.0,0.0,0.0,0.0,0.0,0.0,0.0,0.0,0.0,0.0,0.0,,0.0,0.0,,,79.0,61.0,105.0,2,1,28.0,1,1.0,8.0,3.0,5.0,1.89,4.26,0.0,0.0,2.0,0.0,0.0,0.0,0.0,,,0.0,3.0,2.0,238.0,3.0,1.13,7.0,4.0,57.1,1.0,0.0,1.0,1.0,50.0,1.0,1.0,0.0,0.0,0.0
모이스사 닉하테,세네갈,세네갈,DF,30,1996,리옹,4,4,390.0,4.3,0.0,1.0,1.0,0.0,0.0,0.0,0.0,0.0,0.0,0.23,0.23,0.0,0.23,1.0,0.0,0.0,0.23,0.0,0.0,,98.0,100.0,98.0,4,0,,0,0.75,10.0,9.0,1.0,0.23,,0.0,3.0,6.0,0.0,2.0,4.0,1.0,,,0.0,,,,,,,,,,,,,,,,,,
니코라스 작크손,세네갈,세네갈,FW,24,2001,바이에른 뮌헨,4,2,234.0,2.6,0.0,1.0,1.0,0.0,0.0,0.0,0.0,0.0,0.0,0.38,0.38,0.0,0.38,7.0,3.0,42.9,2.69,1.15,0.0,0.0,59.0,60.0,86.0,1,2,31.0,0,0.75,5.0,6.0,-1.0,-0.38,-1.54,0.0,2.0,0.0,5.0,1.0,1.0,2.0,,,0.0,,,,,,,,,,,,,,,,,,
파페 구,세네갈,세네갈,MF,27,1999,비야레알,4,3,234.0,2.6,2.0,1.0,3.0,2.0,0.0,0.0,1.0,0.0,0.77,0.38,1.15,0.77,1.15,8.0,3.0,37.5,3.08,1.15,0.25,0.67,59.0,60.0,67.0,0,1,34.0,0,0.75,6.0,4.0,2.0,0.77,1.35,0.0,4.0,2.0,0.0,3.0,4.0,1.0,,,0.0,,,,,,,,,,,,,,,,,,
파페 마탈 살르,세네갈,세네갈,MF,23,2002,토트넘 홋스퍼,2,0,67.0,0.7,0.0,0.0,0.0,0.0,0.0,0.0,0.0,0.0,0.0,0.0,0.0,0.0,0.0,4.0,0.0,0.0,5.37,0.0,0.0,,34.0,17.2,,0,2,34.0,2,0.0,1.0,3.0,-2.0,-2.69,-3.52,0.0,1.0,0.0,0.0,0.0,1.0,0.0,,,0.0,,,,,,,,,,,,,,,,,,
파트헤 키스스,세네갈,세네갈,DF,32,1994,라요 바예카노,4,1,184.0,2.0,0.0,0.0,0.0,0.0,0.0,0.0,0.0,0.0,0.0,0.0,0.0,0.0,0.0,2.0,1.0,50.0,0.98,0.49,0.0,0.0,46.0,47.2,120.0,1,3,21.0,0,0.75,7.0,4.0,3.0,1.47,2.34,0.0,1.0,0.0,0.0,0.0,0.0,0.0,,,0.0,,,,,,,,,,,,,,,,,,
사디 마네,세네갈,세네갈,"MF,FW",34,1992,알나스르,4,4,362.0,4.0,0.0,1.0,1.0,0.0,0.0,0.0,0.0,0.0,0.0,0.25,0.25,0.0,0.25,6.0,3.0,50.0,1.49,0.75,0.0,0.0,91.0,92.8,91.0,3,0,,0,0.75,10.0,8.0,2.0,0.5,3.71,0.0,4.0,10.0,3.0,13.0,3.0,2.0,,,0.0,,,,,,,,,,,,,,,,,,
이반느 디프,세네갈,세네갈,GK,26,1999,,0,0,,,,,,,,,,,,,,,,,,,,,,,,,,0,0,,4,,,,,,,,,,,,,,,,,,,,,,,,,,,,,,,,,,
에도르드 멘디,세네갈,세네갈,GK,34,1992,알아흘리,2,2,152.0,1.7,0.0,0.0,0.0,0.0,0.0,0.0,0.0,0.0,0.0,0.0,0.0,0.0,0.0,0.0,0.0,,0.0,0.0,,,76.0,39.0,76.0,1,0,,0,0.0,2.0,6.0,-4.0,-2.37,-4.26,0.0,0.0,0.0,0.0,0.0,0.0,0.0,,,0.0,2.0,2.0,152.0,6.0,3.55,14.0,8.0,57.1,0.0,0.0,2.0,0.0,0.0,0.0,0.0,0.0,0.0,
옵레이 모디바,남아프리카공화국,남아프리카공화국,DF,30,1995,마멜로디 선다운즈,4,4,346.0,3.8,0.0,0.0,0.0,0.0,0.0,0.0,1.0,0.0,0.0,0.0,0.0,0.0,0.0,5.0,1.0,20.0,1.3,0.26,0.0,0.0,87.0,96.1,87.0,3,0,,0,1.0,2.0,4.0,-2.0,-0.52,-0.52,0.0,4.0,6.0,2.0,11.0,4.0,5.0,,,0.0,,,,,,,,,,,,,,,,,,
브라드레이 크로스스,남아프리카공화국,남아프리카공화국,DF,25,2001,,0,0,,,,,,,,,,,,,,,,,,,,,,,,,,0,0,,4,,,,,,,,,,,,,,,,,,,,,,,,,,,,,,,,,,
에비덴케 막고파,남아프리카공화국,남아프리카공화국,FW,26,2000,올랜도 파이리츠,4,2,215.0,2.4,0.0,0.0,0.0,0.0,0.0,0.0,0.0,0.0,0.0,0.0,0.0,0.0,0.0,4.0,3.0,75.0,1.67,1.26,0.0,0.0,54.0,59.7,88.0,1,2,20.0,0,1.0,2.0,0.0,2.0,0.84,3.32,0.0,1.0,1.0,2.0,0.0,1.0,1.0,,,0.0,,,,,,,,,,,,,,,,,,
이메 오콘,남아프리카공화국,남아프리카공화국,DF,22,2004,하노버96,4,4,360.0,4.0,0.0,0.0,0.0,0.0,0.0,0.0,0.0,0.0,0.0,0.0,0.0,0.0,0.0,1.0,0.0,0.0,0.25,0.0,0.0,,90.0,100.0,90.0,4,0,,0,1.0,2.0,4.0,-2.0,-0.5,,0.0,1.0,0.0,0.0,0.0,5.0,2.0,,,0.0,,,,,,,,,,,,,,,,,,
이크람 레이네르스,남아프리카공화국,남아프리카공화국,FW,30,1995,마멜로디 선다운즈,4,2,161.0,1.8,0.0,0.0,0.0,0.0,0.0,0.0,0.0,0.0,0.0,0.0,0.0,0.0,0.0,1.0,0.0,0.0,0.56,0.0,0.0,,40.0,44.7,70.0,0,2,11.0,0,1.0,0.0,4.0,-4.0,-2.24,-3.14,0.0,1.0,1.0,2.0,2.0,0.0,0.0,,,0.0,,,,,,,,,,,,,,,,,,
제이덴 아다므스,남아프리카공화국,남아프리카공화국,MF,25,2001,마멜로디 선다운즈,3,2,116.0,1.3,0.0,0.0,0.0,0.0,0.0,0.0,0.0,0.0,0.0,0.0,0.0,0.0,0.0,0.0,0.0,,0.0,0.0,,,39.0,32.2,53.0,0,1,11.0,1,1.33,0.0,2.0,-2.0,-1.55,-1.55,0.0,0.0,0.0,0.0,0.0,2.0,0.0,,,0.0,,,,,,,,,,,,,,,,,,
카모게로 세베레베레,남아프리카공화국,남아프리카공화국,"DF,MF",23,2002,올랜도 파이리츠,1,0,7.0,0.1,0.0,0.0,0.0,0.0,0.0,0.0,0.0,0.0,0.0,0.0,0.0,0.0,0.0,0.0,0.0,,0.0,0.0,,,7.0,1.9,,0,1,7.0,3,1.0,0.0,0.0,0.0,0.0,0.51,0.0,1.0,0.0,0.0,1.0,0.0,0.0,,,0.0,,,,,,,,,,,,,,,,,,
쿠리소 무도,남아프리카공화국,남아프리카공화국,DF,31,1995,마멜로디 선다운즈,4,4,360.0,4.0,0.0,0.0,0.0,0.0,0.0,0.0,0.0,0.0,0.0,0.0,0.0,0.0,0.0,0.0,0.0,,0.0,0.0,,,90.0,100.0,90.0,4,0,,0,1.0,2.0,4.0,-2.0,-0.5,,0.0,4.0,10.0,1.0,3.0,11.0,8.0,,,0.0,,,,,,,,,,,,,,,,,,
쿠루마니 느다마네,남아프리카공화국,남아프리카공화국,DF,22,2004,,0,0,,,,,,,,,,,,,,,,,,,,,,,,,,0,0,,4,,,,,,,,,,,,,,,,,,,,,,,,,,,,,,,,,,
리레 포스텔,남아프리카공화국,남아프리카공화국,FW,25,2000,번리,1,1,55.0,0.6,0.0,0.0,0.0,0.0,0.0,0.0,0.0,0.0,0.0,0.0,0.0,0.0,0.0,1.0,0.0,0.0,1.64,0.0,0.0,,55.0,15.3,55.0,0,0,,3,0.0,0.0,1.0,-1.0,-1.64,-1.34,0.0,0.0,1.0,0.0,0.0,0.0,0.0,,,0.0,,,,,,,,,,,,,,,,,,
므베케제리 므보카지,남아프리카공화국,남아프리카공화국,DF,20,2005,시카고 파이어,4,4,360.0,4.0,0.0,0.0,0.0,0.0,0.0,0.0,0.0,0.0,0.0,0.0,0.0,0.0,0.0,4.0,1.0,25.0,1.0,0.25,0.0,0.0,90.0,100.0,90.0,4,0,,0,1.0,2.0,4.0,-2.0,-0.5,,0.0,3.0,5.0,1.0,3.0,4.0,5.0,,,0.0,,,,,,,,,,,,,,,,,,
느코시나트히 시비시,남아프리카공화국,남아프리카공화국,DF,30,1995,올랜도 파이리츠,1,1,90.0,1.0,0.0,0.0,0.0,0.0,0.0,0.0,1.0,0.0,0.0,0.0,0.0,0.0,0.0,0.0,0.0,,0.0,0.0,,,90.0,25.0,90.0,1,0,,3,0.0,0.0,2.0,-2.0,-2.0,-2.0,0.0,1.0,0.0,0.0,0.0,1.0,0.0,,,0.0,,,,,,,,,,,,,,,,,,
올에트후 막하니,남아프리카공화국,남아프리카공화국,DF,22,2004,,0,0,,,,,,,,,,,,,,,,,,,,,,,,,,0,0,,4,,,,,,,,,,,,,,,,,,,,,,,,,,,,,,,,,,
오스인 압폴리스,남아프리카공화국,남아프리카공화국,"MF,FW",24,2001,올랜도 파이리츠,4,3,255.0,2.8,0.0,0.0,0.0,0.0,0.0,0.0,0.0,0.0,0.0,0.0,0.0,0.0,0.0,4.0,1.0,25.0,1.41,0.35,0.0,0.0,64.0,70.8,80.0,2,1,14.0,0,1.0,1.0,2.0,-1.0,-0.35,0.5,0.0,1.0,2.0,0.0,8.0,1.0,3.0,,,0.0,,,,,,,,,,,,,,,,,,
레레보히레 모포켕,남아프리카공화국,남아프리카공화국,MF,21,2004,올랜도 파이리츠,3,2,169.0,1.9,0.0,0.0,0.0,0.0,0.0,0.0,0.0,0.0,0.0,0.0,0.0,0.0,0.0,3.0,1.0,33.3,1.6,0.53,0.0,0.0,56.0,46.9,62.0,0,1,45.0,1,1.33,2.0,0.0,2.0,1.07,2.95,0.0,3.0,2.0,0.0,2.0,0.0,2.0,,,0.0,,,,,,,,,,,,,,,,,,
리칼도 고스스,남아프리카공화국,남아프리카공화국,GK,32,1994,,0,0,,,,,,,,,,,,,,,,,,,,,,,,,,0,0,,4,,,,,,,,,,,,,,,,,,,,,,,,,,,,,,,,,,
론엔 일리므스,남아프리카공화국,남아프리카공화국,GK,34,1992,마멜로디 선다운즈,4,4,360.0,4.0,0.0,0.0,0.0,0.0,0.0,0.0,0.0,0.0,0.0,0.0,0.0,0.0,0.0,0.0,0.0,,0.0,0.0,,,90.0,100.0,90.0,4,0,,0,1.0,2.0,4.0,-2.0,-0.5,,0.0,0.0,0.0,0.0,0.0,1.0,0.0,,,0.0,4.0,4.0,360.0,4.0,1.0,15.0,11.0,73.3,1.0,1.0,2.0,1.0,25.0,0.0,0.0,0.0,0.0,
사무케레 카비니,남아프리카공화국,남아프리카공화국,DF,22,2004,,0,0,,,,,,,,,,,,,,,,,,,,,,,,,,0,0,,4,,,,,,,,,,,,,,,,,,,,,,,,,,,,,,,,,,
십호 차이네,남아프리카공화국,남아프리카공화국,GK,29,1996,,0,0,,,,,,,,,,,,,,,,,,,,,,,,,,0,0,,4,,,,,,,,,,,,,,,,,,,,,,,,,,,,,,,,,,
스프헵헤로 시트호레,남아프리카공화국,남아프리카공화국,MF,27,1999,톤델라,3,3,229.0,2.5,0.0,0.0,0.0,0.0,0.0,0.0,0.0,1.0,0.0,0.0,0.0,0.0,0.0,0.0,0.0,,0.0,0.0,,,76.0,63.6,76.0,2,0,,0,1.0,1.0,2.0,-1.0,-0.39,0.29,0.0,5.0,1.0,0.0,0.0,5.0,5.0,,,0.0,,,,,,,,,,,,,,,,,,
테보호 모쾨나,남아프리카공화국,남아프리카공화국,MF,29,1997,마멜로디 선다운즈,3,3,270.0,3.0,1.0,0.0,1.0,0.0,1.0,1.0,2.0,0.0,0.33,0.0,0.33,0.0,0.0,4.0,2.0,50.0,1.33,0.67,0.0,0.0,90.0,75.0,90.0,3,0,,0,0.33,1.0,4.0,-3.0,-1.0,-2.0,0.0,3.0,6.0,0.0,5.0,5.0,3.0,,,0.0,,,,,,,,,,,,,,,,,,
사방 마투루디,남아프리카공화국,남아프리카공화국,DF,27,1999,,0,0,,,,,,,,,,,,,,,,,,,,,,,,,,0,0,,4,,,,,,,,,,,,,,,,,,,,,,,,,,,,,,,,,,
사렌테 므바트하,남아프리카공화국,남아프리카공화국,MF,26,2000,올랜도 파이리츠,4,2,260.0,2.9,0.0,0.0,0.0,0.0,0.0,0.0,1.0,0.0,0.0,0.0,0.0,0.0,0.0,4.0,1.0,25.0,1.38,0.35,0.0,0.0,65.0,72.2,90.0,2,2,40.0,0,1.0,2.0,3.0,-1.0,-0.35,0.55,0.0,4.0,0.0,0.0,4.0,5.0,2.0,,,0.0,,,,,,,,,,,,,,,,,,
사페로 마세코,남아프리카공화국,남아프리카공화국,"MF,FW",22,2003,,3,3,242.0,2.7,1.0,0.0,1.0,1.0,0.0,0.0,0.0,0.0,0.37,0.0,0.37,0.37,0.37,8.0,1.0,12.5,2.98,0.37,0.13,1.0,81.0,67.2,81.0,0,0,,1,1.33,2.0,1.0,1.0,0.37,2.66,0.0,4.0,10.0,0.0,2.0,2.0,1.0,,,0.0,,,,,,,,,,,,,,,,,,
셈바 즈아네,남아프리카공화국,남아프리카공화국,"FW,MF",36,1989,마멜로디 선다운즈,1,0,23.0,0.3,0.0,0.0,0.0,0.0,0.0,0.0,0.0,1.0,0.0,0.0,0.0,0.0,0.0,0.0,0.0,,0.0,0.0,,,23.0,6.4,,0,1,23.0,0,0.0,0.0,1.0,-1.0,-3.91,-3.65,0.0,1.0,0.0,0.0,0.0,0.0,0.0,,,0.0,,,,,,,,,,,,,,,,,,
트스헤팡 모레미,남아프리카공화국,남아프리카공화국,MF,25,2000,올랜도 파이리츠,2,0,34.0,0.4,0.0,1.0,1.0,0.0,0.0,0.0,0.0,0.0,0.0,2.65,2.65,0.0,2.65,0.0,0.0,,0.0,0.0,,,17.0,9.4,,0,2,17.0,2,1.5,1.0,1.0,0.0,0.0,0.55,0.0,1.0,1.0,0.0,0.0,0.0,1.0,,,0.0,,,,,,,,,,,,,,,,,,
에이메리크 라폴테,스페인,스페인,DF,32,1994,아틀레틱 클루브,8,8,727.0,8.1,0.0,1.0,1.0,0.0,0.0,0.0,1.0,0.0,0.0,0.12,0.12,0.0,0.12,5.0,2.0,40.0,0.62,0.25,0.0,0.0,91.0,96.9,91.0,6,0,,0,2.75,13.0,1.0,12.0,1.49,-2.43,0.0,5.0,4.0,0.0,1.0,14.0,3.0,,,0.0,,,,,,,,,,,,,,,,,,
볼자 익레시스,스페인,스페인,FW,33,1993,셀타 비고,1,0,1.0,0.0,0.0,0.0,0.0,0.0,0.0,0.0,0.0,0.0,0.0,0.0,0.0,0.0,0.0,0.0,0.0,,0.0,0.0,,,1.0,0.1,,0,1,1.0,7,3.0,0.0,0.0,0.0,0.0,-1.56,0.0,0.0,0.0,0.0,0.0,0.0,0.0,,,0.0,,,,,,,,,,,,,,,,,,
다니 올모,스페인,스페인,MF,28,1998,바르셀로나,8,6,491.0,5.5,0.0,2.0,2.0,0.0,0.0,0.0,0.0,0.0,0.0,0.37,0.37,0.0,0.37,13.0,2.0,15.4,2.38,0.37,0.0,0.0,61.0,65.5,75.0,0,2,21.0,0,2.75,9.0,1.0,8.0,1.47,-0.27,0.0,6.0,10.0,0.0,1.0,1.0,5.0,,,0.0,,,,,,,,,,,,,,,,,,
다비드 라,스페인,스페인,GK,30,1995,,0,0,,,,,,,,,,,,,,,,,,,,,,,,,,0,0,,8,,,,,,,,,,,,,,,,,,,,,,,,,,,,,,,,,,
에리크 갈키,스페인,스페인,"DF,MF",25,2001,바르셀로나,1,0,22.0,0.2,0.0,0.0,0.0,0.0,0.0,0.0,0.0,0.0,0.0,0.0,0.0,0.0,0.0,0.0,0.0,,0.0,0.0,,,22.0,2.9,,0,1,22.0,7,3.0,1.0,0.0,1.0,4.09,2.61,0.0,1.0,0.0,0.0,0.0,1.0,0.0,,,0.0,,,,,,,,,,,,,,,,,,
파빈 루즈 페나,스페인,스페인,MF,30,1996,파리 생제르맹,8,4,321.0,3.6,1.0,0.0,1.0,1.0,0.0,0.0,0.0,0.0,0.28,0.0,0.28,0.28,0.28,8.0,2.0,25.0,2.24,0.56,0.13,0.5,40.0,42.8,66.0,0,4,15.0,0,2.75,4.0,1.0,3.0,0.84,-1.26,0.0,1.0,3.0,0.0,9.0,4.0,3.0,,,0.0,,,,,,,,,,,,,,,,,,
펠란 톨레스,스페인,스페인,FW,26,2000,바르셀로나,8,1,288.0,3.2,1.0,1.0,2.0,1.0,0.0,0.0,1.0,0.0,0.31,0.31,0.62,0.31,0.62,14.0,4.0,28.6,4.37,1.25,0.07,0.25,36.0,38.4,80.0,0,7,30.0,0,2.75,5.0,0.0,5.0,1.56,0.0,0.0,6.0,4.0,3.0,4.0,0.0,0.0,,,0.0,,,,,,,,,,,,,,,,,,
가비,스페인,스페인,FW,21,2004,바르셀로나,2,1,76.0,0.8,0.0,0.0,0.0,0.0,0.0,0.0,0.0,0.0,0.0,0.0,0.0,0.0,0.0,1.0,0.0,0.0,1.18,0.0,0.0,,38.0,10.1,70.0,0,1,6.0,6,2.0,1.0,0.0,1.0,1.18,-0.42,0.0,2.0,1.0,0.0,2.0,1.0,2.0,,,0.0,,,,,,,,,,,,,,,,,,
존 갈키,스페인,스페인,GK,25,2001,,0,0,,,,,,,,,,,,,,,,,,,,,,,,,,0,0,,8,,,,,,,,,,,,,,,,,,,,,,,,,,,,,,,,,,
라민 야말,스페인,스페인,"MF,FW",18,2007,바르셀로나,8,7,614.0,6.8,1.0,0.0,1.0,1.0,0.0,0.0,0.0,0.0,0.15,0.0,0.15,0.15,0.15,27.0,12.0,44.4,3.96,1.76,0.04,0.08,77.0,81.9,85.0,4,1,20.0,0,2.75,12.0,1.0,11.0,1.61,0.29,0.0,14.0,9.0,7.0,34.0,2.0,9.0,,,0.0,,,,,,,,,,,,,,,,,,
마르크 쿠쿠렐라,스페인,스페인,DF,27,1998,첼시,8,8,750.0,8.3,0.0,2.0,2.0,0.0,0.0,0.0,1.0,0.0,0.0,0.24,0.24,0.0,0.24,5.0,3.0,60.0,0.6,0.36,0.0,0.0,94.0,100.0,94.0,8,0,,0,2.75,14.0,1.0,13.0,1.56,,0.0,8.0,5.0,4.0,13.0,7.0,4.0,,,0.0,,,,,,,,,,,,,,,,,,
마르크 푸빌르,스페인,스페인,DF,22,2003,아틀레티코 마드리드,1,0,1.0,0.0,0.0,0.0,0.0,0.0,0.0,0.0,0.0,0.0,0.0,0.0,0.0,0.0,0.0,0.0,0.0,,0.0,0.0,,,1.0,0.1,,0,1,1.0,7,3.0,0.0,0.0,0.0,0.0,-1.56,0.0,0.0,0.0,0.0,0.0,0.0,0.0,,,0.0,,,,,,,,,,,,,,,,,,
말코스 르로렌테,스페인,스페인,DF,31,1995,아틀레티코 마드리드,3,2,187.0,2.1,0.0,1.0,1.0,0.0,0.0,0.0,0.0,0.0,0.0,0.48,0.48,0.0,0.48,0.0,0.0,,0.0,0.0,,,62.0,24.9,90.0,2,1,7.0,5,2.33,1.0,0.0,1.0,0.48,-1.44,0.0,2.0,1.0,0.0,4.0,1.0,6.0,,,0.0,,,,,,,,,,,,,,,,,,
말틴 주비멘디,스페인,스페인,MF,27,1999,아스널,1,0,22.0,0.2,0.0,0.0,0.0,0.0,0.0,0.0,0.0,0.0,0.0,0.0,0.0,0.0,0.0,0.0,0.0,,0.0,0.0,,,22.0,2.9,,0,1,22.0,7,3.0,1.0,0.0,1.0,4.09,2.61,0.0,0.0,0.0,0.0,0.0,1.0,0.0,,,0.0,,,,,,,,,,,,,,,,,,
미켈 메리노,스페인,스페인,MF,29,1996,아스널,8,1,199.0,2.2,2.0,0.0,2.0,2.0,0.0,0.0,0.0,0.0,0.9,0.0,0.9,0.9,0.9,5.0,3.0,60.0,2.26,1.36,0.4,0.67,25.0,26.5,59.0,0,7,20.0,0,2.75,5.0,0.0,5.0,2.26,0.95,0.0,6.0,8.0,0.0,1.0,3.0,2.0,,,0.0,,,,,,,,,,,,,,,,,,
미켈 올자발,스페인,스페인,FW,29,1997,레알 소시에다드,8,8,601.0,6.7,5.0,1.0,6.0,4.0,1.0,1.0,0.0,0.0,0.75,0.15,0.9,0.6,0.75,23.0,12.0,52.2,3.44,1.8,0.17,0.33,75.0,80.1,75.0,2,0,,0,2.75,10.0,1.0,9.0,1.35,-1.07,0.0,4.0,5.0,1.0,3.0,1.0,5.0,,,0.0,,,,,,,,,,,,,,,,,,
니코 일리므스,스페인,스페인,MF,23,2002,아틀레틱 클루브,6,0,113.0,1.3,0.0,1.0,1.0,0.0,0.0,0.0,0.0,0.0,0.0,0.8,0.8,0.0,0.8,4.0,2.0,50.0,3.19,1.59,0.0,0.0,19.0,15.1,,0,6,19.0,2,2.67,2.0,0.0,2.0,1.59,0.04,0.0,2.0,1.0,1.0,9.0,1.0,1.0,,,0.0,,,,,,,,,,,,,,,,,,
포 쿠발시,스페인,스페인,DF,19,2007,바르셀로나,8,8,750.0,8.3,0.0,0.0,0.0,0.0,0.0,0.0,1.0,0.0,0.0,0.0,0.0,0.0,0.0,4.0,2.0,50.0,0.48,0.24,0.0,0.0,94.0,100.0,94.0,8,0,,0,2.75,14.0,1.0,13.0,1.56,,0.0,4.0,5.0,0.0,1.0,4.0,4.0,,,0.0,,,,,,,,,,,,,,,,,,
페드리,스페인,스페인,MF,23,2002,바르셀로나,8,5,499.0,5.5,0.0,0.0,0.0,0.0,0.0,0.0,1.0,0.0,0.0,0.0,0.0,0.0,0.0,5.0,2.0,40.0,0.9,0.36,0.0,0.0,62.0,66.5,78.0,1,3,36.0,0,2.75,10.0,0.0,10.0,1.8,0.73,0.0,4.0,5.0,1.0,13.0,10.0,8.0,,,0.0,,,,,,,,,,,,,,,,,,
페드로 폴로,스페인,스페인,DF,26,1999,토트넘 홋스퍼,6,6,563.0,6.3,2.0,0.0,2.0,2.0,0.0,0.0,0.0,0.0,0.32,0.0,0.32,0.32,0.32,7.0,3.0,42.9,1.12,0.48,0.29,0.67,94.0,75.1,94.0,5,0,,2,3.0,13.0,1.0,12.0,1.92,1.44,0.0,10.0,9.0,0.0,24.0,8.0,11.0,,,0.0,,,,,,,,,,,,,,,,,,
로드리,스페인,스페인,MF,29,1996,맨체스터 시티,8,8,724.0,8.0,0.0,0.0,0.0,0.0,0.0,0.0,0.0,0.0,0.0,0.0,0.0,0.0,0.0,7.0,0.0,0.0,0.87,0.0,0.0,,91.0,96.5,91.0,6,0,,0,2.75,13.0,1.0,12.0,1.49,-1.97,0.0,11.0,9.0,1.0,4.0,3.0,20.0,,,0.0,,,,,,,,,,,,,,,,,,
우나이 시몬,스페인,스페인,GK,29,1997,아틀레틱 클루브,8,8,750.0,8.3,0.0,0.0,0.0,0.0,0.0,0.0,0.0,0.0,0.0,0.0,0.0,0.0,0.0,0.0,0.0,,0.0,0.0,,,94.0,100.0,94.0,8,0,,0,2.75,14.0,1.0,13.0,1.56,,0.0,0.0,3.0,0.0,0.0,0.0,0.0,,,0.0,8.0,8.0,750.0,1.0,0.12,11.0,9.0,90.9,7.0,1.0,0.0,7.0,87.5,0.0,0.0,0.0,0.0,
비크톨 무노즈,스페인,스페인,MF,22,2003,,0,0,,,,,,,,,,,,,,,,,,,,,,,,,,0,0,,8,,,,,,,,,,,,,,,,,,,,,,,,,,,,,,,,,,
이레미 피노,스페인,스페인,"FW,MF",23,2002,크리스탈 팰리스,2,0,70.0,0.8,0.0,0.0,0.0,0.0,0.0,0.0,0.0,0.0,0.0,0.0,0.0,0.0,0.0,0.0,0.0,,0.0,0.0,,,35.0,9.3,,0,2,35.0,6,3.0,1.0,0.0,1.0,1.29,-0.3,0.0,2.0,0.0,1.0,1.0,0.0,0.0,,,0.0,,,,,,,,,,,,,,,,,,
아레스 바나,스페인,스페인,"MF,FW",24,2001,아틀레티코 마드리드,7,7,481.0,5.3,1.0,1.0,2.0,1.0,0.0,0.0,1.0,0.0,0.19,0.19,0.37,0.19,0.37,12.0,5.0,41.7,2.25,0.94,0.08,0.2,69.0,64.1,69.0,0,0,,1,3.0,10.0,1.0,9.0,1.68,0.35,0.0,13.0,7.0,2.0,41.0,2.0,5.0,,,0.0,,,,,,,,,,,,,,,,,,
아레스 그리말도,스페인,스페인,"DF,MF",30,1995,,0,0,,,,,,,,,,,,,,,,,,,,,,,,,,0,0,,8,,,,,,,,,,,,,,,,,,,,,,,,,,,,,,,,,,
아레크산델 벤르하르드스손,스웨덴,스웨덴,MF,27,1998,홀슈타인 킬,3,3,217.0,2.4,0.0,0.0,0.0,0.0,0.0,0.0,0.0,0.0,0.0,0.0,0.0,0.0,0.0,1.0,1.0,100.0,0.41,0.41,0.0,0.0,72.0,60.3,72.0,0,0,,1,1.33,5.0,6.0,-1.0,-0.41,0.84,0.0,2.0,4.0,0.0,3.0,2.0,2.0,,,0.0,,,,,,,,,,,,,,,,,,
아레크산델 이삭,스웨덴,스웨덴,FW,26,1999,리버풀,4,4,357.0,4.0,1.0,3.0,4.0,1.0,0.0,0.0,0.0,0.0,0.25,0.76,1.01,0.25,1.01,8.0,6.0,75.0,2.02,1.51,0.13,0.17,89.0,99.2,89.0,2,0,,0,1.0,6.0,10.0,-4.0,-1.01,-31.01,0.0,4.0,1.0,5.0,3.0,0.0,2.0,,,0.0,,,,,,,,,,,,,,,,,,
아느트호니 에란가,스웨덴,스웨덴,"MF,FW",24,2002,뉴캐슬,4,2,217.0,2.4,2.0,0.0,2.0,2.0,0.0,0.0,0.0,0.0,0.83,0.0,0.83,0.83,0.83,3.0,3.0,100.0,1.24,1.24,0.67,0.67,54.0,60.3,90.0,2,2,19.0,0,1.0,3.0,5.0,-2.0,-0.83,-0.2,0.0,0.0,7.0,1.0,12.0,2.0,0.0,,,0.0,,,,,,,,,,,,,,,,,,
벤자민 닉렌,스웨덴,스웨덴,MF,24,2001,셀틱,4,2,130.0,1.4,0.0,0.0,0.0,0.0,0.0,0.0,0.0,0.0,0.0,0.0,0.0,0.0,0.0,1.0,0.0,0.0,0.69,0.0,0.0,,33.0,36.1,59.0,0,2,6.0,0,1.0,3.0,5.0,-2.0,-1.38,-0.99,0.0,3.0,0.0,0.0,5.0,0.0,0.0,,,0.0,,,,,,,,,,,,,,,,,,
베스포르트 제네리,스웨덴,스웨덴,MF,23,2002,유니온 생질루아즈,2,0,60.0,0.7,0.0,0.0,0.0,0.0,0.0,0.0,0.0,0.0,0.0,0.0,0.0,0.0,0.0,1.0,1.0,100.0,1.5,1.5,0.0,0.0,30.0,16.7,,0,2,30.0,2,0.0,1.0,2.0,-1.0,-1.5,-0.9,0.0,1.0,0.0,0.0,1.0,1.0,0.0,,,0.0,,,,,,,,,,,,,,,,,,
칼르 스탈페르트,스웨덴,스웨덴,DF,31,1995,셀타 비고,1,0,4.0,0.0,0.0,0.0,0.0,0.0,0.0,0.0,0.0,0.0,0.0,0.0,0.0,0.0,0.0,0.0,0.0,,0.0,0.0,,,4.0,1.1,,0,1,4.0,3,1.0,0.0,0.0,0.0,0.0,0.76,0.0,0.0,0.0,0.0,0.0,0.0,0.0,,,0.0,,,,,,,,,,,,,,,,,,
다닐 스베느스손,스웨덴,스웨덴,DF,24,2002,도르트문트,3,1,98.0,1.1,0.0,0.0,0.0,0.0,0.0,0.0,0.0,0.0,0.0,0.0,0.0,0.0,0.0,1.0,0.0,0.0,0.92,0.0,0.0,,33.0,27.2,81.0,0,2,9.0,1,1.33,1.0,3.0,-2.0,-1.84,-1.49,0.0,0.0,0.0,1.0,2.0,1.0,2.0,,,0.0,,,,,,,,,,,,,,,,,,
엘리트 스트로이드,스웨덴,스웨덴,MF,23,2002,미엘뷔,4,2,166.0,1.8,0.0,0.0,0.0,0.0,0.0,0.0,0.0,0.0,0.0,0.0,0.0,0.0,0.0,1.0,0.0,0.0,0.54,0.0,0.0,,42.0,46.1,70.0,0,2,14.0,0,1.0,3.0,3.0,0.0,0.0,1.39,0.0,3.0,1.0,0.0,4.0,3.0,0.0,,,0.0,,,,,,,,,,,,,,,,,,
에리크 스미트,스웨덴,스웨덴,"DF,MF",29,1997,,0,0,,,,,,,,,,,,,,,,,,,,,,,,,,0,0,,4,,,,,,,,,,,,,,,,,,,,,,,,,,,,,,,,,,
갑릴 구드무느드스손,스웨덴,스웨덴,"MF,DF",27,1999,리즈 유나이티드,4,4,330.0,3.7,0.0,0.0,0.0,0.0,0.0,0.0,1.0,0.0,0.0,0.0,0.0,0.0,0.0,0.0,0.0,,0.0,0.0,,,83.0,91.7,83.0,1,0,,0,1.0,5.0,10.0,-5.0,-1.36,-7.36,0.0,5.0,7.0,0.0,4.0,5.0,3.0,,,0.0,,,,,,,,,,,,,,,,,,
구스타프 라겔빌케,스웨덴,스웨덴,DF,26,2000,브라가,4,4,360.0,4.0,0.0,0.0,0.0,0.0,0.0,0.0,0.0,0.0,0.0,0.0,0.0,0.0,0.0,3.0,1.0,33.3,0.75,0.25,0.0,0.0,90.0,100.0,90.0,4,0,,0,1.0,7.0,10.0,-3.0,-0.75,,0.0,1.0,3.0,1.0,1.0,5.0,5.0,,,0.0,,,,,,,,,,,,,,,,,,
구스타프 니르스손,스웨덴,스웨덴,FW,29,1997,클럽 브뤼헤,1,0,2.0,0.0,0.0,0.0,0.0,0.0,0.0,0.0,0.0,0.0,0.0,0.0,0.0,0.0,0.0,1.0,0.0,0.0,45.0,0.0,0.0,,2.0,0.6,,0,1,2.0,3,0.0,0.0,0.0,0.0,0.0,0.75,0.0,0.0,0.0,0.0,0.0,0.0,0.0,,,0.0,,,,,,,,,,,,,,,,,,
헬만 조하느스손,스웨덴,스웨덴,MF,28,1997,,0,0,,,,,,,,,,,,,,,,,,,,,,,,,,0,0,,4,,,,,,,,,,,,,,,,,,,,,,,,,,,,,,,,,,
흐잘말 엑달,스웨덴,스웨덴,DF,27,1998,,0,0,,,,,,,,,,,,,,,,,,,,,,,,,,0,0,,4,,,,,,,,,,,,,,,,,,,,,,,,,,,,,,,,,,
이삭 힌,스웨덴,스웨덴,DF,27,1999,아탈란타,3,3,216.0,2.4,0.0,0.0,0.0,0.0,0.0,0.0,1.0,0.0,0.0,0.0,0.0,0.0,0.0,0.0,0.0,,0.0,0.0,,,72.0,60.0,72.0,2,0,,0,1.33,6.0,6.0,0.0,0.0,1.87,0.0,3.0,3.0,0.0,0.0,1.0,3.0,,,0.0,,,,,,,,,,,,,,,,,,
자콥 이델르 제트테르스트롬,스웨덴,스웨덴,GK,27,1998,더비 카운티,2,2,180.0,2.0,0.0,0.0,0.0,0.0,0.0,0.0,0.0,0.0,0.0,0.0,0.0,0.0,0.0,0.0,0.0,,0.0,0.0,,,90.0,50.0,90.0,2,0,,2,0.5,1.0,4.0,-3.0,-1.5,-1.5,0.0,0.0,0.0,0.0,0.0,0.0,0.0,,,0.0,2.0,2.0,180.0,4.0,2.0,15.0,11.0,73.3,0.0,1.0,1.0,0.0,0.0,0.0,0.0,0.0,0.0,
제스펠 카르르스트롬,스웨덴,스웨덴,MF,30,1995,우디네세,2,2,138.0,1.5,0.0,0.0,0.0,0.0,0.0,0.0,0.0,0.0,0.0,0.0,0.0,0.0,0.0,1.0,0.0,0.0,0.65,0.0,0.0,,69.0,38.3,69.0,0,0,,2,1.5,4.0,5.0,-1.0,-0.65,0.16,0.0,3.0,0.0,0.0,0.0,1.0,3.0,,,0.0,,,,,,,,,,,,,,,,,,
켄 세마,스웨덴,스웨덴,"FW,MF",32,1993,,1,0,16.0,0.2,0.0,0.0,0.0,0.0,0.0,0.0,0.0,0.0,0.0,0.0,0.0,0.0,0.0,1.0,0.0,0.0,5.63,0.0,0.0,,16.0,4.4,,0,1,16.0,3,1.0,0.0,0.0,0.0,0.0,0.78,0.0,0.0,1.0,0.0,0.0,0.0,1.0,,,0.0,,,,,,,,,,,,,,,,,,
크리스토프펠 노르드페르드트,스웨덴,스웨덴,GK,36,1989,AIK 스톡홀름,2,2,180.0,2.0,0.0,0.0,0.0,0.0,0.0,0.0,0.0,0.0,0.0,0.0,0.0,0.0,0.0,0.0,0.0,,0.0,0.0,,,90.0,50.0,90.0,2,0,,2,1.5,6.0,6.0,0.0,0.0,1.5,0.0,0.0,0.0,0.0,0.0,0.0,0.0,,,0.0,2.0,2.0,180.0,6.0,3.0,9.0,3.0,33.3,1.0,0.0,1.0,0.0,0.0,0.0,0.0,0.0,0.0,
루카스 벡르발르,스웨덴,스웨덴,MF,20,2006,토트넘 홋스퍼,4,1,181.0,2.0,0.0,1.0,1.0,0.0,0.0,0.0,1.0,0.0,0.0,0.5,0.5,0.0,0.5,2.0,0.0,0.0,0.99,0.0,0.0,,45.0,50.3,65.0,0,3,39.0,0,1.0,4.0,4.0,0.0,0.0,1.51,0.0,7.0,4.0,0.0,3.0,2.0,2.0,,,0.0,,,,,,,,,,,,,,,,,,
마트티스 스반벡르,스웨덴,스웨덴,MF,27,1999,볼프스부르크,2,0,16.0,0.2,1.0,0.0,1.0,1.0,0.0,0.0,0.0,0.0,5.63,0.0,5.63,5.63,5.63,3.0,2.0,66.7,16.88,11.25,0.33,0.5,8.0,4.4,,0,2,8.0,2,1.5,1.0,0.0,1.0,5.63,6.67,0.0,0.0,1.0,0.0,0.0,1.0,1.0,,,0.0,,,,,,,,,,,,,,,,,,
타하 아리,스웨덴,스웨덴,"FW,MF",27,1998,말뫼,2,0,37.0,0.4,0.0,0.0,0.0,0.0,0.0,0.0,0.0,0.0,0.0,0.0,0.0,0.0,0.0,0.0,0.0,,0.0,0.0,,,19.0,10.3,,0,2,19.0,2,0.0,0.0,2.0,-2.0,-4.86,-4.59,0.0,0.0,2.0,0.0,1.0,0.0,0.0,,,0.0,,,,,,,,,,,,,,,,,,
비크톨 린데로프,스웨덴,스웨덴,"DF,MF",31,1994,아스톤 빌라,4,4,356.0,4.0,0.0,0.0,0.0,0.0,0.0,0.0,0.0,0.0,0.0,0.0,0.0,0.0,0.0,2.0,0.0,0.0,0.51,0.0,0.0,,89.0,98.9,89.0,3,0,,0,1.0,7.0,10.0,-3.0,-0.76,-0.76,0.0,3.0,0.0,0.0,0.0,4.0,1.0,,,0.0,,,,,,,,,,,,,,,,,,
빅톨 기케레스,스웨덴,스웨덴,FW,28,1998,아스널,4,4,360.0,4.0,1.0,2.0,3.0,1.0,0.0,0.0,1.0,0.0,0.25,0.5,0.75,0.25,0.75,12.0,6.0,50.0,3.0,1.5,0.08,0.17,90.0,100.0,90.0,4,0,,0,1.0,7.0,10.0,-3.0,-0.75,,0.0,4.0,7.0,1.0,1.0,0.0,1.0,,,0.0,,,,,,,,,,,,,,,,,,
빅톨 조하느스손,스웨덴,스웨덴,GK,27,1998,,0,0,,,,,,,,,,,,,,,,,,,,,,,,,,0,0,,4,,,,,,,,,,,,,,,,,,,,,,,,,,,,,,,,,,
이신 아리,스웨덴,스웨덴,MF,22,2003,브라이턴,4,4,339.0,3.8,2.0,0.0,2.0,2.0,0.0,0.0,1.0,0.0,0.53,0.0,0.53,0.53,0.53,7.0,3.0,42.9,1.86,0.8,0.29,0.67,85.0,94.2,85.0,2,0,,0,1.0,7.0,9.0,-2.0,-0.53,3.75,0.0,4.0,8.0,0.0,19.0,3.0,4.0,,,0.0,,,,,,,,,,,,,,,,,,
알돈 자스하리,스위스,스위스,MF,23,2002,AC 밀란,3,1,72.0,0.8,0.0,0.0,0.0,0.0,0.0,0.0,0.0,0.0,0.0,0.0,0.0,0.0,0.0,2.0,0.0,0.0,2.5,0.0,0.0,,24.0,12.0,45.0,0,2,14.0,3,0.67,0.0,3.0,-3.0,-3.75,-4.94,0.0,2.0,1.0,0.0,1.0,0.0,0.0,,,0.0,,,,,,,,,,,,,,,,,,
오레레 아멘다,스위스,스위스,DF,22,2003,,0,0,,,,,,,,,,,,,,,,,,,,,,,,,,0,0,,6,,,,,,,,,,,,,,,,,,,,,,,,,,,,,,,,,,
브릴 엠보로,스위스,스위스,FW,29,1997,렌,6,6,501.0,5.6,2.0,2.0,4.0,1.0,1.0,1.0,2.0,1.0,0.36,0.36,0.72,0.18,0.54,10.0,5.0,50.0,1.8,0.9,0.1,0.2,84.0,83.5,84.0,1,0,,0,1.83,8.0,3.0,5.0,0.9,1.81,1.0,9.0,11.0,4.0,1.0,2.0,0.0,,,0.0,,,,,,,,,,,,,,,,,,
케드리크 이트텐,스위스,스위스,"FW,MF",29,1996,뒤셀도르프,3,0,42.0,0.5,0.0,0.0,0.0,0.0,0.0,0.0,0.0,0.0,0.0,0.0,0.0,0.0,0.0,0.0,0.0,,0.0,0.0,,,14.0,7.0,,0,3,14.0,3,2.33,2.0,1.0,1.0,2.14,1.66,0.0,4.0,2.0,0.0,1.0,0.0,0.0,,,0.0,,,,,,,,,,,,,,,,,,
크흐리스틴 파스스나크흐트,스위스,스위스,"FW,MF",32,1993,영 보이스,1,0,6.0,0.1,0.0,0.0,0.0,0.0,0.0,0.0,0.0,0.0,0.0,0.0,0.0,0.0,0.0,0.0,0.0,,0.0,0.0,,,6.0,1.0,,0,1,6.0,5,3.0,0.0,0.0,0.0,0.0,-0.61,0.0,0.0,0.0,0.0,0.0,0.0,1.0,,,0.0,,,,,,,,,,,,,,,,,,
단 느도,스위스,스위스,"MF,FW",25,2000,노팅엄 포레스트,6,5,406.0,4.5,2.0,0.0,2.0,2.0,0.0,0.0,0.0,0.0,0.44,0.0,0.44,0.44,0.44,16.0,8.0,50.0,3.55,1.77,0.13,0.25,68.0,67.7,79.0,0,1,11.0,0,1.83,4.0,1.0,3.0,0.67,0.2,0.0,5.0,16.0,4.0,11.0,4.0,5.0,,,0.0,,,,,,,,,,,,,,,,,,
데니스 자카리,스위스,스위스,DF,29,1996,모나코,4,4,357.0,4.0,0.0,0.0,0.0,0.0,0.0,0.0,2.0,0.0,0.0,0.0,0.0,0.0,0.0,5.0,2.0,40.0,1.26,0.5,0.0,0.0,89.0,59.5,89.0,1,0,,2,1.25,4.0,2.0,2.0,0.5,-0.24,0.0,4.0,0.0,1.0,13.0,9.0,5.0,,,0.0,,,,,,,,,,,,,,,,,,
드집릴 소,스위스,스위스,MF,29,1997,세비야,4,2,253.0,2.8,0.0,0.0,0.0,0.0,0.0,0.0,0.0,0.0,0.0,0.0,0.0,0.0,0.0,2.0,1.0,50.0,0.71,0.36,0.0,0.0,63.0,42.2,79.0,0,2,48.0,2,1.75,7.0,2.0,5.0,1.78,2.04,0.0,5.0,4.0,0.0,3.0,2.0,1.0,,,0.0,,,,,,,,,,,,,,,,,,
에레이 코메르트,스위스,스위스,DF,28,1998,발렌시아,1,0,31.0,0.3,0.0,0.0,0.0,0.0,0.0,0.0,0.0,0.0,0.0,0.0,0.0,0.0,0.0,0.0,0.0,,0.0,0.0,,,31.0,5.2,,0,1,31.0,5,0.0,0.0,2.0,-2.0,-5.81,-6.76,0.0,0.0,0.0,0.0,0.0,0.0,0.0,,,0.0,,,,,,,,,,,,,,,,,,
파빈 리델,스위스,스위스,"MF,FW",24,2002,아우크스부르크,5,3,302.0,3.4,0.0,0.0,0.0,0.0,0.0,0.0,0.0,0.0,0.0,0.0,0.0,0.0,0.0,7.0,2.0,28.6,2.09,0.6,0.0,0.0,60.0,50.3,86.0,0,2,23.0,1,1.6,1.0,2.0,-1.0,-0.3,-1.81,0.0,3.0,6.0,0.0,13.0,1.0,3.0,,,0.0,,,,,,,,,,,,,,,,,,
그라니트 크스하카,스위스,스위스,MF,33,1992,선덜랜드,6,6,600.0,6.7,1.0,0.0,1.0,0.0,1.0,1.0,2.0,0.0,0.15,0.0,0.15,0.0,0.0,9.0,2.0,22.2,1.35,0.3,0.0,0.0,100.0,100.0,100.0,6,0,,0,1.83,10.0,6.0,4.0,0.6,,0.0,4.0,12.0,0.0,4.0,4.0,4.0,,,0.0,,,,,,,,,,,,,,,,,,
그레골 코벨,스위스,스위스,GK,28,1997,도르트문트,6,6,600.0,6.7,0.0,0.0,0.0,0.0,0.0,0.0,0.0,0.0,0.0,0.0,0.0,0.0,0.0,0.0,0.0,,0.0,0.0,,,100.0,100.0,100.0,6,0,,0,1.83,10.0,6.0,4.0,0.6,,0.0,0.0,3.0,0.0,0.0,0.0,0.0,,,0.0,6.0,6.0,600.0,6.0,0.9,26.0,20.0,76.9,3.0,2.0,1.0,2.0,33.3,0.0,0.0,0.0,0.0,
조한 만잠비,스위스,스위스,"MF,FW",20,2005,프라이부르크,4,2,199.0,2.2,3.0,2.0,5.0,3.0,0.0,0.0,0.0,0.0,1.36,0.9,2.26,1.36,2.26,6.0,3.0,50.0,2.71,1.36,0.5,1.0,50.0,33.2,77.0,0,2,23.0,0,2.5,8.0,3.0,5.0,2.26,2.49,0.0,3.0,3.0,1.0,3.0,0.0,0.0,,,0.0,,,,,,,,,,,,,,,,,,
루카 자쿠즈,스위스,스위스,DF,23,2003,슈투트가르트,2,1,78.0,0.9,0.0,0.0,0.0,0.0,0.0,0.0,0.0,0.0,0.0,0.0,0.0,0.0,0.0,0.0,0.0,,0.0,0.0,,,39.0,13.0,73.0,0,1,5.0,2,3.0,4.0,1.0,3.0,3.46,3.29,0.0,3.0,1.0,0.0,2.0,1.0,0.0,,,0.0,,,,,,,,,,,,,,,,,,
마눌 아칸지,스위스,스위스,DF,30,1995,인터 밀란,6,6,600.0,6.7,0.0,0.0,0.0,0.0,0.0,0.0,0.0,0.0,0.0,0.0,0.0,0.0,0.0,1.0,1.0,100.0,0.15,0.15,0.0,0.0,100.0,100.0,100.0,6,0,,0,1.83,10.0,6.0,4.0,0.6,,0.0,4.0,4.0,0.0,0.0,6.0,9.0,,,0.0,,,,,,,,,,,,,,,,,,
말빈 켈렐,스위스,스위스,GK,23,2002,,0,0,,,,,,,,,,,,,,,,,,,,,,,,,,0,0,,6,,,,,,,,,,,,,,,,,,,,,,,,,,,,,,,,,,
미크헬 아비스크헬,스위스,스위스,"MF,FW",29,1997,피사,4,2,156.0,1.7,0.0,0.0,0.0,0.0,0.0,0.0,0.0,0.0,0.0,0.0,0.0,0.0,0.0,2.0,1.0,50.0,1.15,0.58,0.0,0.0,39.0,26.0,68.0,0,2,11.0,1,2.5,1.0,1.0,0.0,0.0,-0.81,0.0,3.0,2.0,0.0,6.0,0.0,1.0,,,0.0,,,,,,,,,,,,,,,,,,
미로 무헴,스위스,스위스,"DF,MF",28,1998,함부르크SV,3,0,87.0,1.0,0.0,0.0,0.0,0.0,0.0,0.0,1.0,0.0,0.0,0.0,0.0,0.0,0.0,0.0,0.0,,0.0,0.0,,,29.0,14.5,,0,3,29.0,1,0.67,0.0,3.0,-3.0,-3.1,-4.33,0.0,1.0,3.0,0.0,2.0,2.0,1.0,,,0.0,,,,,,,,,,,,,,,,,,
니코 엘베디,스위스,스위스,DF,29,1996,묀헨글라드바흐,6,6,600.0,6.7,0.0,0.0,0.0,0.0,0.0,0.0,1.0,0.0,0.0,0.0,0.0,0.0,0.0,3.0,0.0,0.0,0.45,0.0,0.0,,100.0,100.0,100.0,6,0,,0,1.83,10.0,6.0,4.0,0.6,,0.0,5.0,6.0,0.0,0.0,6.0,2.0,,,0.0,,,,,,,,,,,,,,,,,,
노 오카폴,스위스,스위스,"FW,MF",26,2000,리즈 유나이티드,1,0,20.0,0.2,0.0,0.0,0.0,0.0,0.0,0.0,0.0,0.0,0.0,0.0,0.0,0.0,0.0,1.0,0.0,0.0,4.5,0.0,0.0,,20.0,3.3,,0,1,20.0,5,3.0,0.0,0.0,0.0,0.0,-0.62,0.0,0.0,0.0,0.0,0.0,0.0,1.0,,,0.0,,,,,,,,,,,,,,,,,,
레모 프르렐,스위스,스위스,MF,34,1992,볼로냐,6,6,592.0,6.6,0.0,0.0,0.0,0.0,0.0,0.0,0.0,0.0,0.0,0.0,0.0,0.0,0.0,2.0,1.0,50.0,0.3,0.15,0.0,0.0,99.0,98.7,99.0,4,0,,0,1.83,10.0,4.0,6.0,0.91,23.41,0.0,8.0,3.0,1.0,5.0,8.0,5.0,,,0.0,,,,,,,,,,,,,,,,,,
리칼도 로드리구즈,스위스,스위스,DF,33,1992,레알 베티스,6,6,517.0,5.7,0.0,1.0,1.0,0.0,0.0,0.0,0.0,0.0,0.0,0.17,0.17,0.0,0.17,1.0,0.0,0.0,0.17,0.0,0.0,,86.0,86.2,86.0,3,0,,0,1.83,10.0,3.0,7.0,1.22,4.47,0.0,11.0,2.0,0.0,19.0,4.0,7.0,,,0.0,,,,,,,,,,,,,,,,,,
루벤 발가스,스위스,스위스,MF,27,1998,세비야,6,3,284.0,3.2,2.0,1.0,3.0,2.0,0.0,0.0,0.0,0.0,0.63,0.32,0.95,0.63,0.95,6.0,4.0,66.7,1.9,1.27,0.33,0.5,47.0,47.3,76.0,0,3,19.0,0,1.83,9.0,3.0,6.0,1.9,2.47,0.0,6.0,6.0,2.0,23.0,2.0,2.0,,,0.0,,,,,,,,,,,,,,,,,,
실반 이드멜,스위스,스위스,DF,33,1993,마인츠,5,1,175.0,1.9,0.0,0.0,0.0,0.0,0.0,0.0,0.0,0.0,0.0,0.0,0.0,0.0,0.0,0.0,0.0,,0.0,0.0,,,35.0,29.2,85.0,0,4,23.0,1,2.0,2.0,3.0,-1.0,-0.51,-1.57,0.0,2.0,0.0,0.0,4.0,1.0,4.0,,,0.0,,,,,,,,,,,,,,,,,,
이본 므보고,스위스,스위스,GK,32,1994,,0,0,,,,,,,,,,,,,,,,,,,,,,,,,,0,0,,6,,,,,,,,,,,,,,,,,,,,,,,,,,,,,,,,,,
제키 암도이니,스위스,스위스,"FW,MF",25,2000,번리,4,0,73.0,0.8,0.0,0.0,0.0,0.0,0.0,0.0,0.0,0.0,0.0,0.0,0.0,0.0,0.0,1.0,0.0,0.0,1.23,0.0,0.0,,18.0,12.2,,0,4,18.0,2,1.25,0.0,3.0,-3.0,-3.7,-4.89,0.0,5.0,4.0,0.0,0.0,0.0,1.0,,,0.0,,,,,,,,,,,,,,,,,,
아뎀 아로이스,튀니지,튀니지,DF,21,2004,,0,0,,,,,,,,,,,,,,,,,,,,,,,,,,0,0,,2,,,,,,,,,,,,,,,,,,,,,,,,,,,,,,,,,,
아리 압디,튀니지,튀니지,DF,32,1993,니스,3,3,269.0,3.0,0.0,0.0,0.0,0.0,0.0,0.0,0.0,0.0,0.0,0.0,0.0,0.0,0.0,1.0,0.0,0.0,0.33,0.0,0.0,,90.0,99.6,90.0,2,0,,0,0.0,2.0,12.0,-10.0,-3.35,-3.35,0.0,4.0,1.0,0.0,4.0,4.0,8.0,,,0.0,,,,,,,,,,,,,,,,,,
아니스 벤 스리마네,튀니지,튀니지,"MF,FW",25,2001,노리치 시티,3,3,240.0,2.7,0.0,0.0,0.0,0.0,0.0,0.0,0.0,0.0,0.0,0.0,0.0,0.0,0.0,1.0,1.0,100.0,0.37,0.37,0.0,0.0,80.0,88.9,80.0,1,0,,0,0.0,2.0,11.0,-9.0,-3.38,-0.38,0.0,0.0,0.0,2.0,6.0,2.0,2.0,,,0.0,,,,,,,,,,,,,,,,,,
에이멘 다멘,튀니지,튀니지,GK,29,1997,,2,2,180.0,2.0,0.0,0.0,0.0,0.0,0.0,0.0,0.0,0.0,0.0,0.0,0.0,0.0,0.0,0.0,0.0,,0.0,0.0,,,90.0,66.7,90.0,2,0,,1,0.0,1.0,7.0,-6.0,-3.0,1.0,0.0,0.0,1.0,0.0,0.0,0.0,0.0,,,0.0,2.0,2.0,180.0,7.0,3.5,12.0,5.0,41.7,0.0,0.0,2.0,0.0,0.0,0.0,0.0,0.0,0.0,
디란 브론느,튀니지,튀니지,DF,30,1995,세르베트,1,1,45.0,0.5,0.0,0.0,0.0,0.0,0.0,0.0,0.0,0.0,0.0,0.0,0.0,0.0,0.0,0.0,0.0,,0.0,0.0,,,45.0,16.7,45.0,0,0,,2,0.0,0.0,2.0,-2.0,-4.0,-0.8,0.0,1.0,0.0,0.0,0.0,1.0,0.0,,,0.0,,,,,,,,,,,,,,,,,,
에리스 아크호이리,튀니지,튀니지,"FW,MF",27,1999,FC 코펜하겐,3,0,43.0,0.5,0.0,0.0,0.0,0.0,0.0,0.0,0.0,0.0,0.0,0.0,0.0,0.0,0.0,3.0,1.0,33.3,6.28,2.09,0.0,0.0,14.0,15.9,,0,3,14.0,0,0.0,0.0,2.0,-2.0,-4.19,-1.01,0.0,0.0,1.0,1.0,0.0,0.0,2.0,,,0.0,,,,,,,,,,,,,,,,,,
에리스 사드,튀니지,튀니지,"MF,FW",26,1999,하노버96,2,2,116.0,1.3,0.0,0.0,0.0,0.0,0.0,0.0,0.0,0.0,0.0,0.0,0.0,0.0,0.0,1.0,0.0,0.0,0.78,0.0,0.0,,58.0,43.0,58.0,0,0,,1,0.0,1.0,5.0,-4.0,-3.1,0.4,0.0,1.0,3.0,1.0,2.0,0.0,1.0,,,0.0,,,,,,,,,,,,,,,,,,
엘리스 스크히리,튀니지,튀니지,"MF,DF",31,1995,프랑크푸르트,3,3,250.0,2.8,0.0,0.0,0.0,0.0,0.0,0.0,0.0,0.0,0.0,0.0,0.0,0.0,0.0,0.0,0.0,,0.0,0.0,,,83.0,92.6,83.0,1,0,,0,0.0,2.0,10.0,-8.0,-2.88,6.12,0.0,0.0,1.0,0.0,0.0,2.0,1.0,,,1.0,,,,,,,,,,,,,,,,,,
피라스 차트,튀니지,튀니지,FW,30,1996,,3,0,49.0,0.5,0.0,0.0,0.0,0.0,0.0,0.0,0.0,0.0,0.0,0.0,0.0,0.0,0.0,0.0,0.0,,0.0,0.0,,,16.0,18.1,,0,3,16.0,0,0.0,0.0,3.0,-3.0,-5.51,-2.66,0.0,1.0,2.0,3.0,0.0,0.0,0.0,,,0.0,,,,,,,,,,,,,,,,,,
하드즈 마모이드,튀니지,튀니지,MF,26,2000,루가노,2,0,43.0,0.5,0.0,0.0,0.0,0.0,0.0,0.0,0.0,0.0,0.0,0.0,0.0,0.0,0.0,0.0,0.0,,0.0,0.0,,,22.0,15.9,,0,2,22.0,1,0.0,0.0,2.0,-2.0,-4.19,-1.01,0.0,2.0,0.0,0.0,0.0,0.0,2.0,,,0.0,,,,,,,,,,,,,,,,,,
한니발 멥즈리,튀니지,튀니지,MF,23,2003,번리,3,3,270.0,3.0,0.0,2.0,2.0,0.0,0.0,0.0,0.0,0.0,0.0,0.67,0.67,0.0,0.67,3.0,1.0,33.3,1.0,0.33,0.0,0.0,90.0,100.0,90.0,3,0,,0,0.0,2.0,12.0,-10.0,-3.33,,0.0,4.0,15.0,0.0,10.0,1.0,4.0,,,0.0,,,,,,,,,,,,,,,,,,
하젬 마스토이리,튀니지,튀니지,FW,28,1997,디나모 마하치칼라,1,1,89.0,1.0,1.0,0.0,1.0,1.0,0.0,0.0,0.0,0.0,1.01,0.0,1.01,1.01,1.01,3.0,2.0,66.7,3.03,2.02,0.33,0.5,89.0,33.0,89.0,0,0,,2,0.0,1.0,3.0,-2.0,-2.02,1.96,0.0,2.0,2.0,0.0,1.0,1.0,0.0,,,0.0,,,,,,,,,,,,,,,,,,
이스말 갈비,튀니지,튀니지,MF,22,2004,아우크스부르크,3,1,127.0,1.4,0.0,0.0,0.0,0.0,0.0,0.0,0.0,0.0,0.0,0.0,0.0,0.0,0.0,3.0,0.0,0.0,2.13,0.0,0.0,,42.0,47.0,74.0,0,2,27.0,0,0.0,1.0,7.0,-6.0,-4.25,-1.73,0.0,0.0,2.0,0.0,1.0,1.0,1.0,,,0.0,,,,,,,,,,,,,,,,,,
카릴 아리,튀니지,튀니지,FW,21,2005,,0,0,,,,,,,,,,,,,,,,,,,,,,,,,,0,0,,3,,,,,,,,,,,,,,,,,,,,,,,,,,,,,,,,,,
모하메드 아미네 벤 하미다,튀니지,튀니지,DF,30,1995,,3,2,202.0,2.2,0.0,0.0,0.0,0.0,0.0,0.0,0.0,0.0,0.0,0.0,0.0,0.0,0.0,0.0,0.0,,0.0,0.0,,,67.0,74.8,79.0,1,1,45.0,0,0.0,2.0,10.0,-8.0,-3.56,-0.92,0.0,3.0,1.0,0.0,1.0,1.0,9.0,,,0.0,,,,,,,,,,,,,,,,,,
몬타스살 탈비,튀니지,튀니지,DF,28,1998,로리앙,3,3,270.0,3.0,0.0,0.0,0.0,0.0,0.0,0.0,0.0,0.0,0.0,0.0,0.0,0.0,0.0,1.0,0.0,0.0,0.33,0.0,0.0,,90.0,100.0,90.0,3,0,,0,0.0,2.0,12.0,-10.0,-3.33,,0.0,1.0,1.0,0.0,0.0,5.0,2.0,,,0.0,,,,,,,,,,,,,,,,,,
몰타드하 벤 오네스,튀니지,튀니지,"DF,MF",31,1994,카슴파샤,1,0,23.0,0.3,0.0,0.0,0.0,0.0,0.0,0.0,0.0,0.0,0.0,0.0,0.0,0.0,0.0,0.0,0.0,,0.0,0.0,,,23.0,8.5,,0,1,23.0,2,0.0,0.0,0.0,0.0,0.0,3.64,0.0,0.0,1.0,0.0,0.0,0.0,0.0,,,0.0,,,,,,,,,,,,,,,,,,
모이힙 차마크,튀니지,튀니지,GK,24,2001,,1,1,90.0,1.0,0.0,0.0,0.0,0.0,0.0,0.0,0.0,0.0,0.0,0.0,0.0,0.0,0.0,0.0,0.0,,0.0,0.0,,,90.0,33.3,90.0,1,0,,2,0.0,1.0,5.0,-4.0,-4.0,-1.0,0.0,0.0,0.0,0.0,0.0,0.0,0.0,,,0.0,1.0,1.0,90.0,5.0,5.0,6.0,1.0,16.7,0.0,0.0,1.0,0.0,0.0,0.0,0.0,0.0,0.0,
모이타즈 네프파티,튀니지,튀니지,DF,21,2004,,0,0,,,,,,,,,,,,,,,,,,,,,,,,,,0,0,,2,,,,,,,,,,,,,,,,,,,,,,,,,,,,,,,,,,
오말 레킥,튀니지,튀니지,DF,24,2001,,2,2,180.0,2.0,1.0,0.0,1.0,1.0,0.0,0.0,0.0,0.0,0.5,0.0,0.5,0.5,0.5,1.0,1.0,100.0,0.5,0.5,1.0,1.0,90.0,66.7,90.0,2,0,,1,0.0,1.0,9.0,-8.0,-4.0,-2.0,0.0,0.0,1.0,1.0,1.0,3.0,2.0,,,0.0,,,,,,,,,,,,,,,,,,
라드 칙하,튀니지,튀니지,DF,22,2004,,0,0,,,,,,,,,,,,,,,,,,,,,,,,,,0,0,,3,,,,,,,,,,,,,,,,,,,,,,,,,,,,,,,,,,
라니 케디라,튀니지,튀니지,MF,32,1994,우니온 베를린,3,2,149.0,1.7,0.0,0.0,0.0,0.0,0.0,0.0,1.0,0.0,0.0,0.0,0.0,0.0,0.0,1.0,0.0,0.0,0.6,0.0,0.0,,50.0,55.2,74.0,0,1,1.0,0,0.0,2.0,6.0,-4.0,-2.42,2.05,0.0,3.0,0.0,0.0,0.0,2.0,1.0,,,0.0,,,,,,,,,,,,,,,,,,
란 엘로이미,튀니지,튀니지,FW,18,2007,,0,0,,,,,,,,,,,,,,,,,,,,,,,,,,0,0,,3,,,,,,,,,,,,,,,,,,,,,,,,,,,,,,,,,,
삽리 벤 하스센,튀니지,튀니지,GK,30,1996,,0,0,,,,,,,,,,,,,,,,,,,,,,,,,,0,0,,3,,,,,,,,,,,,,,,,,,,,,,,,,,,,,,,,,,
세바스틴 토이넥티,튀니지,튀니지,FW,23,2002,셀틱,3,1,84.0,0.9,0.0,0.0,0.0,0.0,0.0,0.0,0.0,0.0,0.0,0.0,0.0,0.0,0.0,0.0,0.0,,0.0,0.0,,,28.0,31.1,64.0,0,2,10.0,0,0.0,0.0,4.0,-4.0,-4.29,-1.38,0.0,1.0,0.0,0.0,3.0,0.0,0.0,,,0.0,,,,,,,,,,,,,,,,,,
인 바레리,튀니지,튀니지,DF,27,1999,영 보이스,3,3,251.0,2.8,0.0,0.0,0.0,0.0,0.0,0.0,0.0,0.0,0.0,0.0,0.0,0.0,0.0,0.0,0.0,,0.0,0.0,,,84.0,93.0,84.0,2,0,,0,0.0,2.0,10.0,-8.0,-2.87,6.61,0.0,4.0,0.0,1.0,7.0,4.0,1.0,,,0.0,,,,,,,,,,,,,,,,,,
압둘케림 발다크크,튀르키예,튀르키예,DF,31,1994,갈라타사라이,3,3,265.0,2.9,0.0,0.0,0.0,0.0,0.0,0.0,0.0,0.0,0.0,0.0,0.0,0.0,0.0,3.0,1.0,33.3,1.02,0.34,0.0,0.0,88.0,98.1,88.0,2,0,,0,1.0,3.0,5.0,-2.0,-0.68,-0.68,0.0,1.0,3.0,0.0,7.0,2.0,5.0,,,0.0,,,,,,,,,,,,,,,,,,
알테이 벨이느드,튀르키예,튀르키예,GK,28,1998,,0,0,,,,,,,,,,,,,,,,,,,,,,,,,,0,0,,3,,,,,,,,,,,,,,,,,,,,,,,,,,,,,,,,,,
알다 구렐,튀르키예,튀르키예,MF,21,2005,레알 마드리드,3,3,270.0,3.0,1.0,0.0,1.0,1.0,0.0,0.0,0.0,0.0,0.33,0.0,0.33,0.33,0.33,12.0,4.0,33.3,4.0,1.33,0.08,0.25,90.0,100.0,90.0,3,0,,0,1.0,3.0,5.0,-2.0,-0.67,,0.0,3.0,10.0,2.0,14.0,2.0,3.0,,,0.0,,,,,,,,,,,,,,,,,,
바르스 알펠 일마즈,튀르키예,튀르키예,"MF,FW",26,2000,갈라타사라이,3,2,179.0,2.0,1.0,1.0,2.0,1.0,0.0,0.0,0.0,0.0,0.5,0.5,1.01,0.5,1.01,2.0,1.0,50.0,1.01,0.5,0.5,1.0,60.0,66.3,67.0,0,1,45.0,0,1.0,2.0,3.0,-1.0,-0.5,0.49,0.0,4.0,1.0,2.0,15.0,0.0,0.0,,,0.0,,,,,,,,,,,,,,,,,,
칸 우준,튀르키예,튀르키예,MF,20,2005,프랑크푸르트,2,0,38.0,0.4,0.0,1.0,1.0,0.0,0.0,0.0,0.0,0.0,0.0,2.37,2.37,0.0,2.37,4.0,1.0,25.0,9.47,2.37,0.0,0.0,19.0,14.1,,0,2,19.0,1,1.5,1.0,0.0,1.0,2.37,3.53,0.0,0.0,1.0,0.0,0.0,0.0,0.0,,,0.0,,,,,,,,,,,,,,,,,,
데니즈 굴,튀르키예,튀르키예,FW,21,2004,포르투,2,0,37.0,0.4,0.0,0.0,0.0,0.0,0.0,0.0,0.0,0.0,0.0,0.0,0.0,0.0,0.0,2.0,1.0,50.0,4.86,2.43,0.0,0.0,19.0,13.7,,0,2,19.0,1,0.0,0.0,0.0,0.0,0.0,0.77,0.0,2.0,0.0,0.0,0.0,0.0,0.0,,,0.0,,,,,,,,,,,,,,,,,,
에렌 엘말,튀르키예,튀르키예,DF,25,2000,갈라타사라이,2,1,111.0,1.2,0.0,0.0,0.0,0.0,0.0,0.0,1.0,0.0,0.0,0.0,0.0,0.0,0.0,0.0,0.0,,0.0,0.0,,,56.0,41.1,90.0,1,1,21.0,1,1.5,3.0,2.0,1.0,0.81,2.51,0.0,2.0,1.0,0.0,1.0,2.0,1.0,,,0.0,,,,,,,,,,,,,,,,,,
펠디 카딕루,튀르키예,튀르키예,DF,26,1999,브라이턴,2,2,159.0,1.8,0.0,0.0,0.0,0.0,0.0,0.0,0.0,0.0,0.0,0.0,0.0,0.0,0.0,1.0,0.0,0.0,0.57,0.0,0.0,,80.0,58.9,80.0,1,0,,1,0.0,0.0,3.0,-3.0,-1.7,-2.51,0.0,0.0,3.0,0.0,4.0,1.0,2.0,,,0.0,,,,,,,,,,,,,,,,,,
하칸 칼하녹루,튀르키예,튀르키예,MF,32,1994,인터 밀란,2,2,180.0,2.0,0.0,0.0,0.0,0.0,0.0,0.0,0.0,0.0,0.0,0.0,0.0,0.0,0.0,11.0,2.0,18.2,5.5,1.0,0.0,0.0,90.0,66.7,90.0,2,0,,1,0.0,0.0,3.0,-3.0,-1.5,-2.5,0.0,2.0,1.0,0.0,10.0,1.0,3.0,,,0.0,,,,,,,,,,,,,,,,,,
칸 에이한,튀르키예,튀르키예,"DF,MF",31,1994,갈라타사라이,1,0,3.0,0.0,1.0,0.0,1.0,1.0,0.0,0.0,0.0,0.0,30.0,0.0,30.0,30.0,30.0,1.0,1.0,100.0,30.0,30.0,1.0,1.0,3.0,1.1,,0,1,3.0,2,3.0,1.0,0.0,1.0,30.0,31.01,0.0,0.0,0.0,0.0,0.0,0.0,0.0,,,0.0,,,,,,,,,,,,,,,,,,
케난 이르드즈,튀르키예,튀르키예,MF,21,2005,유벤투스,3,2,218.0,2.4,0.0,0.0,0.0,0.0,0.0,0.0,0.0,0.0,0.0,0.0,0.0,0.0,0.0,14.0,1.0,7.1,5.78,0.41,0.0,0.0,73.0,80.7,87.0,1,1,45.0,0,1.0,2.0,4.0,-2.0,-0.83,-0.83,0.0,2.0,4.0,0.0,6.0,1.0,2.0,,,0.0,,,,,,,,,,,,,,,,,,
케렘 악툴콕루,튀르키예,튀르키예,FW,27,1998,페네르바흐체,2,2,129.0,1.4,0.0,0.0,0.0,0.0,0.0,0.0,0.0,0.0,0.0,0.0,0.0,0.0,0.0,3.0,1.0,33.3,2.09,0.7,0.0,0.0,65.0,47.8,65.0,0,0,,1,0.0,0.0,3.0,-3.0,-2.09,-2.73,0.0,0.0,2.0,0.0,1.0,0.0,1.0,,,0.0,,,,,,,,,,,,,,,,,,
메리 데미랄,튀르키예,튀르키예,DF,28,1998,알아흘리,2,2,180.0,2.0,0.0,0.0,0.0,0.0,0.0,0.0,0.0,0.0,0.0,0.0,0.0,0.0,0.0,6.0,2.0,33.3,3.0,1.0,0.0,0.0,90.0,66.7,90.0,2,0,,1,0.0,0.0,3.0,-3.0,-1.5,-2.5,0.0,2.0,1.0,3.0,1.0,1.0,1.0,,,0.0,,,,,,,,,,,,,,,,,,
메르트 구녹,튀르키예,튀르키예,GK,37,1989,,0,0,,,,,,,,,,,,,,,,,,,,,,,,,,0,0,,3,,,,,,,,,,,,,,,,,,,,,,,,,,,,,,,,,,
메르트 물둘,튀르키예,튀르키예,DF,27,1999,페네르바흐체,3,1,101.0,1.1,0.0,0.0,0.0,0.0,0.0,0.0,0.0,0.0,0.0,0.0,0.0,0.0,0.0,3.0,0.0,0.0,2.67,0.0,0.0,,34.0,37.4,90.0,1,2,6.0,0,1.0,1.0,1.0,0.0,0.0,1.07,0.0,1.0,2.0,0.0,6.0,1.0,2.0,,,0.0,,,,,,,,,,,,,,,,,,
올쿤 콕쿠,튀르키예,튀르키예,MF,25,2000,베식타슈,3,2,153.0,1.7,0.0,1.0,1.0,0.0,0.0,0.0,0.0,0.0,0.0,0.59,0.59,0.0,0.59,3.0,0.0,0.0,1.76,0.0,0.0,,51.0,56.7,74.0,0,1,5.0,0,1.0,2.0,3.0,-1.0,-0.59,0.18,0.0,2.0,4.0,0.0,6.0,0.0,1.0,,,0.0,,,,,,,,,,,,,,,,,,
오잔 카박,튀르키예,튀르키예,DF,26,2000,호펜하임,1,1,90.0,1.0,0.0,0.0,0.0,0.0,0.0,0.0,0.0,0.0,0.0,0.0,0.0,0.0,0.0,0.0,0.0,,0.0,0.0,,,90.0,33.3,90.0,1,0,,2,3.0,3.0,2.0,1.0,1.0,2.5,0.0,3.0,0.0,0.0,1.0,0.0,2.0,,,0.0,,,,,,,,,,,,,,,,,,
오구즈 엔이드,튀르키예,튀르키예,DF,25,2000,페네르바흐체,1,1,89.0,1.0,0.0,0.0,0.0,0.0,0.0,0.0,0.0,0.0,0.0,0.0,0.0,0.0,0.0,0.0,0.0,,0.0,0.0,,,89.0,33.0,89.0,0,0,,2,3.0,2.0,2.0,0.0,0.0,0.99,0.0,0.0,2.0,0.0,3.0,0.0,6.0,,,0.0,,,,,,,,,,,,,,,,,,
사리 오즈칸,튀르키예,튀르키예,MF,28,1998,도르트문트,2,1,100.0,1.1,0.0,0.0,0.0,0.0,0.0,0.0,0.0,0.0,0.0,0.0,0.0,0.0,0.0,0.0,0.0,,0.0,0.0,,,50.0,37.0,90.0,1,1,10.0,1,1.5,3.0,2.0,1.0,0.9,2.49,0.0,2.0,2.0,0.0,1.0,4.0,1.0,,,0.0,,,,,,,,,,,,,,,,,,
사메트 아켄이드,튀르키예,튀르키예,DF,32,1994,,0,0,,,,,,,,,,,,,,,,,,,,,,,,,,0,0,,3,,,,,,,,,,,,,,,,,,,,,,,,,,,,,,,,,,
우굴칸 칼크,튀르키예,튀르키예,GK,30,1996,갈라타사라이,3,3,270.0,3.0,0.0,0.0,0.0,0.0,0.0,0.0,0.0,0.0,0.0,0.0,0.0,0.0,0.0,0.0,0.0,,0.0,0.0,,,90.0,100.0,90.0,3,0,,0,1.0,3.0,5.0,-2.0,-0.67,,0.0,0.0,0.0,0.0,0.0,0.0,0.0,,,0.0,3.0,3.0,270.0,5.0,1.67,13.0,8.0,61.5,1.0,0.0,2.0,0.0,0.0,0.0,0.0,0.0,0.0,
이누스 악군,튀르키예,튀르키예,MF,25,2000,갈라타사라이,2,1,88.0,1.0,0.0,0.0,0.0,0.0,0.0,0.0,1.0,0.0,0.0,0.0,0.0,0.0,0.0,0.0,0.0,,0.0,0.0,,,44.0,32.6,59.0,0,1,29.0,1,0.0,0.0,2.0,-2.0,-2.05,-2.05,0.0,2.0,1.0,0.0,2.0,0.0,0.0,,,0.0,,,,,,,,,,,,,,,,,,
제키 케릭,튀르키예,튀르키예,DF,29,1997,AS 로마,2,2,163.0,1.8,0.0,0.0,0.0,0.0,0.0,0.0,0.0,0.0,0.0,0.0,0.0,0.0,0.0,1.0,1.0,100.0,0.55,0.55,0.0,0.0,82.0,60.4,82.0,0,0,,1,1.5,2.0,4.0,-2.0,-1.1,-1.1,0.0,1.0,0.0,0.0,1.0,1.0,3.0,,,0.0,,,,,,,,,,,,,,,,,,
칵랄 손쿠,튀르키예,튀르키예,DF,30,1996,페네르바흐체,1,0,7.0,0.1,0.0,0.0,0.0,0.0,0.0,0.0,0.0,0.0,0.0,0.0,0.0,0.0,0.0,0.0,0.0,,0.0,0.0,,,7.0,2.6,,0,1,7.0,2,3.0,1.0,0.0,1.0,12.86,13.88,0.0,0.0,0.0,0.0,0.0,0.0,0.0,,,0.0,,,,,,,,,,,,,,,,,,
일판 칸 카베키,튀르키예,튀르키예,MF,30,1995,카슴파샤,1,0,1.0,0.0,0.0,0.0,0.0,0.0,0.0,0.0,0.0,0.0,0.0,0.0,0.0,0.0,0.0,0.0,0.0,,0.0,0.0,,,1.0,0.4,,0,1,1.0,2,3.0,1.0,0.0,1.0,90.0,91.0,0.0,0.0,0.0,0.0,0.0,0.0,1.0,,,0.0,,,,,,,,,,,,,,,,,,
이스말이 익섹,튀르키예,튀르키예,MF,27,1999,페네르바흐체,2,2,139.0,1.5,0.0,0.0,0.0,0.0,0.0,0.0,0.0,0.0,0.0,0.0,0.0,0.0,0.0,5.0,0.0,0.0,3.24,0.0,0.0,,70.0,51.5,70.0,0,0,,1,0.0,0.0,3.0,-3.0,-1.94,-2.63,0.0,2.0,0.0,0.0,0.0,2.0,5.0,,,0.0,,,,,,,,,,,,,,,,,,
아레자느드로 젠데자스,미국,미국,"FW,MF",28,1998,아메리카,1,0,14.0,0.2,0.0,0.0,0.0,0.0,0.0,0.0,0.0,0.0,0.0,0.0,0.0,0.0,0.0,1.0,0.0,0.0,6.43,0.0,0.0,,14.0,3.1,,0,1,14.0,4,0.0,0.0,1.0,-1.0,-6.43,-7.25,0.0,1.0,0.0,0.0,1.0,0.0,1.0,,,0.0,,,,,,,,,,,,,,,,,,
아레스 프리만,미국,미국,DF,21,2004,비야레알,5,4,374.0,4.2,1.0,1.0,2.0,1.0,0.0,0.0,0.0,0.0,0.24,0.24,0.48,0.24,0.48,4.0,1.0,25.0,0.96,0.24,0.25,1.0,75.0,83.1,90.0,4,1,14.0,0,1.8,9.0,6.0,3.0,0.72,0.72,0.0,1.0,1.0,0.0,4.0,7.0,6.0,,,0.0,,,,,,,,,,,,,,,,,,
안토니 로빈손,미국,미국,"DF,MF",28,1997,풀럼,4,4,348.0,3.9,0.0,0.0,0.0,0.0,0.0,0.0,1.0,0.0,0.0,0.0,0.0,0.0,0.0,0.0,0.0,,0.0,0.0,,,87.0,77.3,87.0,2,0,,1,2.25,9.0,4.0,5.0,1.29,3.06,0.0,4.0,1.0,0.0,18.0,6.0,4.0,,,0.0,,,,,,,,,,,,,,,,,,
오스톤 트루스티,미국,미국,DF,27,1998,셀틱,2,1,101.0,1.1,1.0,0.0,1.0,1.0,0.0,0.0,0.0,0.0,0.89,0.0,0.89,0.89,0.89,3.0,2.0,66.7,2.67,1.78,0.33,0.5,51.0,22.4,90.0,1,1,11.0,3,1.5,2.0,3.0,-1.0,-0.89,-1.92,0.0,2.0,0.0,0.0,2.0,4.0,1.0,,,0.0,,,,,,,,,,,,,,,,,,
브렌덴 아론손,미국,미국,MF,25,2000,리즈 유나이티드,1,1,76.0,0.8,0.0,0.0,0.0,0.0,0.0,0.0,0.0,0.0,0.0,0.0,0.0,0.0,0.0,3.0,1.0,33.3,3.55,1.18,0.0,0.0,76.0,16.9,76.0,0,0,,4,0.0,2.0,2.0,0.0,0.0,-0.72,0.0,2.0,1.0,0.0,1.0,0.0,1.0,,,0.0,,,,,,,,,,,,,,,,,,
크흐리스 브라디,미국,미국,GK,22,2004,,0,0,,,,,,,,,,,,,,,,,,,,,,,,,,0,0,,5,,,,,,,,,,,,,,,,,,,,,,,,,,,,,,,,,,
크흐리스 리크하르드스,미국,미국,DF,26,2000,크리스탈 팰리스,4,4,360.0,4.0,0.0,0.0,0.0,0.0,0.0,0.0,1.0,0.0,0.0,0.0,0.0,0.0,0.0,1.0,0.0,0.0,0.25,0.0,0.0,,90.0,80.0,90.0,4,0,,1,2.25,9.0,5.0,4.0,1.0,2.0,0.0,8.0,3.0,0.0,0.0,4.0,3.0,,,0.0,,,,,,,,,,,,,,,,,,
크리스티안 풀리식,미국,미국,MF,27,1998,AC 밀란,4,3,223.0,2.5,0.0,1.0,1.0,0.0,0.0,0.0,0.0,0.0,0.0,0.4,0.4,0.0,0.4,4.0,2.0,50.0,1.61,0.81,0.0,0.0,56.0,49.6,63.0,0,1,33.0,0,1.5,6.0,4.0,2.0,0.81,0.41,0.0,1.0,8.0,2.0,4.0,0.0,1.0,,,0.0,,,,,,,,,,,,,,,,,,
크리스틴 롤단,미국,미국,MF,31,1995,,0,0,,,,,,,,,,,,,,,,,,,,,,,,,,0,0,,2,,,,,,,,,,,,,,,,,,,,,,,,,,,,,,,,,,
포라린 바로군,미국,미국,FW,24,2001,모나코,4,4,312.0,3.5,3.0,0.0,3.0,3.0,0.0,0.0,1.0,1.0,0.87,0.0,0.87,0.87,0.87,14.0,5.0,35.7,4.04,1.44,0.21,0.6,78.0,69.3,78.0,0,0,,1,2.25,7.0,3.0,4.0,1.15,1.81,0.0,3.0,8.0,3.0,0.0,1.0,0.0,,,0.0,,,,,,,,,,,,,,,,,,
지오바니 레이나,미국,미국,MF,23,2002,묀헨글라드바흐,5,1,131.0,1.5,1.0,0.0,1.0,1.0,0.0,0.0,0.0,0.0,0.69,0.0,0.69,0.69,0.69,2.0,1.0,50.0,1.37,0.69,0.5,1.0,26.0,29.1,75.0,0,4,14.0,0,1.8,3.0,4.0,-1.0,-0.69,-1.82,0.0,1.0,3.0,0.0,1.0,0.0,0.0,,,0.0,,,,,,,,,,,,,,,,,,
하지 으리그흐트,미국,미국,"FW,MF",28,1998,코번트리 시티,2,0,2.0,0.0,0.0,0.0,0.0,0.0,0.0,0.0,0.0,0.0,0.0,0.0,0.0,0.0,0.0,0.0,0.0,,0.0,0.0,,,1.0,0.4,,0,2,1.0,3,1.5,0.0,1.0,-1.0,-45.0,-45.8,0.0,0.0,0.0,1.0,0.0,0.0,0.0,,,0.0,,,,,,,,,,,,,,,,,,
죄 스칼리,미국,미국,DF,23,2002,묀헨글라드바흐,2,1,87.0,1.0,0.0,0.0,0.0,0.0,0.0,0.0,0.0,0.0,0.0,0.0,0.0,0.0,0.0,0.0,0.0,,0.0,0.0,,,44.0,19.3,76.0,0,1,11.0,3,1.5,2.0,2.0,0.0,0.0,-0.74,0.0,0.0,2.0,1.0,4.0,1.0,1.0,,,0.0,,,,,,,,,,,,,,,,,,
마릭 틸르만,미국,미국,MF,24,2002,레버쿠젠,5,4,356.0,4.0,2.0,1.0,3.0,2.0,0.0,0.0,1.0,0.0,0.51,0.25,0.76,0.51,0.76,8.0,4.0,50.0,2.02,1.01,0.25,0.5,71.0,79.1,88.0,3,1,5.0,0,1.8,8.0,6.0,2.0,0.51,-0.45,0.0,3.0,13.0,0.0,14.0,5.0,7.0,,,0.0,,,,,,,,,,,,,,,,,,
막르 므크켄지,미국,미국,DF,27,1999,툴루즈,1,1,90.0,1.0,0.0,0.0,0.0,0.0,0.0,0.0,0.0,0.0,0.0,0.0,0.0,0.0,0.0,0.0,0.0,,0.0,0.0,,,90.0,20.0,90.0,1,0,,3,0.0,2.0,3.0,-1.0,-1.0,-2.0,0.0,1.0,1.0,0.0,0.0,1.0,1.0,,,0.0,,,,,,,,,,,,,,,,,,
마트트 프리세,미국,미국,GK,27,1998,뉴욕시티 FC,4,4,360.0,4.0,0.0,0.0,0.0,0.0,0.0,0.0,0.0,0.0,0.0,0.0,0.0,0.0,0.0,0.0,0.0,,0.0,0.0,,,90.0,80.0,90.0,4,0,,1,2.25,9.0,5.0,4.0,1.0,2.0,0.0,0.0,2.0,0.0,0.0,0.0,0.0,,,0.0,4.0,4.0,360.0,5.0,1.25,13.0,8.0,61.5,3.0,0.0,1.0,2.0,50.0,0.0,0.0,0.0,0.0,
마트트 툴넬,미국,미국,GK,31,1994,뉴잉글랜드 레볼루션,1,1,90.0,1.0,0.0,0.0,0.0,0.0,0.0,0.0,0.0,0.0,0.0,0.0,0.0,0.0,0.0,0.0,0.0,,0.0,0.0,,,90.0,20.0,90.0,1,0,,4,0.0,2.0,3.0,-1.0,-1.0,-2.0,0.0,0.0,0.0,0.0,0.0,0.0,0.0,,,0.0,1.0,1.0,90.0,3.0,3.0,3.0,0.0,0.0,0.0,0.0,1.0,0.0,0.0,0.0,0.0,0.0,0.0,
마스 아르프스텐,미국,미국,MF,25,2001,콜럼버스 크루,1,0,1.0,0.0,0.0,0.0,0.0,0.0,0.0,0.0,0.0,0.0,0.0,0.0,0.0,0.0,0.0,0.0,0.0,,0.0,0.0,,,1.0,0.2,,0,1,1.0,4,0.0,0.0,1.0,-1.0,-90.0,-90.8,0.0,0.0,0.0,0.0,0.0,0.0,0.0,,,0.0,,,,,,,,,,,,,,,,,,
미레스 로빈손,미국,미국,DF,29,1997,FC 신시내티,1,1,90.0,1.0,0.0,0.0,0.0,0.0,0.0,0.0,0.0,0.0,0.0,0.0,0.0,0.0,0.0,1.0,0.0,0.0,1.0,0.0,0.0,,90.0,20.0,90.0,1,0,,4,0.0,2.0,3.0,-1.0,-1.0,-2.0,0.0,2.0,0.0,0.0,0.0,1.0,1.0,,,0.0,,,,,,,,,,,,,,,,,,
리칼도 페피,미국,미국,FW,23,2003,PSV 에인트호번,5,2,204.0,2.3,0.0,0.0,0.0,0.0,0.0,0.0,0.0,0.0,0.0,0.0,0.0,0.0,0.0,5.0,0.0,0.0,2.21,0.0,0.0,,41.0,45.3,82.0,1,3,14.0,0,1.8,5.0,5.0,0.0,0.0,-1.1,0.0,5.0,3.0,2.0,0.0,1.0,1.0,,,0.0,,,,,,,,,,,,,,,,,,
세바스틴 벨할텔,미국,미국,MF,25,2001,밴쿠버 화이트캡스,5,1,187.0,2.1,1.0,1.0,2.0,1.0,0.0,0.0,1.0,0.0,0.48,0.48,0.96,0.48,0.96,3.0,1.0,33.3,1.44,0.48,0.33,1.0,37.0,41.6,90.0,1,4,24.0,0,1.8,3.0,5.0,-2.0,-0.96,-2.67,0.0,5.0,6.0,0.0,11.0,3.0,0.0,,,0.0,,,,,,,,,,,,,,,,,,
셀기노 데스트,미국,미국,MF,25,2000,PSV 에인트호번,5,4,297.0,3.3,0.0,0.0,0.0,0.0,0.0,0.0,0.0,0.0,0.0,0.0,0.0,0.0,0.0,3.0,1.0,33.3,0.91,0.3,0.0,0.0,59.0,66.0,71.0,0,1,15.0,0,1.8,8.0,3.0,5.0,1.52,2.69,0.0,2.0,4.0,0.0,3.0,5.0,1.0,,,0.0,,,,,,,,,,,,,,,,,,
팀 림,미국,미국,DF,38,1987,샬럿 FC,4,4,360.0,4.0,0.0,0.0,0.0,0.0,0.0,0.0,0.0,0.0,0.0,0.0,0.0,0.0,0.0,0.0,0.0,,0.0,0.0,,,90.0,80.0,90.0,4,0,,1,2.25,9.0,5.0,4.0,1.0,2.0,0.0,0.0,2.0,0.0,0.0,6.0,1.0,,,0.0,,,,,,,,,,,,,,,,,,
티모시 웨아,미국,미국,MF,26,2000,마르세유,2,1,76.0,0.8,0.0,0.0,0.0,0.0,0.0,0.0,0.0,0.0,0.0,0.0,0.0,0.0,0.0,2.0,0.0,0.0,2.37,0.0,0.0,,38.0,16.9,57.0,0,1,19.0,3,1.5,3.0,3.0,0.0,0.0,-0.72,0.0,2.0,0.0,2.0,0.0,0.0,0.0,,,0.0,,,,,,,,,,,,,,,,,,
티렐 아다므스,미국,미국,MF,27,1999,본머스,4,4,341.0,3.8,0.0,0.0,0.0,0.0,0.0,0.0,1.0,0.0,0.0,0.0,0.0,0.0,0.0,0.0,0.0,,0.0,0.0,,,85.0,75.8,85.0,3,0,,1,2.25,9.0,4.0,5.0,1.32,2.97,0.0,5.0,6.0,0.0,0.0,8.0,5.0,,,0.0,,,,,,,,,,,,,,,,,,
웨스턴 맥케니,미국,미국,MF,27,1998,유벤투스,5,5,443.0,4.9,0.0,0.0,0.0,0.0,0.0,0.0,1.0,0.0,0.0,0.0,0.0,0.0,0.0,5.0,1.0,20.0,1.02,0.2,0.0,0.0,89.0,98.4,89.0,2,0,,0,1.8,11.0,7.0,4.0,0.81,13.67,0.0,8.0,2.0,0.0,11.0,7.0,7.0,,,0.0,,,,,,,,,,,,,,,,,,
아구스틴 카놉비,우루과이,우루과이,FW,27,1998,플루미넨시,3,2,224.0,2.5,1.0,0.0,1.0,1.0,0.0,0.0,0.0,1.0,0.4,0.0,0.4,0.4,0.4,4.0,1.0,25.0,1.61,0.4,0.25,1.0,75.0,83.0,90.0,1,1,45.0,0,0.67,3.0,3.0,0.0,0.0,1.96,0.0,7.0,5.0,1.0,8.0,2.0,3.0,,,0.0,,,,,,,,,,,,,,,,,,
브린 로드리구즈,우루과이,우루과이,"FW,MF",26,2000,아메리카,3,0,41.0,0.5,0.0,0.0,0.0,0.0,0.0,0.0,0.0,0.0,0.0,0.0,0.0,0.0,0.0,3.0,1.0,33.3,6.59,2.2,0.0,0.0,14.0,15.2,,0,3,14.0,0,0.67,0.0,0.0,0.0,0.0,0.39,0.0,0.0,1.0,0.0,13.0,0.0,0.0,,,0.0,,,,,,,,,,,,,,,,,,
달인 누네즈,우루과이,우루과이,FW,26,1999,알힐랄,3,2,156.0,1.7,0.0,0.0,0.0,0.0,0.0,0.0,0.0,0.0,0.0,0.0,0.0,0.0,0.0,2.0,0.0,0.0,1.15,0.0,0.0,,52.0,57.8,68.0,1,1,21.0,0,0.67,0.0,2.0,-2.0,-1.15,-1.94,0.0,1.0,1.0,2.0,1.0,2.0,1.0,,,0.0,,,,,,,,,,,,,,,,,,
에미리노 말티네즈,우루과이,우루과이,MF,26,1999,,0,0,,,,,,,,,,,,,,,,,,,,,,,,,,0,0,,3,,,,,,,,,,,,,,,,,,,,,,,,,,,,,,,,,,
파쿤도 펠리스트리,우루과이,우루과이,"FW,MF",24,2001,,0,0,,,,,,,,,,,,,,,,,,,,,,,,,,0,0,,3,,,,,,,,,,,,,,,,,,,,,,,,,,,,,,,,,,
페데리코 발벨데,우루과이,우루과이,MF,27,1998,레알 마드리드,3,3,236.0,2.6,0.0,0.0,0.0,0.0,0.0,0.0,0.0,0.0,0.0,0.0,0.0,0.0,0.0,10.0,2.0,20.0,3.81,0.76,0.0,0.0,79.0,87.4,79.0,2,0,,0,0.67,3.0,4.0,-1.0,-0.38,-0.38,0.0,1.0,0.0,0.0,11.0,3.0,2.0,,,0.0,,,,,,,,,,,,,,,,,,
페데리코 비나스,우루과이,우루과이,FW,27,1998,오비에도,3,2,192.0,2.1,0.0,0.0,0.0,0.0,0.0,0.0,0.0,0.0,0.0,0.0,0.0,0.0,0.0,6.0,3.0,50.0,2.81,1.41,0.0,0.0,64.0,71.1,79.0,0,1,34.0,0,0.67,3.0,3.0,0.0,0.0,1.15,0.0,3.0,3.0,3.0,0.0,1.0,2.0,,,0.0,,,,,,,,,,,,,,,,,,
펠난도 무스레라,우루과이,우루과이,GK,39,1986,갈라타사라이,3,3,225.0,2.5,0.0,0.0,0.0,0.0,0.0,0.0,0.0,0.0,0.0,0.0,0.0,0.0,0.0,0.0,0.0,,0.0,0.0,,,75.0,83.3,75.0,2,0,,0,0.67,3.0,4.0,-1.0,-0.4,-0.4,0.0,0.0,0.0,0.0,0.0,0.0,0.0,,,0.0,3.0,3.0,225.0,4.0,1.6,8.0,4.0,50.0,0.0,2.0,1.0,0.0,0.0,0.0,0.0,0.0,0.0,
길긴 데 알라스카타,우루과이,우루과이,"FW,MF",32,1994,,0,0,,,,,,,,,,,,,,,,,,,,,,,,,,0,0,,1,,,,,,,,,,,,,,,,,,,,,,,,,,,,,,,,,,
굴렐모 바레라,우루과이,우루과이,DF,33,1993,플라멩구,3,3,270.0,3.0,0.0,0.0,0.0,0.0,0.0,0.0,1.0,0.0,0.0,0.0,0.0,0.0,0.0,2.0,0.0,0.0,0.67,0.0,0.0,,90.0,100.0,90.0,3,0,,0,0.67,3.0,4.0,-1.0,-0.33,,0.0,1.0,1.0,0.0,9.0,7.0,1.0,,,0.0,,,,,,,,,,,,,,,,,,
조쿤 피쿠레즈,우루과이,우루과이,"DF,MF",27,1998,,0,0,,,,,,,,,,,,,,,,,,,,,,,,,,0,0,,3,,,,,,,,,,,,,,,,,,,,,,,,,,,,,,,,,,
조세 마리 기메네즈,우루과이,우루과이,DF,31,1995,,0,0,,,,,,,,,,,,,,,,,,,,,,,,,,0,0,,3,,,,,,,,,,,,,,,,,,,,,,,,,,,,,,,,,,
준 마눌 사납리,우루과이,우루과이,DF,26,2000,아틀레티코 산루이스,3,2,204.0,2.3,0.0,0.0,0.0,0.0,0.0,0.0,1.0,0.0,0.0,0.0,0.0,0.0,0.0,3.0,0.0,0.0,1.32,0.0,0.0,,68.0,75.6,80.0,1,1,45.0,0,0.67,3.0,3.0,0.0,0.0,1.36,0.0,1.0,0.0,1.0,15.0,1.0,4.0,,,0.0,,,,,,,,,,,,,,,,,,
마눌 우갈테,우루과이,우루과이,MF,25,2001,맨체스터 유나이티드,3,3,184.0,2.0,0.0,0.0,0.0,0.0,0.0,0.0,0.0,0.0,0.0,0.0,0.0,0.0,0.0,3.0,1.0,33.3,1.47,0.49,0.0,0.0,61.0,68.1,61.0,0,0,,0,0.67,2.0,4.0,-2.0,-0.98,-2.02,0.0,1.0,0.0,0.0,0.0,3.0,1.0,,,0.0,,,,,,,,,,,,,,,,,,
마트히스 오리베라,우루과이,우루과이,DF,28,1997,나폴리,3,3,270.0,3.0,0.0,0.0,0.0,0.0,0.0,0.0,1.0,0.0,0.0,0.0,0.0,0.0,0.0,1.0,0.0,0.0,0.33,0.0,0.0,,90.0,100.0,90.0,3,0,,0,0.67,3.0,4.0,-1.0,-0.33,,0.0,3.0,0.0,0.0,5.0,2.0,4.0,,,0.0,,,,,,,,,,,,,,,,,,
마티스 비나,우루과이,우루과이,DF,28,1997,플라멩구,1,1,45.0,0.5,0.0,0.0,0.0,0.0,0.0,0.0,0.0,0.0,0.0,0.0,0.0,0.0,0.0,0.0,0.0,,0.0,0.0,,,45.0,16.7,45.0,0,0,,2,1.0,0.0,1.0,-1.0,-2.0,-2.0,0.0,0.0,1.0,1.0,2.0,0.0,0.0,,,0.0,,,,,,,,,,,,,,,,,,
마크시 아로조,우루과이,우루과이,"FW,MF",26,2000,스포르팅 CP,3,3,250.0,2.8,2.0,1.0,3.0,2.0,0.0,0.0,0.0,0.0,0.72,0.36,1.08,0.72,1.08,4.0,3.0,75.0,1.44,1.08,0.5,0.67,83.0,92.6,83.0,1,0,,0,0.67,3.0,4.0,-1.0,-0.36,-0.36,0.0,2.0,7.0,6.0,18.0,0.0,0.0,,,0.0,,,,,,,,,,,,,,,,,,
니코라스 데 라 크루즈,우루과이,우루과이,MF,29,1997,플라멩구,3,0,86.0,1.0,0.0,0.0,0.0,0.0,0.0,0.0,1.0,0.0,0.0,0.0,0.0,0.0,0.0,4.0,2.0,50.0,4.19,2.09,0.0,0.0,29.0,31.9,,0,3,29.0,0,0.67,1.0,0.0,1.0,1.05,2.02,0.0,2.0,3.0,0.0,5.0,2.0,1.0,,,0.0,,,,,,,,,,,,,,,,,,
로드리고 아굴레,우루과이,우루과이,FW,31,1994,아메리카,1,0,1.0,0.0,0.0,0.0,0.0,0.0,0.0,0.0,0.0,0.0,0.0,0.0,0.0,0.0,0.0,0.0,0.0,,0.0,0.0,,,1.0,0.4,,0,1,1.0,2,1.0,0.0,0.0,0.0,0.0,0.33,0.0,0.0,0.0,0.0,0.0,0.0,0.0,,,0.0,,,,,,,,,,,,,,,,,,
로드리고 벤탄쿨,우루과이,우루과이,MF,28,1997,토트넘 홋스퍼,3,3,270.0,3.0,0.0,0.0,0.0,0.0,0.0,0.0,1.0,0.0,0.0,0.0,0.0,0.0,0.0,4.0,0.0,0.0,1.33,0.0,0.0,,90.0,100.0,90.0,3,0,,0,0.67,3.0,4.0,-1.0,-0.33,,0.0,7.0,5.0,0.0,4.0,7.0,5.0,,,0.0,,,,,,,,,,,,,,,,,,
로드리고 자라잘,우루과이,우루과이,"FW,MF",26,1999,,0,0,,,,,,,,,,,,,,,,,,,,,,,,,,0,0,,3,,,,,,,,,,,,,,,,,,,,,,,,,,,,,,,,,,
로나르드 아로조,우루과이,우루과이,DF,27,1999,,0,0,,,,,,,,,,,,,,,,,,,,,,,,,,0,0,,1,,,,,,,,,,,,,,,,,,,,,,,,,,,,,,,,,,
산티고 부노,우루과이,우루과이,DF,27,1998,,0,0,,,,,,,,,,,,,,,,,,,,,,,,,,0,0,,3,,,,,,,,,,,,,,,,,,,,,,,,,,,,,,,,,,
산티고 메레,우루과이,우루과이,GK,28,1997,,0,0,,,,,,,,,,,,,,,,,,,,,,,,,,0,0,,3,,,,,,,,,,,,,,,,,,,,,,,,,,,,,,,,,,
세바스틴 카케레스,우루과이,우루과이,DF,26,1999,아메리카,3,3,270.0,3.0,0.0,0.0,0.0,0.0,0.0,0.0,0.0,0.0,0.0,0.0,0.0,0.0,0.0,3.0,0.0,0.0,1.0,0.0,0.0,,90.0,100.0,90.0,3,0,,0,0.67,3.0,4.0,-1.0,-0.33,,0.0,2.0,2.0,0.0,1.0,2.0,1.0,,,0.0,,,,,,,,,,,,,,,,,,
셀기 로크헤트,우루과이,우루과이,GK,33,1993,인테르나시오날,1,0,45.0,0.5,0.0,0.0,0.0,0.0,0.0,0.0,0.0,0.0,0.0,0.0,0.0,0.0,0.0,0.0,0.0,,0.0,0.0,,,45.0,16.7,,0,1,45.0,2,0.0,0.0,0.0,0.0,0.0,0.4,0.0,0.0,0.0,0.0,0.0,0.0,0.0,,,0.0,1.0,0.0,45.0,0.0,0.0,0.0,0.0,,0.0,0.0,0.0,0.0,,0.0,0.0,0.0,0.0,
압보스벡 페이줄랍,우즈베키스탄,우즈베키스탄,MF,22,2003,바샥셰히르,3,3,220.0,2.4,1.0,0.0,1.0,1.0,0.0,0.0,0.0,0.0,0.41,0.0,0.41,0.41,0.41,3.0,2.0,66.7,1.23,0.82,0.33,0.5,73.0,81.5,73.0,0,0,,0,0.0,2.0,7.0,-5.0,-2.05,5.15,0.0,6.0,4.0,0.0,10.0,1.0,6.0,,,0.0,,,,,,,,,,,,,,,,,,
압두코딜 쿠사놉,우즈베키스탄,우즈베키스탄,DF,22,2004,맨체스터 시티,3,3,270.0,3.0,0.0,0.0,0.0,0.0,0.0,0.0,2.0,0.0,0.0,0.0,0.0,0.0,0.0,0.0,0.0,,0.0,0.0,,,90.0,100.0,90.0,3,0,,0,0.0,2.0,11.0,-9.0,-3.0,,0.0,6.0,0.0,0.0,0.0,5.0,3.0,,,0.0,,,,,,,,,,,,,,,,,,
압둘라 압둘랍,우즈베키스탄,우즈베키스탄,DF,28,1997,,2,2,180.0,2.0,0.0,0.0,0.0,0.0,0.0,0.0,0.0,0.0,0.0,0.0,0.0,0.0,0.0,0.0,0.0,,0.0,0.0,,,90.0,66.7,90.0,2,0,,1,0.0,1.0,8.0,-7.0,-3.5,-1.5,0.0,5.0,1.0,0.0,0.0,3.0,2.0,,,0.0,,,,,,,,,,,,,,,,,,
압두보히드 네마톱,우즈베키스탄,우즈베키스탄,GK,25,2001,,2,2,180.0,2.0,0.0,0.0,0.0,0.0,0.0,0.0,0.0,0.0,0.0,0.0,0.0,0.0,0.0,0.0,0.0,,0.0,0.0,,,90.0,66.7,90.0,2,0,,1,0.0,1.0,8.0,-7.0,-3.5,-1.5,0.0,0.0,0.0,0.0,0.0,0.0,0.0,,,1.0,2.0,2.0,180.0,8.0,4.0,13.0,5.0,38.5,0.0,0.0,2.0,0.0,0.0,1.0,1.0,0.0,0.0,0.0
악말 모즈고보이,우즈베키스탄,우즈베키스탄,MF,27,1999,,3,2,216.0,2.4,0.0,1.0,1.0,0.0,0.0,0.0,0.0,0.0,0.0,0.42,0.42,0.0,0.42,1.0,0.0,0.0,0.42,0.0,0.0,,72.0,80.0,86.0,1,1,45.0,0,0.0,2.0,7.0,-5.0,-2.08,4.58,0.0,0.0,3.0,0.0,0.0,2.0,0.0,,,0.0,,,,,,,,,,,,,,,,,,
아바즈벡 울마사립,우즈베키스탄,우즈베키스탄,DF,26,2000,,0,0,,,,,,,,,,,,,,,,,,,,,,,,,,0,0,,3,,,,,,,,,,,,,,,,,,,,,,,,,,,,,,,,,,
아지즈 가닙,우즈베키스탄,우즈베키스탄,MF,28,1998,,2,1,122.0,1.4,0.0,0.0,0.0,0.0,0.0,0.0,0.0,0.0,0.0,0.0,0.0,0.0,0.0,1.0,0.0,0.0,0.74,0.0,0.0,,61.0,45.2,90.0,1,1,32.0,1,0.0,0.0,8.0,-8.0,-5.9,-5.29,0.0,2.0,1.0,0.0,6.0,0.0,6.0,,,0.0,,,,,,,,,,,,,,,,,,
아지즈벡 아모놉,우즈베키스탄,우즈베키스탄,FW,28,1997,,1,0,14.0,0.2,0.0,0.0,0.0,0.0,0.0,0.0,0.0,0.0,0.0,0.0,0.0,0.0,0.0,1.0,0.0,0.0,6.43,0.0,0.0,,14.0,5.2,,0,1,14.0,2,0.0,0.0,1.0,-1.0,-6.43,-3.62,0.0,0.0,0.0,0.0,1.0,0.0,0.0,,,0.0,,,,,,,,,,,,,,,,,,
베크루즈 카리몹,우즈베키스탄,우즈베키스탄,DF,18,2007,,2,2,179.0,2.0,0.0,0.0,0.0,0.0,0.0,0.0,0.0,0.0,0.0,0.0,0.0,0.0,0.0,2.0,0.0,0.0,1.01,0.0,0.0,,90.0,66.3,90.0,1,0,,1,0.0,1.0,8.0,-7.0,-3.52,-1.54,0.0,8.0,4.0,0.0,2.0,3.0,5.0,,,0.0,,,,,,,,,,,,,,,,,,
보티라리 엘가스헵,우즈베키스탄,우즈베키스탄,GK,30,1995,,0,0,,,,,,,,,,,,,,,,,,,,,,,,,,0,0,,3,,,,,,,,,,,,,,,,,,,,,,,,,,,,,,,,,,
도스톤벡 캄다몹,우즈베키스탄,우즈베키스탄,MF,29,1996,,2,1,103.0,1.1,0.0,0.0,0.0,0.0,0.0,0.0,0.0,0.0,0.0,0.0,0.0,0.0,0.0,2.0,0.0,0.0,1.75,0.0,0.0,,52.0,38.1,58.0,0,1,45.0,1,0.0,2.0,2.0,0.0,0.0,4.85,0.0,1.0,0.0,1.0,5.0,2.0,4.0,,,0.0,,,,,,,,,,,,,,,,,,
엘돌 소무로돕,우즈베키스탄,우즈베키스탄,FW,30,1995,바샥셰히르,3,3,269.0,3.0,1.0,0.0,1.0,1.0,0.0,0.0,0.0,0.0,0.33,0.0,0.33,0.33,0.33,4.0,2.0,50.0,1.34,0.67,0.25,0.5,90.0,99.6,90.0,2,0,,0,0.0,2.0,10.0,-8.0,-2.68,87.32,0.0,8.0,4.0,1.0,1.0,0.0,4.0,,,0.0,,,,,,,,,,,,,,,,,,
팔루크 세이핍,우즈베키스탄,우즈베키스탄,"DF,MF",35,1991,,1,0,45.0,0.5,0.0,0.0,0.0,0.0,0.0,0.0,0.0,0.0,0.0,0.0,0.0,0.0,0.0,0.0,0.0,,0.0,0.0,,,45.0,16.7,,0,1,45.0,2,0.0,1.0,2.0,-1.0,-2.0,1.2,0.0,0.0,2.0,0.0,2.0,0.0,0.0,,,0.0,,,,,,,,,,,,,,,,,,
이골 셀깁,우즈베키스탄,우즈베키스탄,FW,33,1993,페르세폴리스,3,0,28.0,0.3,0.0,0.0,0.0,0.0,0.0,0.0,0.0,0.0,0.0,0.0,0.0,0.0,0.0,0.0,0.0,,0.0,0.0,,,9.0,10.4,,0,3,9.0,0,0.0,0.0,3.0,-3.0,-9.64,-7.41,0.0,0.0,0.0,1.0,0.0,0.0,0.0,,,0.0,,,,,,,,,,,,,,,,,,
작혼길 우로좁,우즈베키스탄,우즈베키스탄,DF,22,2004,,2,1,95.0,1.1,0.0,0.0,0.0,0.0,0.0,0.0,0.0,0.0,0.0,0.0,0.0,0.0,0.0,0.0,0.0,,0.0,0.0,,,48.0,35.2,81.0,0,1,14.0,1,0.0,1.0,3.0,-2.0,-1.89,1.71,0.0,0.0,0.0,0.0,0.0,1.0,0.0,,,0.0,,,,,,,,,,,,,,,,,,
자므스히드 이스칸데롭,우즈베키스탄,우즈베키스탄,"FW,MF",32,1993,,1,0,9.0,0.1,0.0,0.0,0.0,0.0,0.0,0.0,0.0,0.0,0.0,0.0,0.0,0.0,0.0,0.0,0.0,,0.0,0.0,,,9.0,3.3,,0,1,9.0,2,0.0,0.0,1.0,-1.0,-10.0,-7.24,0.0,0.0,0.0,0.0,1.0,0.0,0.0,,,0.0,,,,,,,,,,,,,,,,,,
코직발 아리조놉,우즈베키스탄,우즈베키스탄,MF,29,1997,,2,1,135.0,1.5,0.0,0.0,0.0,0.0,0.0,0.0,0.0,0.0,0.0,0.0,0.0,0.0,0.0,0.0,0.0,,0.0,0.0,,,68.0,50.0,90.0,1,1,45.0,1,0.0,1.0,5.0,-4.0,-2.67,0.67,0.0,2.0,1.0,0.0,5.0,5.0,2.0,,,0.0,,,,,,,,,,,,,,,,,,
오딜존 함로베콥,우즈베키스탄,우즈베키스탄,MF,30,1996,트락토르,2,1,77.0,0.9,0.0,0.0,0.0,0.0,0.0,0.0,1.0,0.0,0.0,0.0,0.0,0.0,0.0,1.0,0.0,0.0,1.17,0.0,0.0,,39.0,28.5,45.0,0,1,32.0,1,0.0,0.0,6.0,-6.0,-7.01,-5.61,0.0,1.0,1.0,0.0,0.0,0.0,0.0,,,0.0,,,,,,,,,,,,,,,,,,
오스톤 우루놉,우즈베키스탄,우즈베키스탄,MF,25,2000,페르세폴리스,2,1,63.0,0.7,0.0,0.0,0.0,0.0,0.0,0.0,0.0,0.0,0.0,0.0,0.0,0.0,0.0,0.0,0.0,,0.0,0.0,,,32.0,23.3,45.0,0,1,18.0,1,0.0,0.0,3.0,-3.0,-4.29,-1.68,0.0,0.0,0.0,0.0,0.0,1.0,0.0,,,0.0,,,,,,,,,,,,,,,,,,
오타벡 수쿠롭,우즈베키스탄,우즈베키스탄,MF,29,1996,,3,3,237.0,2.6,0.0,0.0,0.0,0.0,0.0,0.0,0.0,0.0,0.0,0.0,0.0,0.0,0.0,2.0,0.0,0.0,0.76,0.0,0.0,,79.0,87.8,79.0,1,0,,0,0.0,2.0,8.0,-6.0,-2.28,5.9,0.0,2.0,5.0,0.0,1.0,0.0,2.0,,,0.0,,,,,,,,,,,,,,,,,,
루스란벡 지놉,우즈베키스탄,우즈베키스탄,FW,25,2001,,1,0,1.0,0.0,0.0,0.0,0.0,0.0,0.0,0.0,0.0,0.0,0.0,0.0,0.0,0.0,0.0,0.0,0.0,,0.0,0.0,,,1.0,0.4,,0,1,1.0,2,0.0,0.0,0.0,0.0,0.0,3.01,0.0,0.0,0.0,0.0,0.0,0.0,1.0,,,0.0,,,,,,,,,,,,,,,,,,
루스탐 아스훌마톱,우즈베키스탄,우즈베키스탄,DF,29,1996,에스테그랄,3,3,256.0,2.8,0.0,0.0,0.0,0.0,0.0,0.0,0.0,0.0,0.0,0.0,0.0,0.0,0.0,0.0,0.0,,0.0,0.0,,,85.0,94.8,85.0,2,0,,0,0.0,2.0,10.0,-8.0,-2.81,3.62,0.0,1.0,0.0,0.0,0.0,7.0,2.0,,,0.0,,,,,,,,,,,,,,,,,,
셀조드 에사놉,우즈베키스탄,우즈베키스탄,MF,23,2003,,1,0,1.0,0.0,0.0,0.0,0.0,0.0,0.0,0.0,0.0,0.0,0.0,0.0,0.0,0.0,0.0,0.0,0.0,,0.0,0.0,,,1.0,0.4,,0,1,1.0,2,0.0,0.0,0.0,0.0,0.0,3.01,0.0,0.0,0.0,0.0,0.0,1.0,0.0,,,0.0,,,,,,,,,,,,,,,,,,
셀조드 나스룰랍,우즈베키스탄,우즈베키스탄,"DF,MF",27,1998,,3,3,180.0,2.0,0.0,0.0,0.0,0.0,0.0,0.0,1.0,0.0,0.0,0.0,0.0,0.0,0.0,1.0,1.0,100.0,0.5,0.5,0.0,0.0,60.0,66.7,60.0,1,0,,0,0.0,1.0,7.0,-6.0,-3.0,0.0,0.0,3.0,2.0,0.0,3.0,2.0,2.0,,,0.0,,,,,,,,,,,,,,,,,,
우말 에시무로돕,우즈베키스탄,우즈베키스탄,DF,33,1992,,0,0,,,,,,,,,,,,,,,,,,,,,,,,,,0,0,,3,,,,,,,,,,,,,,,,,,,,,,,,,,,,,,,,,,
우트킬 이수폽,우즈베키스탄,우즈베키스탄,GK,35,1991,,1,1,90.0,1.0,0.0,0.0,0.0,0.0,0.0,0.0,0.0,0.0,0.0,0.0,0.0,0.0,0.0,0.0,0.0,,0.0,0.0,,,90.0,33.3,90.0,1,0,,2,0.0,1.0,3.0,-2.0,-2.0,1.5,0.0,0.0,1.0,0.0,0.0,0.0,0.0,,,0.0,1.0,1.0,90.0,3.0,3.0,4.0,1.0,25.0,0.0,0.0,1.0,0.0,0.0,0.0,0.0,0.0,0.0,
